2026-03-30 11:10:08.429 -03:00 [INF] User profile is available. Using 'C:\Users\ACPGROUP\AppData\Local\ASP.NET\DataProtection-Keys' as key repository and Windows DPAPI to encrypt keys at rest.
2026-03-30 11:10:08.535 -03:00 [ERR] Hosting failed to start
System.IO.IOException: Failed to bind to address http://127.0.0.1:8080: address already in use.
 ---> Microsoft.AspNetCore.Connections.AddressInUseException: Normalmente é permitida apenas uma utilização de cada endereço de soquete (protocolo/endereço de rede/porta).
 ---> System.Net.Sockets.SocketException (10048): Normalmente é permitida apenas uma utilização de cada endereço de soquete (protocolo/endereço de rede/porta).
   at System.Net.Sockets.Socket.UpdateStatusAfterSocketErrorAndThrowException(SocketError error, Boolean disconnectOnFailure, String callerName)
   at System.Net.Sockets.Socket.DoBind(EndPoint endPointSnapshot, SocketAddress socketAddress)
   at System.Net.Sockets.Socket.Bind(EndPoint localEP)
   at Microsoft.AspNetCore.Server.Kestrel.Transport.Sockets.SocketTransportOptions.CreateDefaultBoundListenSocket(EndPoint endpoint)
   at Microsoft.AspNetCore.Server.Kestrel.Transport.Sockets.SocketConnectionListener.Bind()
   --- End of inner exception stack trace ---
   at Microsoft.AspNetCore.Server.Kestrel.Transport.Sockets.SocketConnectionListener.Bind()
   at Microsoft.AspNetCore.Server.Kestrel.Transport.Sockets.SocketTransportFactory.BindAsync(EndPoint endpoint, CancellationToken cancellationToken)
   at Microsoft.AspNetCore.Server.Kestrel.Core.Internal.Infrastructure.TransportManager.BindAsync(EndPoint endPoint, ConnectionDelegate connectionDelegate, EndpointConfig endpointConfig, CancellationToken cancellationToken)
   at Microsoft.AspNetCore.Server.Kestrel.Core.KestrelServerImpl.<>c__DisplayClass28_0`1.<<StartAsync>g__OnBind|0>d.MoveNext()
--- End of stack trace from previous location ---
   at Microsoft.AspNetCore.Server.Kestrel.Core.Internal.AddressBinder.BindEndpointAsync(ListenOptions endpoint, AddressBindContext context, CancellationToken cancellationToken)
   --- End of inner exception stack trace ---
   at Microsoft.AspNetCore.Server.Kestrel.Core.Internal.AddressBinder.BindEndpointAsync(ListenOptions endpoint, AddressBindContext context, CancellationToken cancellationToken)
   at Microsoft.AspNetCore.Server.Kestrel.Core.LocalhostListenOptions.BindAsync(AddressBindContext context, CancellationToken cancellationToken)
   at Microsoft.AspNetCore.Server.Kestrel.Core.Internal.AddressBinder.AddressesStrategy.BindAsync(AddressBindContext context, CancellationToken cancellationToken)
   at Microsoft.AspNetCore.Server.Kestrel.Core.Internal.AddressBinder.BindAsync(ListenOptions[] listenOptions, AddressBindContext context, Func`2 useHttps, CancellationToken cancellationToken)
   at Microsoft.AspNetCore.Server.Kestrel.Core.KestrelServerImpl.BindAsync(CancellationToken cancellationToken)
   at Microsoft.AspNetCore.Server.Kestrel.Core.KestrelServerImpl.StartAsync[TContext](IHttpApplication`1 application, CancellationToken cancellationToken)
   at Microsoft.AspNetCore.Hosting.GenericWebHostService.StartAsync(CancellationToken cancellationToken)
   at Microsoft.Extensions.Hosting.Internal.Host.<StartAsync>b__15_1(IHostedService service, CancellationToken token)
   at Microsoft.Extensions.Hosting.Internal.Host.ForeachService[T](IEnumerable`1 services, CancellationToken token, Boolean concurrent, Boolean abortOnFirstException, List`1 exceptions, Func`3 operation)
2026-03-30 11:12:21.503 -03:00 [INF] User profile is available. Using 'C:\Users\ACPGROUP\AppData\Local\ASP.NET\DataProtection-Keys' as key repository and Windows DPAPI to encrypt keys at rest.
2026-03-30 11:12:21.574 -03:00 [INF] Now listening on: http://localhost:8080
2026-03-30 11:12:21.577 -03:00 [INF] Application started. Press Ctrl+C to shut down.
2026-03-30 11:12:21.579 -03:00 [INF] Hosting environment: Development
2026-03-30 11:12:21.580 -03:00 [INF] Content root path: C:\Users\ACPGROUP\Desktop\HTML PURO\hidrorec\backend
2026-03-30 11:13:03.633 -03:00 [INF] Request starting HTTP/1.1 GET http://localhost:8080/ - null null
2026-03-30 11:13:03.695 -03:00 [INF] Executing endpoint 'HTTP: GET /'
2026-03-30 11:13:03.705 -03:00 [INF] Executed endpoint 'HTTP: GET /'
2026-03-30 11:13:03.715 -03:00 [INF] HTTP GET / responded 200 in 43.3451 ms
2026-03-30 11:13:03.721 -03:00 [INF] Request finished HTTP/1.1 GET http://localhost:8080/ - 200 null text/html; charset=utf-8 89.8996ms
2026-03-30 11:13:03.727 -03:00 [INF] Request starting HTTP/1.1 GET http://localhost:8080/css/dashboard.css - null null
2026-03-30 11:13:03.727 -03:00 [INF] Request starting HTTP/1.1 GET http://localhost:8080/css/mapa.css - null null
2026-03-30 11:13:03.727 -03:00 [INF] Request starting HTTP/1.1 GET http://localhost:8080/css/layout.css - null null
2026-03-30 11:13:03.727 -03:00 [INF] Request starting HTTP/1.1 GET http://localhost:8080/css/components.css - null null
2026-03-30 11:13:03.729 -03:00 [INF] Request starting HTTP/1.1 GET http://localhost:8080/css/global.css - null null
2026-03-30 11:13:03.729 -03:00 [INF] Request starting HTTP/1.1 GET http://localhost:8080/js/dashboard.js - null null
2026-03-30 11:13:03.742 -03:00 [INF] Sending file. Request path: '/css/dashboard.css'. Physical path: 'C:\Users\ACPGROUP\Desktop\HTML PURO\hidrorec\frontend\css\dashboard.css'
2026-03-30 11:13:03.742 -03:00 [INF] Sending file. Request path: '/css/layout.css'. Physical path: 'C:\Users\ACPGROUP\Desktop\HTML PURO\hidrorec\frontend\css\layout.css'
2026-03-30 11:13:03.742 -03:00 [INF] Sending file. Request path: '/css/mapa.css'. Physical path: 'C:\Users\ACPGROUP\Desktop\HTML PURO\hidrorec\frontend\css\mapa.css'
2026-03-30 11:13:03.742 -03:00 [INF] Sending file. Request path: '/css/components.css'. Physical path: 'C:\Users\ACPGROUP\Desktop\HTML PURO\hidrorec\frontend\css\components.css'
2026-03-30 11:13:03.742 -03:00 [INF] Sending file. Request path: '/css/global.css'. Physical path: 'C:\Users\ACPGROUP\Desktop\HTML PURO\hidrorec\frontend\css\global.css'
2026-03-30 11:13:03.744 -03:00 [INF] HTTP GET /css/dashboard.css responded 200 in 11.8957 ms
2026-03-30 11:13:03.745 -03:00 [INF] HTTP GET /css/layout.css responded 200 in 9.3638 ms
2026-03-30 11:13:03.746 -03:00 [INF] HTTP GET /css/mapa.css responded 200 in 12.8163 ms
2026-03-30 11:13:03.746 -03:00 [INF] CORS policy execution successful.
2026-03-30 11:13:03.747 -03:00 [INF] HTTP GET /css/components.css responded 200 in 9.6621 ms
2026-03-30 11:13:03.748 -03:00 [INF] HTTP GET /css/global.css responded 200 in 7.5539 ms
2026-03-30 11:13:03.750 -03:00 [INF] Request finished HTTP/1.1 GET http://localhost:8080/css/dashboard.css - 200 1426 text/css 22.7737ms
2026-03-30 11:13:03.751 -03:00 [INF] Request finished HTTP/1.1 GET http://localhost:8080/css/layout.css - 200 2220 text/css 24.1228ms
2026-03-30 11:13:03.752 -03:00 [INF] Request finished HTTP/1.1 GET http://localhost:8080/css/mapa.css - 200 1744 text/css 24.9224ms
2026-03-30 11:13:03.755 -03:00 [INF] Sending file. Request path: '/js/dashboard.js'. Physical path: 'C:\Users\ACPGROUP\Desktop\HTML PURO\hidrorec\frontend\js\dashboard.js'
2026-03-30 11:13:03.755 -03:00 [INF] Request finished HTTP/1.1 GET http://localhost:8080/css/components.css - 200 4919 text/css 27.7409ms
2026-03-30 11:13:03.757 -03:00 [INF] Request finished HTTP/1.1 GET http://localhost:8080/css/global.css - 200 2003 text/css 27.5957ms
2026-03-30 11:13:03.762 -03:00 [INF] Request starting HTTP/1.1 GET http://localhost:8080/assets/logo/logo-hidrorec.png - null null
2026-03-30 11:13:03.766 -03:00 [INF] HTTP GET /js/dashboard.js responded 200 in 23.4021 ms
2026-03-30 11:13:03.775 -03:00 [INF] Request finished HTTP/1.1 GET http://localhost:8080/js/dashboard.js - 200 2607 text/javascript 45.7596ms
2026-03-30 11:13:03.776 -03:00 [INF] Sending file. Request path: '/assets/logo/logo-hidrorec.png'. Physical path: 'C:\Users\ACPGROUP\Desktop\HTML PURO\hidrorec\frontend\assets\logo\logo-hidrorec.png'
2026-03-30 11:13:03.780 -03:00 [INF] HTTP GET /assets/logo/logo-hidrorec.png responded 200 in 6.5729 ms
2026-03-30 11:13:03.781 -03:00 [INF] Request finished HTTP/1.1 GET http://localhost:8080/assets/logo/logo-hidrorec.png - 200 378256 image/png 19.4163ms
2026-03-30 11:13:03.798 -03:00 [INF] Request starting HTTP/1.1 GET http://localhost:8080/js/app.js - null null
2026-03-30 11:13:03.798 -03:00 [INF] Request starting HTTP/1.1 GET http://localhost:8080/js/mapa.js - null null
2026-03-30 11:13:03.798 -03:00 [INF] Request starting HTTP/1.1 GET http://localhost:8080/js/api.js - null null
2026-03-30 11:13:03.798 -03:00 [INF] Request starting HTTP/1.1 GET http://localhost:8080/js/utils.js - null null
2026-03-30 11:13:03.801 -03:00 [INF] CORS policy execution successful.
2026-03-30 11:13:03.803 -03:00 [INF] CORS policy execution successful.
2026-03-30 11:13:03.805 -03:00 [INF] CORS policy execution successful.
2026-03-30 11:13:03.808 -03:00 [INF] CORS policy execution successful.
2026-03-30 11:13:03.809 -03:00 [INF] Sending file. Request path: '/js/app.js'. Physical path: 'C:\Users\ACPGROUP\Desktop\HTML PURO\hidrorec\frontend\js\app.js'
2026-03-30 11:13:03.810 -03:00 [INF] Sending file. Request path: '/js/mapa.js'. Physical path: 'C:\Users\ACPGROUP\Desktop\HTML PURO\hidrorec\frontend\js\mapa.js'
2026-03-30 11:13:03.811 -03:00 [INF] Sending file. Request path: '/js/api.js'. Physical path: 'C:\Users\ACPGROUP\Desktop\HTML PURO\hidrorec\frontend\js\api.js'
2026-03-30 11:13:03.812 -03:00 [INF] Sending file. Request path: '/js/utils.js'. Physical path: 'C:\Users\ACPGROUP\Desktop\HTML PURO\hidrorec\frontend\js\utils.js'
2026-03-30 11:13:03.814 -03:00 [INF] HTTP GET /js/app.js responded 200 in 13.3987 ms
2026-03-30 11:13:03.816 -03:00 [INF] HTTP GET /js/mapa.js responded 200 in 12.8161 ms
2026-03-30 11:13:03.817 -03:00 [INF] HTTP GET /js/api.js responded 200 in 11.8394 ms
2026-03-30 11:13:03.820 -03:00 [INF] HTTP GET /js/utils.js responded 200 in 11.7822 ms
2026-03-30 11:13:03.822 -03:00 [INF] Request finished HTTP/1.1 GET http://localhost:8080/js/app.js - 200 109 text/javascript 23.9065ms
2026-03-30 11:13:03.823 -03:00 [INF] Request finished HTTP/1.1 GET http://localhost:8080/js/mapa.js - 200 1133 text/javascript 25.5752ms
2026-03-30 11:13:03.825 -03:00 [INF] Request finished HTTP/1.1 GET http://localhost:8080/js/api.js - 200 3874 text/javascript 27.1592ms
2026-03-30 11:13:03.827 -03:00 [INF] Request finished HTTP/1.1 GET http://localhost:8080/js/utils.js - 200 3076 text/javascript 29.079ms
2026-03-30 11:13:03.837 -03:00 [INF] Request starting HTTP/1.1 GET http://localhost:8080/favicon.ico - null null
2026-03-30 11:13:03.844 -03:00 [INF] Request starting HTTP/1.1 GET http://localhost:8080/api/dashboard/resumo - null null
2026-03-30 11:13:03.849 -03:00 [INF] HTTP GET /favicon.ico responded 404 in 2.3780 ms
2026-03-30 11:13:03.853 -03:00 [INF] Request finished HTTP/1.1 GET http://localhost:8080/favicon.ico - 404 0 null 15.3553ms
2026-03-30 11:13:03.857 -03:00 [INF] Executing endpoint 'HidroRec.Backend.Controllers.DashboardController.GetResumo (HidroRec.Backend)'
2026-03-30 11:13:03.862 -03:00 [INF] Request reached the end of the middleware pipeline without being handled by application code. Request path: GET http://localhost:8080/favicon.ico, Response status code: 404
2026-03-30 11:13:03.879 -03:00 [INF] Route matched with {action = "GetResumo", controller = "Dashboard"}. Executing controller action with signature System.Threading.Tasks.Task`1[Microsoft.AspNetCore.Mvc.ActionResult`1[HidroRec.Backend.Application.DTOs.Common.ApiResponse`1[HidroRec.Backend.Application.DTOs.Dashboard.DashboardResumoDto]]] GetResumo(System.Threading.CancellationToken) on controller HidroRec.Backend.Controllers.DashboardController (HidroRec.Backend).
2026-03-30 11:13:04.069 -03:00 [INF] Executing OkObjectResult, writing value of type 'HidroRec.Backend.Application.DTOs.Common.ApiResponse`1[[HidroRec.Backend.Application.DTOs.Dashboard.DashboardResumoDto, HidroRec.Backend, Version=1.0.0.0, Culture=neutral, PublicKeyToken=null]]'.
2026-03-30 11:13:04.110 -03:00 [INF] Executed action HidroRec.Backend.Controllers.DashboardController.GetResumo (HidroRec.Backend) in 227.0104ms
2026-03-30 11:13:04.112 -03:00 [INF] Executed endpoint 'HidroRec.Backend.Controllers.DashboardController.GetResumo (HidroRec.Backend)'
2026-03-30 11:13:04.115 -03:00 [INF] HTTP GET /api/dashboard/resumo responded 200 in 263.9553 ms
2026-03-30 11:13:04.121 -03:00 [INF] Request finished HTTP/1.1 GET http://localhost:8080/api/dashboard/resumo - 200 null application/json; charset=utf-8 278.7455ms
2026-03-30 11:13:14.515 -03:00 [INF] Request starting HTTP/1.1 GET http://localhost:8080/reporte.html - null null
2026-03-30 11:13:14.518 -03:00 [INF] Sending file. Request path: '/reporte.html'. Physical path: 'C:\Users\ACPGROUP\Desktop\HTML PURO\hidrorec\frontend\reporte.html'
2026-03-30 11:13:14.520 -03:00 [INF] HTTP GET /reporte.html responded 200 in 2.6249 ms
2026-03-30 11:13:14.523 -03:00 [INF] Request finished HTTP/1.1 GET http://localhost:8080/reporte.html - 200 7041 text/html 7.6674ms
2026-03-30 11:13:14.532 -03:00 [INF] Request starting HTTP/1.1 GET http://localhost:8080/css/reporte.css - null null
2026-03-30 11:13:14.533 -03:00 [INF] Request starting HTTP/1.1 GET http://localhost:8080/js/reporte.js - null null
2026-03-30 11:13:14.535 -03:00 [INF] Sending file. Request path: '/css/reporte.css'. Physical path: 'C:\Users\ACPGROUP\Desktop\HTML PURO\hidrorec\frontend\css\reporte.css'
2026-03-30 11:13:14.537 -03:00 [INF] CORS policy execution successful.
2026-03-30 11:13:14.538 -03:00 [INF] HTTP GET /css/reporte.css responded 200 in 3.4734 ms
2026-03-30 11:13:14.541 -03:00 [INF] Sending file. Request path: '/js/reporte.js'. Physical path: 'C:\Users\ACPGROUP\Desktop\HTML PURO\hidrorec\frontend\js\reporte.js'
2026-03-30 11:13:14.541 -03:00 [INF] Request finished HTTP/1.1 GET http://localhost:8080/css/reporte.css - 200 1972 text/css 8.699ms
2026-03-30 11:13:14.542 -03:00 [INF] HTTP GET /js/reporte.js responded 200 in 5.3595 ms
2026-03-30 11:13:14.546 -03:00 [INF] Request finished HTTP/1.1 GET http://localhost:8080/js/reporte.js - 200 4013 text/javascript 13.5071ms
2026-03-30 11:14:15.620 -03:00 [INF] Request starting HTTP/1.1 POST http://localhost:8080/api/reportes - application/json 409
2026-03-30 11:14:15.623 -03:00 [INF] CORS policy execution successful.
2026-03-30 11:14:15.625 -03:00 [INF] Executing endpoint 'HidroRec.Backend.Controllers.ReportesController.Create (HidroRec.Backend)'
2026-03-30 11:14:15.633 -03:00 [INF] Route matched with {action = "Create", controller = "Reportes"}. Executing controller action with signature System.Threading.Tasks.Task`1[Microsoft.AspNetCore.Mvc.ActionResult`1[HidroRec.Backend.Application.DTOs.Common.ApiResponse`1[HidroRec.Backend.Application.DTOs.Reportes.ReporteDto]]] Create(HidroRec.Backend.Application.DTOs.Reportes.CreateReporteRequestDto, System.Threading.CancellationToken) on controller HidroRec.Backend.Controllers.ReportesController (HidroRec.Backend).
2026-03-30 11:14:15.768 -03:00 [INF] Executing BadRequestObjectResult, writing value of type 'Microsoft.AspNetCore.Mvc.ValidationProblemDetails'.
2026-03-30 11:14:15.784 -03:00 [INF] Executed action HidroRec.Backend.Controllers.ReportesController.Create (HidroRec.Backend) in 148.6799ms
2026-03-30 11:14:15.785 -03:00 [INF] Executed endpoint 'HidroRec.Backend.Controllers.ReportesController.Create (HidroRec.Backend)'
2026-03-30 11:14:15.788 -03:00 [INF] HTTP POST /api/reportes responded 400 in 164.7667 ms
2026-03-30 11:14:15.790 -03:00 [INF] Request finished HTTP/1.1 POST http://localhost:8080/api/reportes - 400 null application/problem+json; charset=utf-8 169.7517ms
2026-03-30 11:14:15.792 -03:00 [INF] Request starting HTTP/1.1 OPTIONS http://127.0.0.1:8080/api/reportes - null null
2026-03-30 11:14:15.796 -03:00 [INF] CORS policy execution successful.
2026-03-30 11:14:15.798 -03:00 [INF] HTTP OPTIONS /api/reportes responded 204 in 2.4335 ms
2026-03-30 11:14:15.800 -03:00 [INF] Request finished HTTP/1.1 OPTIONS http://127.0.0.1:8080/api/reportes - 204 null null 8.0213ms
2026-03-30 11:14:15.804 -03:00 [INF] Request starting HTTP/1.1 POST http://127.0.0.1:8080/api/reportes - application/json 409
2026-03-30 11:14:15.808 -03:00 [INF] CORS policy execution successful.
2026-03-30 11:14:15.811 -03:00 [INF] Executing endpoint 'HidroRec.Backend.Controllers.ReportesController.Create (HidroRec.Backend)'
2026-03-30 11:14:15.812 -03:00 [INF] Route matched with {action = "Create", controller = "Reportes"}. Executing controller action with signature System.Threading.Tasks.Task`1[Microsoft.AspNetCore.Mvc.ActionResult`1[HidroRec.Backend.Application.DTOs.Common.ApiResponse`1[HidroRec.Backend.Application.DTOs.Reportes.ReporteDto]]] Create(HidroRec.Backend.Application.DTOs.Reportes.CreateReporteRequestDto, System.Threading.CancellationToken) on controller HidroRec.Backend.Controllers.ReportesController (HidroRec.Backend).
2026-03-30 11:14:15.817 -03:00 [INF] Executing BadRequestObjectResult, writing value of type 'Microsoft.AspNetCore.Mvc.ValidationProblemDetails'.
2026-03-30 11:14:15.819 -03:00 [INF] Executed action HidroRec.Backend.Controllers.ReportesController.Create (HidroRec.Backend) in 4.93ms
2026-03-30 11:14:15.820 -03:00 [INF] Executed endpoint 'HidroRec.Backend.Controllers.ReportesController.Create (HidroRec.Backend)'
2026-03-30 11:14:15.822 -03:00 [INF] HTTP POST /api/reportes responded 400 in 13.7248 ms
2026-03-30 11:14:15.824 -03:00 [INF] Request finished HTTP/1.1 POST http://127.0.0.1:8080/api/reportes - 400 null application/problem+json; charset=utf-8 19.7654ms
2026-03-30 11:14:20.453 -03:00 [INF] Request starting HTTP/1.1 POST http://localhost:8080/api/reportes - application/json 409
2026-03-30 11:14:20.461 -03:00 [INF] CORS policy execution successful.
2026-03-30 11:14:20.463 -03:00 [INF] Executing endpoint 'HidroRec.Backend.Controllers.ReportesController.Create (HidroRec.Backend)'
2026-03-30 11:14:20.466 -03:00 [INF] Route matched with {action = "Create", controller = "Reportes"}. Executing controller action with signature System.Threading.Tasks.Task`1[Microsoft.AspNetCore.Mvc.ActionResult`1[HidroRec.Backend.Application.DTOs.Common.ApiResponse`1[HidroRec.Backend.Application.DTOs.Reportes.ReporteDto]]] Create(HidroRec.Backend.Application.DTOs.Reportes.CreateReporteRequestDto, System.Threading.CancellationToken) on controller HidroRec.Backend.Controllers.ReportesController (HidroRec.Backend).
2026-03-30 11:14:20.478 -03:00 [INF] Executing BadRequestObjectResult, writing value of type 'Microsoft.AspNetCore.Mvc.ValidationProblemDetails'.
2026-03-30 11:14:20.479 -03:00 [INF] Executed action HidroRec.Backend.Controllers.ReportesController.Create (HidroRec.Backend) in 8.6903ms
2026-03-30 11:14:20.481 -03:00 [INF] Executed endpoint 'HidroRec.Backend.Controllers.ReportesController.Create (HidroRec.Backend)'
2026-03-30 11:14:20.482 -03:00 [INF] HTTP POST /api/reportes responded 400 in 21.6756 ms
2026-03-30 11:14:20.485 -03:00 [INF] Request finished HTTP/1.1 POST http://localhost:8080/api/reportes - 400 null application/problem+json; charset=utf-8 31.9143ms
2026-03-30 11:14:20.487 -03:00 [INF] Request starting HTTP/1.1 POST http://127.0.0.1:8080/api/reportes - application/json 409
2026-03-30 11:14:20.492 -03:00 [INF] CORS policy execution successful.
2026-03-30 11:14:20.493 -03:00 [INF] Executing endpoint 'HidroRec.Backend.Controllers.ReportesController.Create (HidroRec.Backend)'
2026-03-30 11:14:20.494 -03:00 [INF] Route matched with {action = "Create", controller = "Reportes"}. Executing controller action with signature System.Threading.Tasks.Task`1[Microsoft.AspNetCore.Mvc.ActionResult`1[HidroRec.Backend.Application.DTOs.Common.ApiResponse`1[HidroRec.Backend.Application.DTOs.Reportes.ReporteDto]]] Create(HidroRec.Backend.Application.DTOs.Reportes.CreateReporteRequestDto, System.Threading.CancellationToken) on controller HidroRec.Backend.Controllers.ReportesController (HidroRec.Backend).
2026-03-30 11:14:20.499 -03:00 [INF] Executing BadRequestObjectResult, writing value of type 'Microsoft.AspNetCore.Mvc.ValidationProblemDetails'.
2026-03-30 11:14:20.501 -03:00 [INF] Executed action HidroRec.Backend.Controllers.ReportesController.Create (HidroRec.Backend) in 3.6346ms
2026-03-30 11:14:20.504 -03:00 [INF] Executed endpoint 'HidroRec.Backend.Controllers.ReportesController.Create (HidroRec.Backend)'
2026-03-30 11:14:20.506 -03:00 [INF] HTTP POST /api/reportes responded 400 in 14.1307 ms
2026-03-30 11:14:20.508 -03:00 [INF] Request finished HTTP/1.1 POST http://127.0.0.1:8080/api/reportes - 400 null application/problem+json; charset=utf-8 21.3056ms
2026-03-30 11:15:41.808 -03:00 [INF] Request starting HTTP/1.1 GET http://localhost:8080/alertas.html - null null
2026-03-30 11:15:41.811 -03:00 [INF] Sending file. Request path: '/alertas.html'. Physical path: 'C:\Users\ACPGROUP\Desktop\HTML PURO\hidrorec\frontend\alertas.html'
2026-03-30 11:15:41.813 -03:00 [INF] HTTP GET /alertas.html responded 200 in 2.6899 ms
2026-03-30 11:15:41.816 -03:00 [INF] Request finished HTTP/1.1 GET http://localhost:8080/alertas.html - 200 2924 text/html 8.3166ms
2026-03-30 11:15:41.826 -03:00 [INF] Request starting HTTP/1.1 GET http://localhost:8080/css/alertas.css - null null
2026-03-30 11:15:41.827 -03:00 [INF] Request starting HTTP/1.1 GET http://localhost:8080/css/components.css - null null
2026-03-30 11:15:41.828 -03:00 [INF] Request starting HTTP/1.1 GET http://localhost:8080/js/alertas.js - null null
2026-03-30 11:15:41.831 -03:00 [INF] Sending file. Request path: '/css/alertas.css'. Physical path: 'C:\Users\ACPGROUP\Desktop\HTML PURO\hidrorec\frontend\css\alertas.css'
2026-03-30 11:15:41.834 -03:00 [INF] The file /css/components.css was not modified
2026-03-30 11:15:41.834 -03:00 [INF] CORS policy execution successful.
2026-03-30 11:15:41.836 -03:00 [INF] HTTP GET /css/alertas.css responded 200 in 6.3304 ms
2026-03-30 11:15:41.837 -03:00 [INF] HTTP GET /css/components.css responded 304 in 5.1121 ms
2026-03-30 11:15:41.839 -03:00 [INF] Sending file. Request path: '/js/alertas.js'. Physical path: 'C:\Users\ACPGROUP\Desktop\HTML PURO\hidrorec\frontend\js\alertas.js'
2026-03-30 11:15:41.840 -03:00 [INF] Request finished HTTP/1.1 GET http://localhost:8080/css/alertas.css - 200 621 text/css 13.7933ms
2026-03-30 11:15:41.843 -03:00 [INF] Request finished HTTP/1.1 GET http://localhost:8080/css/components.css - 304 null text/css 16.0771ms
2026-03-30 11:15:41.845 -03:00 [INF] HTTP GET /js/alertas.js responded 200 in 10.0605 ms
2026-03-30 11:15:41.851 -03:00 [INF] Request finished HTTP/1.1 GET http://localhost:8080/js/alertas.js - 200 1404 text/javascript 23.5522ms
2026-03-30 11:15:41.854 -03:00 [INF] Request starting HTTP/1.1 GET http://localhost:8080/js/api.js - null null
2026-03-30 11:15:41.856 -03:00 [INF] CORS policy execution successful.
2026-03-30 11:15:41.858 -03:00 [INF] Sending file. Request path: '/js/api.js'. Physical path: 'C:\Users\ACPGROUP\Desktop\HTML PURO\hidrorec\frontend\js\api.js'
2026-03-30 11:15:41.860 -03:00 [INF] HTTP GET /js/api.js responded 200 in 3.9690 ms
2026-03-30 11:15:41.862 -03:00 [INF] Request finished HTTP/1.1 GET http://localhost:8080/js/api.js - 200 4590 text/javascript 8.0709ms
2026-03-30 11:15:41.865 -03:00 [INF] Request starting HTTP/1.1 GET http://localhost:8080/api/alertas/ativos - null null
2026-03-30 11:15:41.868 -03:00 [INF] Executing endpoint 'HidroRec.Backend.Controllers.AlertasController.GetAtivos (HidroRec.Backend)'
2026-03-30 11:15:41.873 -03:00 [INF] Route matched with {action = "GetAtivos", controller = "Alertas"}. Executing controller action with signature System.Threading.Tasks.Task`1[Microsoft.AspNetCore.Mvc.ActionResult`1[HidroRec.Backend.Application.DTOs.Common.ApiResponse`1[System.Collections.Generic.IReadOnlyCollection`1[HidroRec.Backend.Application.DTOs.Alertas.AlertaDto]]]] GetAtivos(System.String, System.Threading.CancellationToken) on controller HidroRec.Backend.Controllers.AlertasController (HidroRec.Backend).
2026-03-30 11:15:42.087 -03:00 [INF] Executing OkObjectResult, writing value of type 'HidroRec.Backend.Application.DTOs.Common.ApiResponse`1[[System.Collections.Generic.IReadOnlyCollection`1[[HidroRec.Backend.Application.DTOs.Alertas.AlertaDto, HidroRec.Backend, Version=1.0.0.0, Culture=neutral, PublicKeyToken=null]], System.Private.CoreLib, Version=8.0.0.0, Culture=neutral, PublicKeyToken=7cec85d7bea7798e]]'.
2026-03-30 11:15:42.096 -03:00 [INF] Executed action HidroRec.Backend.Controllers.AlertasController.GetAtivos (HidroRec.Backend) in 220.6665ms
2026-03-30 11:15:42.099 -03:00 [INF] Executed endpoint 'HidroRec.Backend.Controllers.AlertasController.GetAtivos (HidroRec.Backend)'
2026-03-30 11:15:42.102 -03:00 [INF] HTTP GET /api/alertas/ativos responded 200 in 233.3776 ms
2026-03-30 11:15:42.106 -03:00 [INF] Request finished HTTP/1.1 GET http://localhost:8080/api/alertas/ativos - 200 null application/json; charset=utf-8 240.3345ms
2026-03-30 11:15:47.573 -03:00 [INF] Request starting HTTP/1.1 GET http://localhost:8080/previsoes.html - null null
2026-03-30 11:15:47.577 -03:00 [INF] Sending file. Request path: '/previsoes.html'. Physical path: 'C:\Users\ACPGROUP\Desktop\HTML PURO\hidrorec\frontend\previsoes.html'
2026-03-30 11:15:47.579 -03:00 [INF] HTTP GET /previsoes.html responded 200 in 2.7580 ms
2026-03-30 11:15:47.584 -03:00 [INF] Request finished HTTP/1.1 GET http://localhost:8080/previsoes.html - 200 2553 text/html 9.5283ms
2026-03-30 11:15:47.593 -03:00 [INF] Request starting HTTP/1.1 GET http://localhost:8080/css/previsoes.css - null null
2026-03-30 11:15:47.594 -03:00 [INF] Request starting HTTP/1.1 GET http://localhost:8080/js/previsoes.js - null null
2026-03-30 11:15:47.598 -03:00 [INF] Sending file. Request path: '/css/previsoes.css'. Physical path: 'C:\Users\ACPGROUP\Desktop\HTML PURO\hidrorec\frontend\css\previsoes.css'
2026-03-30 11:15:47.600 -03:00 [INF] CORS policy execution successful.
2026-03-30 11:15:47.601 -03:00 [INF] HTTP GET /css/previsoes.css responded 200 in 4.8355 ms
2026-03-30 11:15:47.603 -03:00 [INF] Sending file. Request path: '/js/previsoes.js'. Physical path: 'C:\Users\ACPGROUP\Desktop\HTML PURO\hidrorec\frontend\js\previsoes.js'
2026-03-30 11:15:47.604 -03:00 [INF] Request finished HTTP/1.1 GET http://localhost:8080/css/previsoes.css - 200 360 text/css 11.048ms
2026-03-30 11:15:47.605 -03:00 [INF] HTTP GET /js/previsoes.js responded 200 in 5.3392 ms
2026-03-30 11:15:47.611 -03:00 [INF] Request finished HTTP/1.1 GET http://localhost:8080/js/previsoes.js - 200 1338 text/javascript 17.2648ms
2026-03-30 11:15:47.615 -03:00 [INF] Request starting HTTP/1.1 GET http://localhost:8080/js/api.js - null null
2026-03-30 11:15:47.618 -03:00 [INF] CORS policy execution successful.
2026-03-30 11:15:47.620 -03:00 [INF] The file /js/api.js was not modified
2026-03-30 11:15:47.621 -03:00 [INF] HTTP GET /js/api.js responded 304 in 2.9368 ms
2026-03-30 11:15:47.624 -03:00 [INF] Request finished HTTP/1.1 GET http://localhost:8080/js/api.js - 304 null text/javascript 8.9356ms
2026-03-30 11:15:47.633 -03:00 [INF] Request starting HTTP/1.1 GET http://localhost:8080/api/previsoes - null null
2026-03-30 11:15:47.636 -03:00 [INF] Executing endpoint 'HidroRec.Backend.Controllers.PrevisoesController.GetResumo (HidroRec.Backend)'
2026-03-30 11:15:47.642 -03:00 [INF] Route matched with {action = "GetResumo", controller = "Previsoes"}. Executing controller action with signature System.Threading.Tasks.Task`1[Microsoft.AspNetCore.Mvc.ActionResult`1[HidroRec.Backend.Application.DTOs.Common.ApiResponse`1[HidroRec.Backend.Application.DTOs.Previsoes.PrevisaoResumoDto]]] GetResumo(System.Threading.CancellationToken) on controller HidroRec.Backend.Controllers.PrevisoesController (HidroRec.Backend).
2026-03-30 11:15:47.649 -03:00 [INF] Executing OkObjectResult, writing value of type 'HidroRec.Backend.Application.DTOs.Common.ApiResponse`1[[HidroRec.Backend.Application.DTOs.Previsoes.PrevisaoResumoDto, HidroRec.Backend, Version=1.0.0.0, Culture=neutral, PublicKeyToken=null]]'.
2026-03-30 11:15:47.656 -03:00 [INF] Executed action HidroRec.Backend.Controllers.PrevisoesController.GetResumo (HidroRec.Backend) in 10.513ms
2026-03-30 11:15:47.657 -03:00 [INF] Executed endpoint 'HidroRec.Backend.Controllers.PrevisoesController.GetResumo (HidroRec.Backend)'
2026-03-30 11:15:47.658 -03:00 [INF] HTTP GET /api/previsoes responded 200 in 22.3628 ms
2026-03-30 11:15:47.661 -03:00 [INF] Request finished HTTP/1.1 GET http://localhost:8080/api/previsoes - 200 null application/json; charset=utf-8 28.1763ms
2026-03-30 11:15:52.408 -03:00 [INF] Request starting HTTP/1.1 GET http://localhost:8080/index.html - null null
2026-03-30 11:15:52.411 -03:00 [INF] Sending file. Request path: '/index.html'. Physical path: 'C:\Users\ACPGROUP\Desktop\HTML PURO\hidrorec\frontend\index.html'
2026-03-30 11:15:52.412 -03:00 [INF] HTTP GET /index.html responded 200 in 1.9942 ms
2026-03-30 11:15:52.414 -03:00 [INF] Request finished HTTP/1.1 GET http://localhost:8080/index.html - 200 4670 text/html 6.2199ms
2026-03-30 11:15:52.423 -03:00 [INF] Request starting HTTP/1.1 GET http://localhost:8080/js/api.js - null null
2026-03-30 11:15:52.426 -03:00 [INF] CORS policy execution successful.
2026-03-30 11:15:52.427 -03:00 [INF] The file /js/api.js was not modified
2026-03-30 11:15:52.428 -03:00 [INF] HTTP GET /js/api.js responded 304 in 1.8896 ms
2026-03-30 11:15:52.429 -03:00 [INF] Request finished HTTP/1.1 GET http://localhost:8080/js/api.js - 304 null text/javascript 6.0006ms
2026-03-30 11:15:52.433 -03:00 [INF] Request starting HTTP/1.1 GET http://localhost:8080/api/dashboard/resumo - null null
2026-03-30 11:15:52.437 -03:00 [INF] Executing endpoint 'HidroRec.Backend.Controllers.DashboardController.GetResumo (HidroRec.Backend)'
2026-03-30 11:15:52.439 -03:00 [INF] Route matched with {action = "GetResumo", controller = "Dashboard"}. Executing controller action with signature System.Threading.Tasks.Task`1[Microsoft.AspNetCore.Mvc.ActionResult`1[HidroRec.Backend.Application.DTOs.Common.ApiResponse`1[HidroRec.Backend.Application.DTOs.Dashboard.DashboardResumoDto]]] GetResumo(System.Threading.CancellationToken) on controller HidroRec.Backend.Controllers.DashboardController (HidroRec.Backend).
2026-03-30 11:15:52.452 -03:00 [INF] Executing OkObjectResult, writing value of type 'HidroRec.Backend.Application.DTOs.Common.ApiResponse`1[[HidroRec.Backend.Application.DTOs.Dashboard.DashboardResumoDto, HidroRec.Backend, Version=1.0.0.0, Culture=neutral, PublicKeyToken=null]]'.
2026-03-30 11:15:52.456 -03:00 [INF] Executed action HidroRec.Backend.Controllers.DashboardController.GetResumo (HidroRec.Backend) in 15.0402ms
2026-03-30 11:15:52.458 -03:00 [INF] Executed endpoint 'HidroRec.Backend.Controllers.DashboardController.GetResumo (HidroRec.Backend)'
2026-03-30 11:15:52.460 -03:00 [INF] HTTP GET /api/dashboard/resumo responded 200 in 22.5741 ms
2026-03-30 11:15:52.464 -03:00 [INF] Request finished HTTP/1.1 GET http://localhost:8080/api/dashboard/resumo - 200 null application/json; charset=utf-8 31.066ms
2026-03-30 11:16:02.145 -03:00 [INF] Request starting HTTP/1.1 GET http://localhost:8080/.well-known/appspecific/com.chrome.devtools.json - null null
2026-03-30 11:16:02.196 -03:00 [INF] HTTP GET /.well-known/appspecific/com.chrome.devtools.json responded 404 in 1.8840 ms
2026-03-30 11:16:02.266 -03:00 [INF] Request finished HTTP/1.1 GET http://localhost:8080/.well-known/appspecific/com.chrome.devtools.json - 404 0 null 120.6285ms
2026-03-30 11:16:02.681 -03:00 [INF] Request reached the end of the middleware pipeline without being handled by application code. Request path: GET http://localhost:8080/.well-known/appspecific/com.chrome.devtools.json, Response status code: 404
2026-03-30 11:17:04.091 -03:00 [INF] Application is shutting down...
2026-03-30 11:17:09.753 -03:00 [INF] User profile is available. Using 'C:\Users\ACPGROUP\AppData\Local\ASP.NET\DataProtection-Keys' as key repository and Windows DPAPI to encrypt keys at rest.
2026-03-30 11:17:09.823 -03:00 [INF] Now listening on: http://localhost:8080
2026-03-30 11:17:09.827 -03:00 [INF] Application started. Press Ctrl+C to shut down.
2026-03-30 11:17:09.830 -03:00 [INF] Hosting environment: Development
2026-03-30 11:17:09.831 -03:00 [INF] Content root path: C:\Users\ACPGROUP\Desktop\HTML PURO\hidrorec\backend
2026-03-30 11:17:18.559 -03:00 [INF] Request starting HTTP/1.1 GET http://localhost:8080/ - null null
2026-03-30 11:17:18.652 -03:00 [INF] Executing endpoint 'HTTP: GET /'
2026-03-30 11:17:18.663 -03:00 [INF] Executed endpoint 'HTTP: GET /'
2026-03-30 11:17:18.671 -03:00 [INF] HTTP GET / responded 200 in 66.0320 ms
2026-03-30 11:17:18.677 -03:00 [INF] Request finished HTTP/1.1 GET http://localhost:8080/ - 200 null text/html; charset=utf-8 120.3101ms
2026-03-30 11:17:18.688 -03:00 [INF] Request starting HTTP/1.1 GET http://localhost:8080/css/components.css - null null
2026-03-30 11:17:18.688 -03:00 [INF] Request starting HTTP/1.1 GET http://localhost:8080/js/dashboard.js - null null
2026-03-30 11:17:18.698 -03:00 [INF] The file /css/components.css was not modified
2026-03-30 11:17:18.699 -03:00 [INF] CORS policy execution successful.
2026-03-30 11:17:18.700 -03:00 [INF] HTTP GET /css/components.css responded 304 in 6.9139 ms
2026-03-30 11:17:18.703 -03:00 [INF] The file /js/dashboard.js was not modified
2026-03-30 11:17:18.703 -03:00 [INF] Request finished HTTP/1.1 GET http://localhost:8080/css/components.css - 304 null text/css 14.8084ms
2026-03-30 11:17:18.704 -03:00 [INF] HTTP GET /js/dashboard.js responded 304 in 8.9834 ms
2026-03-30 11:17:18.711 -03:00 [INF] Request finished HTTP/1.1 GET http://localhost:8080/js/dashboard.js - 304 null text/javascript 22.2448ms
2026-03-30 11:17:18.752 -03:00 [INF] Request starting HTTP/1.1 GET http://localhost:8080/js/api.js - null null
2026-03-30 11:17:18.755 -03:00 [INF] CORS policy execution successful.
2026-03-30 11:17:18.757 -03:00 [INF] The file /js/api.js was not modified
2026-03-30 11:17:18.758 -03:00 [INF] HTTP GET /js/api.js responded 304 in 3.4243 ms
2026-03-30 11:17:18.762 -03:00 [INF] Request finished HTTP/1.1 GET http://localhost:8080/js/api.js - 304 null text/javascript 10.1557ms
2026-03-30 11:17:18.769 -03:00 [INF] Request starting HTTP/1.1 GET http://localhost:8080/api/dashboard/resumo - null null
2026-03-30 11:17:18.775 -03:00 [INF] Executing endpoint 'HidroRec.Backend.Controllers.DashboardController.GetResumo (HidroRec.Backend)'
2026-03-30 11:17:18.808 -03:00 [INF] Route matched with {action = "GetResumo", controller = "Dashboard"}. Executing controller action with signature System.Threading.Tasks.Task`1[Microsoft.AspNetCore.Mvc.ActionResult`1[HidroRec.Backend.Application.DTOs.Common.ApiResponse`1[HidroRec.Backend.Application.DTOs.Dashboard.DashboardResumoDto]]] GetResumo(System.Threading.CancellationToken) on controller HidroRec.Backend.Controllers.DashboardController (HidroRec.Backend).
2026-03-30 11:17:19.025 -03:00 [INF] Executing OkObjectResult, writing value of type 'HidroRec.Backend.Application.DTOs.Common.ApiResponse`1[[HidroRec.Backend.Application.DTOs.Dashboard.DashboardResumoDto, HidroRec.Backend, Version=1.0.0.0, Culture=neutral, PublicKeyToken=null]]'.
2026-03-30 11:17:19.097 -03:00 [INF] Executed action HidroRec.Backend.Controllers.DashboardController.GetResumo (HidroRec.Backend) in 283.4052ms
2026-03-30 11:17:19.100 -03:00 [INF] Executed endpoint 'HidroRec.Backend.Controllers.DashboardController.GetResumo (HidroRec.Backend)'
2026-03-30 11:17:19.103 -03:00 [INF] HTTP GET /api/dashboard/resumo responded 200 in 329.6956 ms
2026-03-30 11:17:19.111 -03:00 [INF] Request finished HTTP/1.1 GET http://localhost:8080/api/dashboard/resumo - 200 null application/json; charset=utf-8 341.1338ms
2026-03-30 11:17:46.358 -03:00 [INF] Request starting HTTP/1.1 POST http://localhost:8080/api/reportes - application/json 394
2026-03-30 11:17:46.364 -03:00 [INF] CORS policy execution successful.
2026-03-30 11:17:46.369 -03:00 [INF] Executing endpoint 'HidroRec.Backend.Controllers.ReportesController.Create (HidroRec.Backend)'
2026-03-30 11:17:46.377 -03:00 [INF] Route matched with {action = "Create", controller = "Reportes"}. Executing controller action with signature System.Threading.Tasks.Task`1[Microsoft.AspNetCore.Mvc.ActionResult`1[HidroRec.Backend.Application.DTOs.Common.ApiResponse`1[HidroRec.Backend.Application.DTOs.Reportes.ReporteDto]]] Create(HidroRec.Backend.Application.DTOs.Reportes.CreateReporteRequestDto, System.Threading.CancellationToken) on controller HidroRec.Backend.Controllers.ReportesController (HidroRec.Backend).
2026-03-30 11:17:46.568 -03:00 [INF] Executing BadRequestObjectResult, writing value of type 'Microsoft.AspNetCore.Mvc.ValidationProblemDetails'.
2026-03-30 11:17:46.595 -03:00 [INF] Executed action HidroRec.Backend.Controllers.ReportesController.Create (HidroRec.Backend) in 215.0041ms
2026-03-30 11:17:46.598 -03:00 [INF] Executed endpoint 'HidroRec.Backend.Controllers.ReportesController.Create (HidroRec.Backend)'
2026-03-30 11:17:46.600 -03:00 [INF] HTTP POST /api/reportes responded 400 in 236.8069 ms
2026-03-30 11:17:46.602 -03:00 [INF] Request finished HTTP/1.1 POST http://localhost:8080/api/reportes - 400 null application/problem+json; charset=utf-8 244.3882ms
2026-03-30 11:17:46.605 -03:00 [INF] Request starting HTTP/1.1 OPTIONS http://127.0.0.1:8080/api/reportes - null null
2026-03-30 11:17:46.608 -03:00 [INF] CORS policy execution successful.
2026-03-30 11:17:46.610 -03:00 [INF] HTTP OPTIONS /api/reportes responded 204 in 2.1557 ms
2026-03-30 11:17:46.613 -03:00 [INF] Request finished HTTP/1.1 OPTIONS http://127.0.0.1:8080/api/reportes - 204 null null 7.9877ms
2026-03-30 11:17:46.618 -03:00 [INF] Request starting HTTP/1.1 POST http://127.0.0.1:8080/api/reportes - application/json 394
2026-03-30 11:17:46.620 -03:00 [INF] CORS policy execution successful.
2026-03-30 11:17:46.621 -03:00 [INF] Executing endpoint 'HidroRec.Backend.Controllers.ReportesController.Create (HidroRec.Backend)'
2026-03-30 11:17:46.622 -03:00 [INF] Route matched with {action = "Create", controller = "Reportes"}. Executing controller action with signature System.Threading.Tasks.Task`1[Microsoft.AspNetCore.Mvc.ActionResult`1[HidroRec.Backend.Application.DTOs.Common.ApiResponse`1[HidroRec.Backend.Application.DTOs.Reportes.ReporteDto]]] Create(HidroRec.Backend.Application.DTOs.Reportes.CreateReporteRequestDto, System.Threading.CancellationToken) on controller HidroRec.Backend.Controllers.ReportesController (HidroRec.Backend).
2026-03-30 11:17:46.628 -03:00 [INF] Executing BadRequestObjectResult, writing value of type 'Microsoft.AspNetCore.Mvc.ValidationProblemDetails'.
2026-03-30 11:17:46.631 -03:00 [INF] Executed action HidroRec.Backend.Controllers.ReportesController.Create (HidroRec.Backend) in 5.7376ms
2026-03-30 11:17:46.632 -03:00 [INF] Executed endpoint 'HidroRec.Backend.Controllers.ReportesController.Create (HidroRec.Backend)'
2026-03-30 11:17:46.633 -03:00 [INF] HTTP POST /api/reportes responded 400 in 12.9660 ms
2026-03-30 11:17:46.636 -03:00 [INF] Request finished HTTP/1.1 POST http://127.0.0.1:8080/api/reportes - 400 null application/problem+json; charset=utf-8 17.5304ms
2026-03-30 11:17:51.603 -03:00 [INF] Request starting HTTP/1.1 POST http://localhost:8080/api/reportes - application/json 394
2026-03-30 11:17:51.605 -03:00 [INF] CORS policy execution successful.
2026-03-30 11:17:51.607 -03:00 [INF] Executing endpoint 'HidroRec.Backend.Controllers.ReportesController.Create (HidroRec.Backend)'
2026-03-30 11:17:51.608 -03:00 [INF] Route matched with {action = "Create", controller = "Reportes"}. Executing controller action with signature System.Threading.Tasks.Task`1[Microsoft.AspNetCore.Mvc.ActionResult`1[HidroRec.Backend.Application.DTOs.Common.ApiResponse`1[HidroRec.Backend.Application.DTOs.Reportes.ReporteDto]]] Create(HidroRec.Backend.Application.DTOs.Reportes.CreateReporteRequestDto, System.Threading.CancellationToken) on controller HidroRec.Backend.Controllers.ReportesController (HidroRec.Backend).
2026-03-30 11:17:51.618 -03:00 [INF] Executing BadRequestObjectResult, writing value of type 'Microsoft.AspNetCore.Mvc.ValidationProblemDetails'.
2026-03-30 11:17:51.620 -03:00 [INF] Executed action HidroRec.Backend.Controllers.ReportesController.Create (HidroRec.Backend) in 7.1528ms
2026-03-30 11:17:51.622 -03:00 [INF] Executed endpoint 'HidroRec.Backend.Controllers.ReportesController.Create (HidroRec.Backend)'
2026-03-30 11:17:51.623 -03:00 [INF] HTTP POST /api/reportes responded 400 in 17.7079 ms
2026-03-30 11:17:51.625 -03:00 [INF] Request finished HTTP/1.1 POST http://localhost:8080/api/reportes - 400 null application/problem+json; charset=utf-8 22.126ms
2026-03-30 11:17:51.627 -03:00 [INF] Request starting HTTP/1.1 OPTIONS http://127.0.0.1:8080/api/reportes - null null
2026-03-30 11:17:51.633 -03:00 [INF] CORS policy execution successful.
2026-03-30 11:17:51.634 -03:00 [INF] HTTP OPTIONS /api/reportes responded 204 in 1.0691 ms
2026-03-30 11:17:51.636 -03:00 [INF] Request finished HTTP/1.1 OPTIONS http://127.0.0.1:8080/api/reportes - 204 null null 8.8641ms
2026-03-30 11:17:51.639 -03:00 [INF] Request starting HTTP/1.1 POST http://127.0.0.1:8080/api/reportes - application/json 394
2026-03-30 11:17:51.643 -03:00 [INF] CORS policy execution successful.
2026-03-30 11:17:51.645 -03:00 [INF] Executing endpoint 'HidroRec.Backend.Controllers.ReportesController.Create (HidroRec.Backend)'
2026-03-30 11:17:51.646 -03:00 [INF] Route matched with {action = "Create", controller = "Reportes"}. Executing controller action with signature System.Threading.Tasks.Task`1[Microsoft.AspNetCore.Mvc.ActionResult`1[HidroRec.Backend.Application.DTOs.Common.ApiResponse`1[HidroRec.Backend.Application.DTOs.Reportes.ReporteDto]]] Create(HidroRec.Backend.Application.DTOs.Reportes.CreateReporteRequestDto, System.Threading.CancellationToken) on controller HidroRec.Backend.Controllers.ReportesController (HidroRec.Backend).
2026-03-30 11:17:51.649 -03:00 [INF] Executing BadRequestObjectResult, writing value of type 'Microsoft.AspNetCore.Mvc.ValidationProblemDetails'.
2026-03-30 11:17:51.651 -03:00 [INF] Executed action HidroRec.Backend.Controllers.ReportesController.Create (HidroRec.Backend) in 2.6001ms
2026-03-30 11:17:51.653 -03:00 [INF] Executed endpoint 'HidroRec.Backend.Controllers.ReportesController.Create (HidroRec.Backend)'
2026-03-30 11:17:51.653 -03:00 [INF] HTTP POST /api/reportes responded 400 in 10.6726 ms
2026-03-30 11:17:51.655 -03:00 [INF] Request finished HTTP/1.1 POST http://127.0.0.1:8080/api/reportes - 400 null application/problem+json; charset=utf-8 15.6439ms
2026-03-30 11:17:56.056 -03:00 [INF] Request starting HTTP/1.1 POST http://localhost:8080/api/reportes - application/json 394
2026-03-30 11:17:56.063 -03:00 [INF] CORS policy execution successful.
2026-03-30 11:17:56.066 -03:00 [INF] Executing endpoint 'HidroRec.Backend.Controllers.ReportesController.Create (HidroRec.Backend)'
2026-03-30 11:17:56.068 -03:00 [INF] Route matched with {action = "Create", controller = "Reportes"}. Executing controller action with signature System.Threading.Tasks.Task`1[Microsoft.AspNetCore.Mvc.ActionResult`1[HidroRec.Backend.Application.DTOs.Common.ApiResponse`1[HidroRec.Backend.Application.DTOs.Reportes.ReporteDto]]] Create(HidroRec.Backend.Application.DTOs.Reportes.CreateReporteRequestDto, System.Threading.CancellationToken) on controller HidroRec.Backend.Controllers.ReportesController (HidroRec.Backend).
2026-03-30 11:17:56.076 -03:00 [INF] Executing BadRequestObjectResult, writing value of type 'Microsoft.AspNetCore.Mvc.ValidationProblemDetails'.
2026-03-30 11:17:56.079 -03:00 [INF] Executed action HidroRec.Backend.Controllers.ReportesController.Create (HidroRec.Backend) in 6.5463ms
2026-03-30 11:17:56.081 -03:00 [INF] Executed endpoint 'HidroRec.Backend.Controllers.ReportesController.Create (HidroRec.Backend)'
2026-03-30 11:17:56.082 -03:00 [INF] HTTP POST /api/reportes responded 400 in 19.8155 ms
2026-03-30 11:17:56.086 -03:00 [INF] Request finished HTTP/1.1 POST http://localhost:8080/api/reportes - 400 null application/problem+json; charset=utf-8 30.3727ms
2026-03-30 11:17:56.089 -03:00 [INF] Request starting HTTP/1.1 POST http://127.0.0.1:8080/api/reportes - application/json 394
2026-03-30 11:17:56.095 -03:00 [INF] CORS policy execution successful.
2026-03-30 11:17:56.097 -03:00 [INF] Executing endpoint 'HidroRec.Backend.Controllers.ReportesController.Create (HidroRec.Backend)'
2026-03-30 11:17:56.098 -03:00 [INF] Route matched with {action = "Create", controller = "Reportes"}. Executing controller action with signature System.Threading.Tasks.Task`1[Microsoft.AspNetCore.Mvc.ActionResult`1[HidroRec.Backend.Application.DTOs.Common.ApiResponse`1[HidroRec.Backend.Application.DTOs.Reportes.ReporteDto]]] Create(HidroRec.Backend.Application.DTOs.Reportes.CreateReporteRequestDto, System.Threading.CancellationToken) on controller HidroRec.Backend.Controllers.ReportesController (HidroRec.Backend).
2026-03-30 11:17:56.102 -03:00 [INF] Executing BadRequestObjectResult, writing value of type 'Microsoft.AspNetCore.Mvc.ValidationProblemDetails'.
2026-03-30 11:17:56.104 -03:00 [INF] Executed action HidroRec.Backend.Controllers.ReportesController.Create (HidroRec.Backend) in 3.6051ms
2026-03-30 11:17:56.105 -03:00 [INF] Executed endpoint 'HidroRec.Backend.Controllers.ReportesController.Create (HidroRec.Backend)'
2026-03-30 11:17:56.107 -03:00 [INF] HTTP POST /api/reportes responded 400 in 12.0486 ms
2026-03-30 11:17:56.108 -03:00 [INF] Request finished HTTP/1.1 POST http://127.0.0.1:8080/api/reportes - 400 null application/problem+json; charset=utf-8 19.5604ms
2026-03-30 11:18:54.705 -03:00 [INF] Request starting HTTP/1.1 GET http://localhost:8080/reporte.html - null null
2026-03-30 11:18:54.719 -03:00 [INF] Sending file. Request path: '/reporte.html'. Physical path: 'C:\Users\ACPGROUP\Desktop\HTML PURO\hidrorec\frontend\reporte.html'
2026-03-30 11:18:54.720 -03:00 [INF] HTTP GET /reporte.html responded 200 in 9.5102 ms
2026-03-30 11:18:54.722 -03:00 [INF] Request finished HTTP/1.1 GET http://localhost:8080/reporte.html - 200 7183 text/html 16.5842ms
2026-03-30 11:18:54.731 -03:00 [INF] Request starting HTTP/1.1 GET http://localhost:8080/css/global.css - null null
2026-03-30 11:18:54.731 -03:00 [INF] Request starting HTTP/1.1 GET http://localhost:8080/css/layout.css - null null
2026-03-30 11:18:54.733 -03:00 [INF] Request starting HTTP/1.1 GET http://localhost:8080/css/components.css - null null
2026-03-30 11:18:54.733 -03:00 [INF] Request starting HTTP/1.1 GET http://localhost:8080/css/reporte.css - null null
2026-03-30 11:18:54.733 -03:00 [INF] Request starting HTTP/1.1 GET http://localhost:8080/js/reporte.js - null null
2026-03-30 11:18:54.733 -03:00 [INF] The file /css/global.css was not modified
2026-03-30 11:18:54.737 -03:00 [INF] The file /css/layout.css was not modified
2026-03-30 11:18:54.739 -03:00 [INF] The file /css/components.css was not modified
2026-03-30 11:18:54.741 -03:00 [INF] The file /css/reporte.css was not modified
2026-03-30 11:18:54.743 -03:00 [INF] CORS policy execution successful.
2026-03-30 11:18:54.744 -03:00 [INF] HTTP GET /css/global.css responded 304 in 10.7744 ms
2026-03-30 11:18:54.746 -03:00 [INF] HTTP GET /css/layout.css responded 304 in 9.2215 ms
2026-03-30 11:18:54.747 -03:00 [INF] HTTP GET /css/components.css responded 304 in 8.7409 ms
2026-03-30 11:18:54.749 -03:00 [INF] HTTP GET /css/reporte.css responded 304 in 8.1080 ms
2026-03-30 11:18:54.751 -03:00 [INF] Sending file. Request path: '/js/reporte.js'. Physical path: 'C:\Users\ACPGROUP\Desktop\HTML PURO\hidrorec\frontend\js\reporte.js'
2026-03-30 11:18:54.751 -03:00 [INF] Request finished HTTP/1.1 GET http://localhost:8080/css/global.css - 304 null text/css 20.7512ms
2026-03-30 11:18:54.753 -03:00 [INF] Request finished HTTP/1.1 GET http://localhost:8080/css/layout.css - 304 null text/css 21.7494ms
2026-03-30 11:18:54.755 -03:00 [INF] Request finished HTTP/1.1 GET http://localhost:8080/css/components.css - 304 null text/css 21.9691ms
2026-03-30 11:18:54.756 -03:00 [INF] Request finished HTTP/1.1 GET http://localhost:8080/css/reporte.css - 304 null text/css 23.2903ms
2026-03-30 11:18:54.757 -03:00 [INF] HTTP GET /js/reporte.js responded 200 in 14.4311 ms
2026-03-30 11:18:54.771 -03:00 [INF] Request finished HTTP/1.1 GET http://localhost:8080/js/reporte.js - 200 4018 text/javascript 37.7951ms
2026-03-30 11:18:54.771 -03:00 [INF] Request starting HTTP/1.1 GET http://localhost:8080/js/api.js - null null
2026-03-30 11:18:54.771 -03:00 [INF] Request starting HTTP/1.1 GET http://localhost:8080/js/app.js - null null
2026-03-30 11:18:54.771 -03:00 [INF] Request starting HTTP/1.1 GET http://localhost:8080/js/utils.js - null null
2026-03-30 11:18:54.778 -03:00 [INF] CORS policy execution successful.
2026-03-30 11:18:54.780 -03:00 [INF] CORS policy execution successful.
2026-03-30 11:18:54.782 -03:00 [INF] CORS policy execution successful.
2026-03-30 11:18:54.783 -03:00 [INF] The file /js/api.js was not modified
2026-03-30 11:18:54.784 -03:00 [INF] The file /js/app.js was not modified
2026-03-30 11:18:54.785 -03:00 [INF] The file /js/utils.js was not modified
2026-03-30 11:18:54.785 -03:00 [INF] HTTP GET /js/api.js responded 304 in 7.4287 ms
2026-03-30 11:18:54.786 -03:00 [INF] HTTP GET /js/app.js responded 304 in 6.6777 ms
2026-03-30 11:18:54.788 -03:00 [INF] HTTP GET /js/utils.js responded 304 in 5.6821 ms
2026-03-30 11:18:54.791 -03:00 [INF] Request finished HTTP/1.1 GET http://localhost:8080/js/api.js - 304 null text/javascript 20.0945ms
2026-03-30 11:18:54.793 -03:00 [INF] Request finished HTTP/1.1 GET http://localhost:8080/js/app.js - 304 null text/javascript 21.6047ms
2026-03-30 11:18:54.794 -03:00 [INF] Request finished HTTP/1.1 GET http://localhost:8080/js/utils.js - 304 null text/javascript 23.153ms
2026-03-30 11:19:40.113 -03:00 [INF] Request starting HTTP/1.1 POST http://localhost:8080/api/reportes - application/json 430
2026-03-30 11:19:40.116 -03:00 [INF] CORS policy execution successful.
2026-03-30 11:19:40.118 -03:00 [INF] Executing endpoint 'HidroRec.Backend.Controllers.ReportesController.Create (HidroRec.Backend)'
2026-03-30 11:19:40.120 -03:00 [INF] Route matched with {action = "Create", controller = "Reportes"}. Executing controller action with signature System.Threading.Tasks.Task`1[Microsoft.AspNetCore.Mvc.ActionResult`1[HidroRec.Backend.Application.DTOs.Common.ApiResponse`1[HidroRec.Backend.Application.DTOs.Reportes.ReporteDto]]] Create(HidroRec.Backend.Application.DTOs.Reportes.CreateReporteRequestDto, System.Threading.CancellationToken) on controller HidroRec.Backend.Controllers.ReportesController (HidroRec.Backend).
2026-03-30 11:19:40.676 -03:00 [INF] Reporte "7fbd3480-6113-41b7-85f5-8d2f0bfe38bf" criado com sucesso
2026-03-30 11:19:40.690 -03:00 [INF] Executing CreatedAtActionResult, writing value of type 'HidroRec.Backend.Application.DTOs.Common.ApiResponse`1[[HidroRec.Backend.Application.DTOs.Reportes.ReporteDto, HidroRec.Backend, Version=1.0.0.0, Culture=neutral, PublicKeyToken=null]]'.
2026-03-30 11:19:40.734 -03:00 [INF] Executed action HidroRec.Backend.Controllers.ReportesController.Create (HidroRec.Backend) in 611.3209ms
2026-03-30 11:19:40.737 -03:00 [INF] Executed endpoint 'HidroRec.Backend.Controllers.ReportesController.Create (HidroRec.Backend)'
2026-03-30 11:19:40.739 -03:00 [INF] HTTP POST /api/reportes responded 201 in 622.5711 ms
2026-03-30 11:19:40.742 -03:00 [INF] Request finished HTTP/1.1 POST http://localhost:8080/api/reportes - 201 null application/json; charset=utf-8 629.0041ms
2026-03-30 11:22:45.761 -03:00 [INF] Request starting HTTP/1.1 GET http://localhost:8080/admin.html - null null
2026-03-30 11:22:45.770 -03:00 [INF] Sending file. Request path: '/admin.html'. Physical path: 'C:\Users\ACPGROUP\Desktop\HTML PURO\hidrorec\frontend\admin.html'
2026-03-30 11:22:45.772 -03:00 [INF] HTTP GET /admin.html responded 200 in 4.7065 ms
2026-03-30 11:22:45.774 -03:00 [INF] Request finished HTTP/1.1 GET http://localhost:8080/admin.html - 200 5039 text/html 13.2662ms
2026-03-30 11:22:45.787 -03:00 [INF] Request starting HTTP/1.1 GET http://localhost:8080/css/components.css - null null
2026-03-30 11:22:45.791 -03:00 [INF] The file /css/components.css was not modified
2026-03-30 11:22:45.793 -03:00 [INF] HTTP GET /css/components.css responded 304 in 2.1816 ms
2026-03-30 11:22:45.795 -03:00 [INF] Request finished HTTP/1.1 GET http://localhost:8080/css/components.css - 304 null text/css 7.8532ms
2026-03-30 11:22:45.804 -03:00 [INF] Request starting HTTP/1.1 GET http://localhost:8080/css/admin.css - null null
2026-03-30 11:22:45.804 -03:00 [INF] Request starting HTTP/1.1 GET http://localhost:8080/js/admin.js - null null
2026-03-30 11:22:45.807 -03:00 [INF] Sending file. Request path: '/css/admin.css'. Physical path: 'C:\Users\ACPGROUP\Desktop\HTML PURO\hidrorec\frontend\css\admin.css'
2026-03-30 11:22:45.808 -03:00 [INF] CORS policy execution successful.
2026-03-30 11:22:45.810 -03:00 [INF] HTTP GET /css/admin.css responded 200 in 3.7816 ms
2026-03-30 11:22:45.811 -03:00 [INF] Sending file. Request path: '/js/admin.js'. Physical path: 'C:\Users\ACPGROUP\Desktop\HTML PURO\hidrorec\frontend\js\admin.js'
2026-03-30 11:22:45.812 -03:00 [INF] Request finished HTTP/1.1 GET http://localhost:8080/css/admin.css - 200 598 text/css 8.6826ms
2026-03-30 11:22:45.813 -03:00 [INF] HTTP GET /js/admin.js responded 200 in 5.2999 ms
2026-03-30 11:22:45.817 -03:00 [INF] Request finished HTTP/1.1 GET http://localhost:8080/js/admin.js - 200 5341 text/javascript 12.4636ms
2026-03-30 11:22:45.821 -03:00 [INF] Request starting HTTP/1.1 GET http://localhost:8080/js/api.js - null null
2026-03-30 11:22:45.822 -03:00 [INF] CORS policy execution successful.
2026-03-30 11:22:45.823 -03:00 [INF] The file /js/api.js was not modified
2026-03-30 11:22:45.824 -03:00 [INF] HTTP GET /js/api.js responded 304 in 1.8002 ms
2026-03-30 11:22:45.826 -03:00 [INF] Request finished HTTP/1.1 GET http://localhost:8080/js/api.js - 304 null text/javascript 4.9065ms
2026-03-30 11:22:47.395 -03:00 [INF] Request starting HTTP/1.1 GET http://localhost:8080/index.html - null null
2026-03-30 11:22:47.399 -03:00 [INF] The file /index.html was not modified
2026-03-30 11:22:47.401 -03:00 [INF] HTTP GET /index.html responded 304 in 2.6502 ms
2026-03-30 11:22:47.403 -03:00 [INF] Request finished HTTP/1.1 GET http://localhost:8080/index.html - 304 null text/html 8.0481ms
2026-03-30 11:22:47.415 -03:00 [INF] Request starting HTTP/1.1 GET http://localhost:8080/css/mapa.css - null null
2026-03-30 11:22:47.415 -03:00 [INF] Request starting HTTP/1.1 GET http://localhost:8080/css/dashboard.css - null null
2026-03-30 11:22:47.415 -03:00 [INF] Request starting HTTP/1.1 GET http://localhost:8080/js/dashboard.js - null null
2026-03-30 11:22:47.418 -03:00 [INF] The file /css/mapa.css was not modified
2026-03-30 11:22:47.420 -03:00 [INF] The file /css/dashboard.css was not modified
2026-03-30 11:22:47.422 -03:00 [INF] CORS policy execution successful.
2026-03-30 11:22:47.423 -03:00 [INF] HTTP GET /css/mapa.css responded 304 in 5.0964 ms
2026-03-30 11:22:47.424 -03:00 [INF] HTTP GET /css/dashboard.css responded 304 in 4.8986 ms
2026-03-30 11:22:47.425 -03:00 [INF] The file /js/dashboard.js was not modified
2026-03-30 11:22:47.427 -03:00 [INF] Request finished HTTP/1.1 GET http://localhost:8080/css/mapa.css - 304 null text/css 11.624ms
2026-03-30 11:22:47.428 -03:00 [INF] Request finished HTTP/1.1 GET http://localhost:8080/css/dashboard.css - 304 null text/css 13.027ms
2026-03-30 11:22:47.429 -03:00 [INF] HTTP GET /js/dashboard.js responded 304 in 7.5403 ms
2026-03-30 11:22:47.435 -03:00 [INF] Request finished HTTP/1.1 GET http://localhost:8080/js/dashboard.js - 304 null text/javascript 20.2198ms
2026-03-30 11:22:47.438 -03:00 [INF] Request starting HTTP/1.1 GET http://localhost:8080/js/mapa.js - null null
2026-03-30 11:22:47.441 -03:00 [INF] CORS policy execution successful.
2026-03-30 11:22:47.443 -03:00 [INF] The file /js/mapa.js was not modified
2026-03-30 11:22:47.444 -03:00 [INF] HTTP GET /js/mapa.js responded 304 in 2.6993 ms
2026-03-30 11:22:47.445 -03:00 [INF] Request finished HTTP/1.1 GET http://localhost:8080/js/mapa.js - 304 null text/javascript 6.6199ms
2026-03-30 11:22:47.448 -03:00 [INF] Request starting HTTP/1.1 GET http://localhost:8080/api/dashboard/resumo - null null
2026-03-30 11:22:47.452 -03:00 [INF] Executing endpoint 'HidroRec.Backend.Controllers.DashboardController.GetResumo (HidroRec.Backend)'
2026-03-30 11:22:47.453 -03:00 [INF] Route matched with {action = "GetResumo", controller = "Dashboard"}. Executing controller action with signature System.Threading.Tasks.Task`1[Microsoft.AspNetCore.Mvc.ActionResult`1[HidroRec.Backend.Application.DTOs.Common.ApiResponse`1[HidroRec.Backend.Application.DTOs.Dashboard.DashboardResumoDto]]] GetResumo(System.Threading.CancellationToken) on controller HidroRec.Backend.Controllers.DashboardController (HidroRec.Backend).
2026-03-30 11:22:47.473 -03:00 [INF] Executing OkObjectResult, writing value of type 'HidroRec.Backend.Application.DTOs.Common.ApiResponse`1[[HidroRec.Backend.Application.DTOs.Dashboard.DashboardResumoDto, HidroRec.Backend, Version=1.0.0.0, Culture=neutral, PublicKeyToken=null]]'.
2026-03-30 11:22:47.475 -03:00 [INF] Executed action HidroRec.Backend.Controllers.DashboardController.GetResumo (HidroRec.Backend) in 19.4835ms
2026-03-30 11:22:47.477 -03:00 [INF] Executed endpoint 'HidroRec.Backend.Controllers.DashboardController.GetResumo (HidroRec.Backend)'
2026-03-30 11:22:47.478 -03:00 [INF] HTTP GET /api/dashboard/resumo responded 200 in 25.7800 ms
2026-03-30 11:22:47.481 -03:00 [INF] Request finished HTTP/1.1 GET http://localhost:8080/api/dashboard/resumo - 200 null application/json; charset=utf-8 32.815ms
2026-03-30 11:33:23.372 -03:00 [INF] User profile is available. Using 'C:\Users\ACPGROUP\AppData\Local\ASP.NET\DataProtection-Keys' as key repository and Windows DPAPI to encrypt keys at rest.
2026-03-30 11:33:23.450 -03:00 [INF] Now listening on: http://localhost:8080
2026-03-30 11:33:23.453 -03:00 [INF] Application started. Press Ctrl+C to shut down.
2026-03-30 11:33:23.455 -03:00 [INF] Hosting environment: Development
2026-03-30 11:33:23.456 -03:00 [INF] Content root path: C:\Users\ACPGROUP\Desktop\HTML PURO\hidrorec\backend
2026-03-30 11:33:33.447 -03:00 [INF] Request starting HTTP/1.1 HEAD http://localhost:8080/acesso.html - null null
2026-03-30 11:33:33.518 -03:00 [INF] HTTP HEAD /acesso.html responded 200 in 25.1444 ms
2026-03-30 11:33:33.525 -03:00 [INF] Request finished HTTP/1.1 HEAD http://localhost:8080/acesso.html - 200 6266 text/html 80.829ms
2026-03-30 11:33:35.421 -03:00 [INF] Request starting HTTP/1.1 POST http://localhost:8080/api/auth/login - application/json 56
2026-03-30 11:33:35.451 -03:00 [INF] Executing endpoint 'HidroRec.Backend.Controllers.AuthController.Login (HidroRec.Backend)'
2026-03-30 11:33:35.471 -03:00 [INF] Route matched with {action = "Login", controller = "Auth"}. Executing controller action with signature System.Threading.Tasks.Task`1[Microsoft.AspNetCore.Mvc.ActionResult`1[HidroRec.Backend.Application.DTOs.Common.ApiResponse`1[HidroRec.Backend.Application.DTOs.Auth.AuthResponseDto]]] Login(HidroRec.Backend.Application.DTOs.Auth.LoginRequestDto, System.Threading.CancellationToken) on controller HidroRec.Backend.Controllers.AuthController (HidroRec.Backend).
2026-03-30 11:33:36.289 -03:00 [INF] Executing OkObjectResult, writing value of type 'HidroRec.Backend.Application.DTOs.Common.ApiResponse`1[[HidroRec.Backend.Application.DTOs.Auth.AuthResponseDto, HidroRec.Backend, Version=1.0.0.0, Culture=neutral, PublicKeyToken=null]]'.
2026-03-30 11:33:36.320 -03:00 [INF] Executed action HidroRec.Backend.Controllers.AuthController.Login (HidroRec.Backend) in 839.7947ms
2026-03-30 11:33:36.322 -03:00 [INF] Executed endpoint 'HidroRec.Backend.Controllers.AuthController.Login (HidroRec.Backend)'
2026-03-30 11:33:36.325 -03:00 [INF] HTTP POST /api/auth/login responded 200 in 899.2290 ms
2026-03-30 11:33:36.331 -03:00 [INF] Request finished HTTP/1.1 POST http://localhost:8080/api/auth/login - 200 null application/json; charset=utf-8 909.9282ms
2026-03-30 11:33:39.810 -03:00 [INF] Request starting HTTP/1.1 GET http://localhost:8080/index.html - null null
2026-03-30 11:33:39.824 -03:00 [INF] Sending file. Request path: '/index.html'. Physical path: 'C:\Users\ACPGROUP\Desktop\HTML PURO\hidrorec\frontend\index.html'
2026-03-30 11:33:39.826 -03:00 [INF] HTTP GET /index.html responded 200 in 12.3878 ms
2026-03-30 11:33:39.830 -03:00 [INF] Request finished HTTP/1.1 GET http://localhost:8080/index.html - 200 6347 text/html 19.689ms
2026-03-30 11:33:39.840 -03:00 [INF] Request starting HTTP/1.1 GET http://localhost:8080/css/layout.css - null null
2026-03-30 11:33:39.840 -03:00 [INF] Request starting HTTP/1.1 GET http://localhost:8080/css/global.css - null null
2026-03-30 11:33:39.841 -03:00 [INF] Request starting HTTP/1.1 GET http://localhost:8080/css/components.css - null null
2026-03-30 11:33:39.841 -03:00 [INF] Request starting HTTP/1.1 GET http://localhost:8080/css/dashboard.css - null null
2026-03-30 11:33:39.842 -03:00 [INF] Request starting HTTP/1.1 GET http://localhost:8080/css/mapa.css - null null
2026-03-30 11:33:39.842 -03:00 [INF] Request starting HTTP/1.1 GET http://localhost:8080/js/dashboard.js - null null
2026-03-30 11:33:39.845 -03:00 [INF] The file /css/layout.css was not modified
2026-03-30 11:33:39.847 -03:00 [INF] The file /css/global.css was not modified
2026-03-30 11:33:39.855 -03:00 [INF] Sending file. Request path: '/css/components.css'. Physical path: 'C:\Users\ACPGROUP\Desktop\HTML PURO\hidrorec\frontend\css\components.css'
2026-03-30 11:33:39.855 -03:00 [INF] Sending file. Request path: '/css/dashboard.css'. Physical path: 'C:\Users\ACPGROUP\Desktop\HTML PURO\hidrorec\frontend\css\dashboard.css'
2026-03-30 11:33:39.859 -03:00 [INF] The file /css/mapa.css was not modified
2026-03-30 11:33:39.863 -03:00 [INF] HTTP GET /css/layout.css responded 304 in 20.0991 ms
2026-03-30 11:33:39.864 -03:00 [INF] HTTP GET /css/global.css responded 304 in 17.8963 ms
2026-03-30 11:33:39.866 -03:00 [INF] HTTP GET /css/components.css responded 200 in 17.1590 ms
2026-03-30 11:33:39.866 -03:00 [INF] CORS policy execution successful.
2026-03-30 11:33:39.868 -03:00 [INF] HTTP GET /css/dashboard.css responded 200 in 13.4289 ms
2026-03-30 11:33:39.870 -03:00 [INF] HTTP GET /css/mapa.css responded 304 in 11.4586 ms
2026-03-30 11:33:39.872 -03:00 [INF] Request finished HTTP/1.1 GET http://localhost:8080/css/layout.css - 304 null text/css 31.908ms
2026-03-30 11:33:39.875 -03:00 [INF] Request finished HTTP/1.1 GET http://localhost:8080/css/global.css - 304 null text/css 34.9812ms
2026-03-30 11:33:39.878 -03:00 [INF] Request finished HTTP/1.1 GET http://localhost:8080/css/components.css - 200 5185 text/css 36.6286ms
2026-03-30 11:33:39.880 -03:00 [INF] Sending file. Request path: '/js/dashboard.js'. Physical path: 'C:\Users\ACPGROUP\Desktop\HTML PURO\hidrorec\frontend\js\dashboard.js'
2026-03-30 11:33:39.880 -03:00 [INF] Request finished HTTP/1.1 GET http://localhost:8080/css/dashboard.css - 200 2341 text/css 39.3136ms
2026-03-30 11:33:39.883 -03:00 [INF] Request finished HTTP/1.1 GET http://localhost:8080/css/mapa.css - 304 null text/css 41.1692ms
2026-03-30 11:33:39.887 -03:00 [INF] Request starting HTTP/1.1 GET http://localhost:8080/js/utils.js - null null
2026-03-30 11:33:39.890 -03:00 [INF] Request starting HTTP/1.1 GET http://localhost:8080/js/mapa.js - null null
2026-03-30 11:33:39.895 -03:00 [INF] HTTP GET /js/dashboard.js responded 200 in 33.3872 ms
2026-03-30 11:33:39.905 -03:00 [INF] Request starting HTTP/1.1 GET http://localhost:8080/js/app.js - null null
2026-03-30 11:33:39.907 -03:00 [INF] CORS policy execution successful.
2026-03-30 11:33:39.911 -03:00 [INF] CORS policy execution successful.
2026-03-30 11:33:39.914 -03:00 [INF] Request finished HTTP/1.1 GET http://localhost:8080/js/dashboard.js - 200 2606 text/javascript 72.0012ms
2026-03-30 11:33:39.918 -03:00 [INF] CORS policy execution successful.
2026-03-30 11:33:39.920 -03:00 [INF] The file /js/mapa.js was not modified
2026-03-30 11:33:39.920 -03:00 [INF] Sending file. Request path: '/js/utils.js'. Physical path: 'C:\Users\ACPGROUP\Desktop\HTML PURO\hidrorec\frontend\js\utils.js'
2026-03-30 11:33:39.923 -03:00 [INF] Request starting HTTP/1.1 GET http://localhost:8080/js/api.js - null null
2026-03-30 11:33:39.924 -03:00 [INF] Sending file. Request path: '/js/app.js'. Physical path: 'C:\Users\ACPGROUP\Desktop\HTML PURO\hidrorec\frontend\js\app.js'
2026-03-30 11:33:39.925 -03:00 [INF] HTTP GET /js/mapa.js responded 304 in 14.7841 ms
2026-03-30 11:33:39.927 -03:00 [INF] HTTP GET /js/utils.js responded 200 in 20.4753 ms
2026-03-30 11:33:39.932 -03:00 [INF] CORS policy execution successful.
2026-03-30 11:33:39.934 -03:00 [INF] HTTP GET /js/app.js responded 200 in 15.8612 ms
2026-03-30 11:33:39.936 -03:00 [INF] Request finished HTTP/1.1 GET http://localhost:8080/js/mapa.js - 304 null text/javascript 45.2991ms
2026-03-30 11:33:39.938 -03:00 [INF] Request finished HTTP/1.1 GET http://localhost:8080/js/utils.js - 200 4606 text/javascript 50.1683ms
2026-03-30 11:33:39.939 -03:00 [INF] Sending file. Request path: '/js/api.js'. Physical path: 'C:\Users\ACPGROUP\Desktop\HTML PURO\hidrorec\frontend\js\api.js'
2026-03-30 11:33:39.941 -03:00 [INF] Request finished HTTP/1.1 GET http://localhost:8080/js/app.js - 200 826 text/javascript 35.643ms
2026-03-30 11:33:39.950 -03:00 [INF] HTTP GET /js/api.js responded 200 in 17.8854 ms
2026-03-30 11:33:39.955 -03:00 [INF] Request finished HTTP/1.1 GET http://localhost:8080/js/api.js - 200 5452 text/javascript 32.5707ms
2026-03-30 11:33:39.961 -03:00 [INF] Request starting HTTP/1.1 GET http://localhost:8080/api/dashboard/resumo - null null
2026-03-30 11:33:39.969 -03:00 [INF] Executing endpoint 'HidroRec.Backend.Controllers.DashboardController.GetResumo (HidroRec.Backend)'
2026-03-30 11:33:39.979 -03:00 [INF] Route matched with {action = "GetResumo", controller = "Dashboard"}. Executing controller action with signature System.Threading.Tasks.Task`1[Microsoft.AspNetCore.Mvc.ActionResult`1[HidroRec.Backend.Application.DTOs.Common.ApiResponse`1[HidroRec.Backend.Application.DTOs.Dashboard.DashboardResumoDto]]] GetResumo(System.Threading.CancellationToken) on controller HidroRec.Backend.Controllers.DashboardController (HidroRec.Backend).
2026-03-30 11:33:40.140 -03:00 [INF] Executing OkObjectResult, writing value of type 'HidroRec.Backend.Application.DTOs.Common.ApiResponse`1[[HidroRec.Backend.Application.DTOs.Dashboard.DashboardResumoDto, HidroRec.Backend, Version=1.0.0.0, Culture=neutral, PublicKeyToken=null]]'.
2026-03-30 11:33:40.169 -03:00 [INF] Executed action HidroRec.Backend.Controllers.DashboardController.GetResumo (HidroRec.Backend) in 187.2899ms
2026-03-30 11:33:40.171 -03:00 [INF] Executed endpoint 'HidroRec.Backend.Controllers.DashboardController.GetResumo (HidroRec.Backend)'
2026-03-30 11:33:40.173 -03:00 [INF] HTTP GET /api/dashboard/resumo responded 200 in 205.9421 ms
2026-03-30 11:33:40.176 -03:00 [INF] Request finished HTTP/1.1 GET http://localhost:8080/api/dashboard/resumo - 200 null application/json; charset=utf-8 214.7543ms
2026-03-30 11:33:44.805 -03:00 [INF] Request starting HTTP/1.1 GET http://localhost:8080/acesso.html - null null
2026-03-30 11:33:44.809 -03:00 [INF] Sending file. Request path: '/acesso.html'. Physical path: 'C:\Users\ACPGROUP\Desktop\HTML PURO\hidrorec\frontend\acesso.html'
2026-03-30 11:33:44.810 -03:00 [INF] HTTP GET /acesso.html responded 200 in 3.2849 ms
2026-03-30 11:33:44.822 -03:00 [INF] Request finished HTTP/1.1 GET http://localhost:8080/acesso.html - 200 6266 text/html 16.1331ms
2026-03-30 11:33:44.830 -03:00 [INF] Request starting HTTP/1.1 GET http://localhost:8080/js/acesso.js - null null
2026-03-30 11:33:44.834 -03:00 [INF] Request starting HTTP/1.1 GET http://localhost:8080/css/acesso.css - null null
2026-03-30 11:33:44.836 -03:00 [INF] CORS policy execution successful.
2026-03-30 11:33:44.840 -03:00 [INF] Sending file. Request path: '/css/acesso.css'. Physical path: 'C:\Users\ACPGROUP\Desktop\HTML PURO\hidrorec\frontend\css\acesso.css'
2026-03-30 11:33:44.841 -03:00 [INF] Sending file. Request path: '/js/acesso.js'. Physical path: 'C:\Users\ACPGROUP\Desktop\HTML PURO\hidrorec\frontend\js\acesso.js'
2026-03-30 11:33:44.844 -03:00 [INF] HTTP GET /css/acesso.css responded 200 in 4.4670 ms
2026-03-30 11:33:44.845 -03:00 [INF] HTTP GET /js/acesso.js responded 200 in 9.0175 ms
2026-03-30 11:33:44.848 -03:00 [INF] Request finished HTTP/1.1 GET http://localhost:8080/css/acesso.css - 200 1238 text/css 14.1588ms
2026-03-30 11:33:44.851 -03:00 [INF] Request finished HTTP/1.1 GET http://localhost:8080/js/acesso.js - 200 3472 text/javascript 21.0901ms
2026-03-30 11:33:46.475 -03:00 [INF] Request starting HTTP/1.1 HEAD http://localhost:8080/admin.html - null null
2026-03-30 11:33:46.479 -03:00 [INF] HTTP HEAD /admin.html responded 200 in 0.9215 ms
2026-03-30 11:33:46.482 -03:00 [INF] Request finished HTTP/1.1 HEAD http://localhost:8080/admin.html - 200 6475 text/html 6.2823ms
2026-03-30 11:33:46.515 -03:00 [INF] Request starting HTTP/1.1 POST http://localhost:8080/api/auth/login - application/json 57
2026-03-30 11:33:46.521 -03:00 [INF] Executing endpoint 'HidroRec.Backend.Controllers.AuthController.Login (HidroRec.Backend)'
2026-03-30 11:33:46.522 -03:00 [INF] Route matched with {action = "Login", controller = "Auth"}. Executing controller action with signature System.Threading.Tasks.Task`1[Microsoft.AspNetCore.Mvc.ActionResult`1[HidroRec.Backend.Application.DTOs.Common.ApiResponse`1[HidroRec.Backend.Application.DTOs.Auth.AuthResponseDto]]] Login(HidroRec.Backend.Application.DTOs.Auth.LoginRequestDto, System.Threading.CancellationToken) on controller HidroRec.Backend.Controllers.AuthController (HidroRec.Backend).
2026-03-30 11:33:46.537 -03:00 [INF] Request starting HTTP/1.1 HEAD http://localhost:8080/index.html - null null
2026-03-30 11:33:46.540 -03:00 [INF] HTTP HEAD /index.html responded 200 in 0.2987 ms
2026-03-30 11:33:46.542 -03:00 [INF] Request finished HTTP/1.1 HEAD http://localhost:8080/index.html - 200 6347 text/html 4.9516ms
2026-03-30 11:33:46.577 -03:00 [INF] Executing OkObjectResult, writing value of type 'HidroRec.Backend.Application.DTOs.Common.ApiResponse`1[[HidroRec.Backend.Application.DTOs.Auth.AuthResponseDto, HidroRec.Backend, Version=1.0.0.0, Culture=neutral, PublicKeyToken=null]]'.
2026-03-30 11:33:46.582 -03:00 [INF] Executed action HidroRec.Backend.Controllers.AuthController.Login (HidroRec.Backend) in 58.0703ms
2026-03-30 11:33:46.587 -03:00 [INF] Executed endpoint 'HidroRec.Backend.Controllers.AuthController.Login (HidroRec.Backend)'
2026-03-30 11:33:46.589 -03:00 [INF] HTTP POST /api/auth/login responded 200 in 69.4362 ms
2026-03-30 11:33:46.591 -03:00 [INF] Request finished HTTP/1.1 POST http://localhost:8080/api/auth/login - 200 null application/json; charset=utf-8 75.704ms
2026-03-30 11:33:46.634 -03:00 [INF] Request starting HTTP/1.1 GET http://localhost:8080/api/auth/me - null null
2026-03-30 11:33:46.685 -03:00 [INF] Executing endpoint 'HidroRec.Backend.Controllers.AuthController.Me (HidroRec.Backend)'
2026-03-30 11:33:46.689 -03:00 [INF] Route matched with {action = "Me", controller = "Auth"}. Executing controller action with signature System.Threading.Tasks.Task`1[Microsoft.AspNetCore.Mvc.ActionResult`1[HidroRec.Backend.Application.DTOs.Common.ApiResponse`1[HidroRec.Backend.Application.DTOs.Auth.UsuarioResumoDto]]] Me(System.Threading.CancellationToken) on controller HidroRec.Backend.Controllers.AuthController (HidroRec.Backend).
2026-03-30 11:33:46.716 -03:00 [INF] Executing OkObjectResult, writing value of type 'HidroRec.Backend.Application.DTOs.Common.ApiResponse`1[[HidroRec.Backend.Application.DTOs.Auth.UsuarioResumoDto, HidroRec.Backend, Version=1.0.0.0, Culture=neutral, PublicKeyToken=null]]'.
2026-03-30 11:33:46.720 -03:00 [INF] Executed action HidroRec.Backend.Controllers.AuthController.Me (HidroRec.Backend) in 28.6288ms
2026-03-30 11:33:46.721 -03:00 [INF] Executed endpoint 'HidroRec.Backend.Controllers.AuthController.Me (HidroRec.Backend)'
2026-03-30 11:33:46.722 -03:00 [INF] HTTP GET /api/auth/me responded 200 in 85.7083 ms
2026-03-30 11:33:46.724 -03:00 [INF] Request finished HTTP/1.1 GET http://localhost:8080/api/auth/me - 200 null application/json; charset=utf-8 90.8373ms
2026-03-30 11:33:52.133 -03:00 [INF] Request starting HTTP/1.1 GET http://localhost:8080/js/dashboard.js - null null
2026-03-30 11:33:52.135 -03:00 [INF] CORS policy execution successful.
2026-03-30 11:33:52.136 -03:00 [INF] The file /js/dashboard.js was not modified
2026-03-30 11:33:52.137 -03:00 [INF] HTTP GET /js/dashboard.js responded 304 in 1.7815 ms
2026-03-30 11:33:52.140 -03:00 [INF] Request finished HTTP/1.1 GET http://localhost:8080/js/dashboard.js - 304 null text/javascript 7.078ms
2026-03-30 11:33:52.147 -03:00 [INF] Request starting HTTP/1.1 GET http://localhost:8080/api/dashboard/resumo - null null
2026-03-30 11:33:52.151 -03:00 [INF] Executing endpoint 'HidroRec.Backend.Controllers.DashboardController.GetResumo (HidroRec.Backend)'
2026-03-30 11:33:52.153 -03:00 [INF] Route matched with {action = "GetResumo", controller = "Dashboard"}. Executing controller action with signature System.Threading.Tasks.Task`1[Microsoft.AspNetCore.Mvc.ActionResult`1[HidroRec.Backend.Application.DTOs.Common.ApiResponse`1[HidroRec.Backend.Application.DTOs.Dashboard.DashboardResumoDto]]] GetResumo(System.Threading.CancellationToken) on controller HidroRec.Backend.Controllers.DashboardController (HidroRec.Backend).
2026-03-30 11:33:52.166 -03:00 [INF] Executing OkObjectResult, writing value of type 'HidroRec.Backend.Application.DTOs.Common.ApiResponse`1[[HidroRec.Backend.Application.DTOs.Dashboard.DashboardResumoDto, HidroRec.Backend, Version=1.0.0.0, Culture=neutral, PublicKeyToken=null]]'.
2026-03-30 11:33:52.168 -03:00 [INF] Executed action HidroRec.Backend.Controllers.DashboardController.GetResumo (HidroRec.Backend) in 12.1209ms
2026-03-30 11:33:52.170 -03:00 [INF] Executed endpoint 'HidroRec.Backend.Controllers.DashboardController.GetResumo (HidroRec.Backend)'
2026-03-30 11:33:52.171 -03:00 [INF] HTTP GET /api/dashboard/resumo responded 200 in 20.5574 ms
2026-03-30 11:33:52.173 -03:00 [INF] Request finished HTTP/1.1 GET http://localhost:8080/api/dashboard/resumo - 200 null application/json; charset=utf-8 26.0374ms
2026-03-30 11:34:33.825 -03:00 [INF] Request starting HTTP/1.1 GET http://localhost:8080/index.html - null null
2026-03-30 11:34:33.828 -03:00 [INF] The file /index.html was not modified
2026-03-30 11:34:33.829 -03:00 [INF] HTTP GET /index.html responded 304 in 1.4613 ms
2026-03-30 11:34:33.831 -03:00 [INF] Request finished HTTP/1.1 GET http://localhost:8080/index.html - 304 null text/html 5.9689ms
2026-03-30 11:34:33.849 -03:00 [INF] Request starting HTTP/1.1 GET http://localhost:8080/css/components.css - null null
2026-03-30 11:34:33.852 -03:00 [INF] Request starting HTTP/1.1 GET http://localhost:8080/css/dashboard.css - null null
2026-03-30 11:34:33.852 -03:00 [INF] Request starting HTTP/1.1 GET http://localhost:8080/js/dashboard.js - null null
2026-03-30 11:34:33.852 -03:00 [INF] The file /css/components.css was not modified
2026-03-30 11:34:33.855 -03:00 [INF] The file /css/dashboard.css was not modified
2026-03-30 11:34:33.857 -03:00 [INF] CORS policy execution successful.
2026-03-30 11:34:33.858 -03:00 [INF] HTTP GET /css/components.css responded 304 in 6.4915 ms
2026-03-30 11:34:33.859 -03:00 [INF] HTTP GET /css/dashboard.css responded 304 in 4.6905 ms
2026-03-30 11:34:33.861 -03:00 [INF] The file /js/dashboard.js was not modified
2026-03-30 11:34:33.863 -03:00 [INF] Request finished HTTP/1.1 GET http://localhost:8080/css/components.css - 304 null text/css 13.8671ms
2026-03-30 11:34:33.865 -03:00 [INF] Request finished HTTP/1.1 GET http://localhost:8080/css/dashboard.css - 304 null text/css 13.4333ms
2026-03-30 11:34:33.866 -03:00 [INF] HTTP GET /js/dashboard.js responded 304 in 9.3035 ms
2026-03-30 11:34:33.874 -03:00 [INF] Request finished HTTP/1.1 GET http://localhost:8080/js/dashboard.js - 304 null text/javascript 22.159ms
2026-03-30 11:34:33.877 -03:00 [INF] Request starting HTTP/1.1 GET http://localhost:8080/js/api.js - null null
2026-03-30 11:34:33.877 -03:00 [INF] Request starting HTTP/1.1 GET http://localhost:8080/js/utils.js - null null
2026-03-30 11:34:33.878 -03:00 [INF] Request starting HTTP/1.1 GET http://localhost:8080/js/app.js - null null
2026-03-30 11:34:33.880 -03:00 [INF] CORS policy execution successful.
2026-03-30 11:34:33.883 -03:00 [INF] CORS policy execution successful.
2026-03-30 11:34:33.884 -03:00 [INF] CORS policy execution successful.
2026-03-30 11:34:33.886 -03:00 [INF] The file /js/api.js was not modified
2026-03-30 11:34:33.886 -03:00 [INF] The file /js/utils.js was not modified
2026-03-30 11:34:33.887 -03:00 [INF] The file /js/app.js was not modified
2026-03-30 11:34:33.888 -03:00 [INF] HTTP GET /js/api.js responded 304 in 8.3550 ms
2026-03-30 11:34:33.889 -03:00 [INF] HTTP GET /js/utils.js responded 304 in 6.7845 ms
2026-03-30 11:34:33.891 -03:00 [INF] HTTP GET /js/app.js responded 304 in 6.2973 ms
2026-03-30 11:34:33.892 -03:00 [INF] Request finished HTTP/1.1 GET http://localhost:8080/js/api.js - 304 null text/javascript 15.4429ms
2026-03-30 11:34:33.894 -03:00 [INF] Request finished HTTP/1.1 GET http://localhost:8080/js/utils.js - 304 null text/javascript 16.8327ms
2026-03-30 11:34:33.897 -03:00 [INF] Request finished HTTP/1.1 GET http://localhost:8080/js/app.js - 304 null text/javascript 18.973ms
2026-03-30 11:34:33.909 -03:00 [INF] Request starting HTTP/1.1 GET http://localhost:8080/api/dashboard/resumo - null null
2026-03-30 11:34:33.911 -03:00 [INF] Executing endpoint 'HidroRec.Backend.Controllers.DashboardController.GetResumo (HidroRec.Backend)'
2026-03-30 11:34:33.912 -03:00 [INF] Route matched with {action = "GetResumo", controller = "Dashboard"}. Executing controller action with signature System.Threading.Tasks.Task`1[Microsoft.AspNetCore.Mvc.ActionResult`1[HidroRec.Backend.Application.DTOs.Common.ApiResponse`1[HidroRec.Backend.Application.DTOs.Dashboard.DashboardResumoDto]]] GetResumo(System.Threading.CancellationToken) on controller HidroRec.Backend.Controllers.DashboardController (HidroRec.Backend).
2026-03-30 11:34:33.923 -03:00 [INF] Executing OkObjectResult, writing value of type 'HidroRec.Backend.Application.DTOs.Common.ApiResponse`1[[HidroRec.Backend.Application.DTOs.Dashboard.DashboardResumoDto, HidroRec.Backend, Version=1.0.0.0, Culture=neutral, PublicKeyToken=null]]'.
2026-03-30 11:34:33.925 -03:00 [INF] Executed action HidroRec.Backend.Controllers.DashboardController.GetResumo (HidroRec.Backend) in 11.0898ms
2026-03-30 11:34:33.926 -03:00 [INF] Executed endpoint 'HidroRec.Backend.Controllers.DashboardController.GetResumo (HidroRec.Backend)'
2026-03-30 11:34:33.928 -03:00 [INF] HTTP GET /api/dashboard/resumo responded 200 in 17.0883 ms
2026-03-30 11:34:33.930 -03:00 [INF] Request finished HTTP/1.1 GET http://localhost:8080/api/dashboard/resumo - 200 null application/json; charset=utf-8 21.6084ms
2026-03-30 11:34:40.729 -03:00 [INF] Request starting HTTP/1.1 GET http://localhost:8080/acesso.html - null null
2026-03-30 11:34:40.731 -03:00 [INF] The file /acesso.html was not modified
2026-03-30 11:34:40.733 -03:00 [INF] HTTP GET /acesso.html responded 304 in 1.5406 ms
2026-03-30 11:34:40.736 -03:00 [INF] Request finished HTTP/1.1 GET http://localhost:8080/acesso.html - 304 null text/html 6.8968ms
2026-03-30 11:34:40.750 -03:00 [INF] Request starting HTTP/1.1 GET http://localhost:8080/css/acesso.css - null null
2026-03-30 11:34:40.753 -03:00 [INF] The file /css/acesso.css was not modified
2026-03-30 11:34:40.753 -03:00 [INF] Request starting HTTP/1.1 GET http://localhost:8080/js/acesso.js - null null
2026-03-30 11:34:40.754 -03:00 [INF] HTTP GET /css/acesso.css responded 304 in 1.3334 ms
2026-03-30 11:34:40.758 -03:00 [INF] CORS policy execution successful.
2026-03-30 11:34:40.759 -03:00 [INF] Request finished HTTP/1.1 GET http://localhost:8080/css/acesso.css - 304 null text/css 9.0024ms
2026-03-30 11:34:40.760 -03:00 [INF] The file /js/acesso.js was not modified
2026-03-30 11:34:40.764 -03:00 [INF] HTTP GET /js/acesso.js responded 304 in 6.7410 ms
2026-03-30 11:34:40.767 -03:00 [INF] Request finished HTTP/1.1 GET http://localhost:8080/js/acesso.js - 304 null text/javascript 13.4566ms
2026-03-30 11:34:46.257 -03:00 [INF] Request starting HTTP/1.1 GET http://localhost:8080/acesso.html - null null
2026-03-30 11:34:46.260 -03:00 [INF] The file /acesso.html was not modified
2026-03-30 11:34:46.262 -03:00 [INF] HTTP GET /acesso.html responded 304 in 2.2726 ms
2026-03-30 11:34:46.264 -03:00 [INF] Request finished HTTP/1.1 GET http://localhost:8080/acesso.html - 304 null text/html 6.9865ms
2026-03-30 11:35:14.466 -03:00 [INF] Request starting HTTP/1.1 POST http://localhost:8080/api/auth/register - application/json 117
2026-03-30 11:35:14.469 -03:00 [INF] CORS policy execution successful.
2026-03-30 11:35:14.471 -03:00 [INF] Executing endpoint 'HidroRec.Backend.Controllers.AuthController.Register (HidroRec.Backend)'
2026-03-30 11:35:14.477 -03:00 [INF] Route matched with {action = "Register", controller = "Auth"}. Executing controller action with signature System.Threading.Tasks.Task`1[Microsoft.AspNetCore.Mvc.ActionResult`1[HidroRec.Backend.Application.DTOs.Common.ApiResponse`1[HidroRec.Backend.Application.DTOs.Auth.AuthResponseDto]]] Register(HidroRec.Backend.Application.DTOs.Auth.RegisterRequestDto, System.Threading.CancellationToken) on controller HidroRec.Backend.Controllers.AuthController (HidroRec.Backend).
2026-03-30 11:35:14.599 -03:00 [INF] Executing CreatedResult, writing value of type 'HidroRec.Backend.Application.DTOs.Common.ApiResponse`1[[HidroRec.Backend.Application.DTOs.Auth.AuthResponseDto, HidroRec.Backend, Version=1.0.0.0, Culture=neutral, PublicKeyToken=null]]'.
2026-03-30 11:35:14.600 -03:00 [INF] Executed action HidroRec.Backend.Controllers.AuthController.Register (HidroRec.Backend) in 119.8359ms
2026-03-30 11:35:14.601 -03:00 [INF] Executed endpoint 'HidroRec.Backend.Controllers.AuthController.Register (HidroRec.Backend)'
2026-03-30 11:35:14.602 -03:00 [INF] HTTP POST /api/auth/register responded 201 in 132.8590 ms
2026-03-30 11:35:14.604 -03:00 [INF] Request finished HTTP/1.1 POST http://localhost:8080/api/auth/register - 201 null application/json; charset=utf-8 138.1157ms
2026-03-30 11:35:15.318 -03:00 [INF] Request starting HTTP/1.1 GET http://localhost:8080/index.html - null null
2026-03-30 11:35:15.325 -03:00 [INF] The file /index.html was not modified
2026-03-30 11:35:15.327 -03:00 [INF] HTTP GET /index.html responded 304 in 2.3651 ms
2026-03-30 11:35:15.329 -03:00 [INF] Request finished HTTP/1.1 GET http://localhost:8080/index.html - 304 null text/html 11.3099ms
2026-03-30 11:35:15.345 -03:00 [INF] Request starting HTTP/1.1 GET http://localhost:8080/css/dashboard.css - null null
2026-03-30 11:35:15.345 -03:00 [INF] Request starting HTTP/1.1 GET http://localhost:8080/css/components.css - null null
2026-03-30 11:35:15.345 -03:00 [INF] Request starting HTTP/1.1 GET http://localhost:8080/js/dashboard.js - null null
2026-03-30 11:35:15.350 -03:00 [INF] The file /css/dashboard.css was not modified
2026-03-30 11:35:15.353 -03:00 [INF] The file /css/components.css was not modified
2026-03-30 11:35:15.357 -03:00 [INF] CORS policy execution successful.
2026-03-30 11:35:15.359 -03:00 [INF] HTTP GET /css/dashboard.css responded 304 in 9.2414 ms
2026-03-30 11:35:15.360 -03:00 [INF] HTTP GET /css/components.css responded 304 in 6.7953 ms
2026-03-30 11:35:15.361 -03:00 [INF] The file /js/dashboard.js was not modified
2026-03-30 11:35:15.364 -03:00 [INF] Request finished HTTP/1.1 GET http://localhost:8080/css/dashboard.css - 304 null text/css 18.9863ms
2026-03-30 11:35:15.366 -03:00 [INF] Request finished HTTP/1.1 GET http://localhost:8080/css/components.css - 304 null text/css 20.9937ms
2026-03-30 11:35:15.367 -03:00 [INF] HTTP GET /js/dashboard.js responded 304 in 10.1687 ms
2026-03-30 11:35:15.376 -03:00 [INF] Request finished HTTP/1.1 GET http://localhost:8080/js/dashboard.js - 304 null text/javascript 30.4973ms
2026-03-30 11:35:15.384 -03:00 [INF] Request starting HTTP/1.1 GET http://localhost:8080/js/app.js - null null
2026-03-30 11:35:15.384 -03:00 [INF] Request starting HTTP/1.1 GET http://localhost:8080/js/utils.js - null null
2026-03-30 11:35:15.387 -03:00 [INF] CORS policy execution successful.
2026-03-30 11:35:15.391 -03:00 [INF] CORS policy execution successful.
2026-03-30 11:35:15.393 -03:00 [INF] The file /js/app.js was not modified
2026-03-30 11:35:15.394 -03:00 [INF] The file /js/utils.js was not modified
2026-03-30 11:35:15.395 -03:00 [INF] HTTP GET /js/app.js responded 304 in 8.7194 ms
2026-03-30 11:35:15.398 -03:00 [INF] HTTP GET /js/utils.js responded 304 in 6.8466 ms
2026-03-30 11:35:15.399 -03:00 [INF] Request finished HTTP/1.1 GET http://localhost:8080/js/app.js - 304 null text/javascript 15.308ms
2026-03-30 11:35:15.402 -03:00 [INF] Request finished HTTP/1.1 GET http://localhost:8080/js/utils.js - 304 null text/javascript 17.7907ms
2026-03-30 11:35:15.408 -03:00 [INF] Request starting HTTP/1.1 GET http://localhost:8080/api/auth/me - null null
2026-03-30 11:35:15.415 -03:00 [INF] Executing endpoint 'HidroRec.Backend.Controllers.AuthController.Me (HidroRec.Backend)'
2026-03-30 11:35:15.416 -03:00 [INF] Route matched with {action = "Me", controller = "Auth"}. Executing controller action with signature System.Threading.Tasks.Task`1[Microsoft.AspNetCore.Mvc.ActionResult`1[HidroRec.Backend.Application.DTOs.Common.ApiResponse`1[HidroRec.Backend.Application.DTOs.Auth.UsuarioResumoDto]]] Me(System.Threading.CancellationToken) on controller HidroRec.Backend.Controllers.AuthController (HidroRec.Backend).
2026-03-30 11:35:15.424 -03:00 [INF] Executing OkObjectResult, writing value of type 'HidroRec.Backend.Application.DTOs.Common.ApiResponse`1[[HidroRec.Backend.Application.DTOs.Auth.UsuarioResumoDto, HidroRec.Backend, Version=1.0.0.0, Culture=neutral, PublicKeyToken=null]]'.
2026-03-30 11:35:15.425 -03:00 [INF] Executed action HidroRec.Backend.Controllers.AuthController.Me (HidroRec.Backend) in 6.4634ms
2026-03-30 11:35:15.427 -03:00 [INF] Executed endpoint 'HidroRec.Backend.Controllers.AuthController.Me (HidroRec.Backend)'
2026-03-30 11:35:15.428 -03:00 [INF] HTTP GET /api/auth/me responded 200 in 17.2891 ms
2026-03-30 11:35:15.430 -03:00 [INF] Request finished HTTP/1.1 GET http://localhost:8080/api/auth/me - 200 null application/json; charset=utf-8 22.2514ms
2026-03-30 11:35:15.440 -03:00 [INF] Request starting HTTP/1.1 GET http://localhost:8080/api/dashboard/resumo - null null
2026-03-30 11:35:15.444 -03:00 [INF] Executing endpoint 'HidroRec.Backend.Controllers.DashboardController.GetResumo (HidroRec.Backend)'
2026-03-30 11:35:15.445 -03:00 [INF] Route matched with {action = "GetResumo", controller = "Dashboard"}. Executing controller action with signature System.Threading.Tasks.Task`1[Microsoft.AspNetCore.Mvc.ActionResult`1[HidroRec.Backend.Application.DTOs.Common.ApiResponse`1[HidroRec.Backend.Application.DTOs.Dashboard.DashboardResumoDto]]] GetResumo(System.Threading.CancellationToken) on controller HidroRec.Backend.Controllers.DashboardController (HidroRec.Backend).
2026-03-30 11:35:15.452 -03:00 [INF] Executing OkObjectResult, writing value of type 'HidroRec.Backend.Application.DTOs.Common.ApiResponse`1[[HidroRec.Backend.Application.DTOs.Dashboard.DashboardResumoDto, HidroRec.Backend, Version=1.0.0.0, Culture=neutral, PublicKeyToken=null]]'.
2026-03-30 11:35:15.454 -03:00 [INF] Executed action HidroRec.Backend.Controllers.DashboardController.GetResumo (HidroRec.Backend) in 7.0925ms
2026-03-30 11:35:15.456 -03:00 [INF] Executed endpoint 'HidroRec.Backend.Controllers.DashboardController.GetResumo (HidroRec.Backend)'
2026-03-30 11:35:15.457 -03:00 [INF] HTTP GET /api/dashboard/resumo responded 200 in 13.7720 ms
2026-03-30 11:35:15.458 -03:00 [INF] Request finished HTTP/1.1 GET http://localhost:8080/api/dashboard/resumo - 200 null application/json; charset=utf-8 17.8596ms
2026-03-30 11:39:58.691 -03:00 [INF] Request starting HTTP/1.1 GET http://localhost:8080/index.html - null null
2026-03-30 11:39:58.694 -03:00 [INF] The file /index.html was not modified
2026-03-30 11:39:58.695 -03:00 [INF] HTTP GET /index.html responded 304 in 1.4644 ms
2026-03-30 11:39:58.697 -03:00 [INF] Request finished HTTP/1.1 GET http://localhost:8080/index.html - 304 null text/html 5.6984ms
2026-03-30 11:39:58.712 -03:00 [INF] Request starting HTTP/1.1 GET http://localhost:8080/css/components.css - null null
2026-03-30 11:39:58.712 -03:00 [INF] Request starting HTTP/1.1 GET http://localhost:8080/css/dashboard.css - null null
2026-03-30 11:39:58.713 -03:00 [INF] Request starting HTTP/1.1 GET http://localhost:8080/js/dashboard.js - null null
2026-03-30 11:39:58.715 -03:00 [INF] The file /css/components.css was not modified
2026-03-30 11:39:58.716 -03:00 [INF] The file /css/dashboard.css was not modified
2026-03-30 11:39:58.718 -03:00 [INF] CORS policy execution successful.
2026-03-30 11:39:58.719 -03:00 [INF] HTTP GET /css/components.css responded 304 in 4.7887 ms
2026-03-30 11:39:58.720 -03:00 [INF] HTTP GET /css/dashboard.css responded 304 in 3.7077 ms
2026-03-30 11:39:58.721 -03:00 [INF] The file /js/dashboard.js was not modified
2026-03-30 11:39:58.722 -03:00 [INF] Request finished HTTP/1.1 GET http://localhost:8080/css/components.css - 304 null text/css 9.7678ms
2026-03-30 11:39:58.724 -03:00 [INF] Request finished HTTP/1.1 GET http://localhost:8080/css/dashboard.css - 304 null text/css 11.5173ms
2026-03-30 11:39:58.725 -03:00 [INF] HTTP GET /js/dashboard.js responded 304 in 6.4147 ms
2026-03-30 11:39:58.732 -03:00 [INF] Request finished HTTP/1.1 GET http://localhost:8080/js/dashboard.js - 304 null text/javascript 19.16ms
2026-03-30 11:39:58.735 -03:00 [INF] Request starting HTTP/1.1 GET http://localhost:8080/js/api.js - null null
2026-03-30 11:39:58.735 -03:00 [INF] Request starting HTTP/1.1 GET http://localhost:8080/js/utils.js - null null
2026-03-30 11:39:58.736 -03:00 [INF] Request starting HTTP/1.1 GET http://localhost:8080/js/app.js - null null
2026-03-30 11:39:58.738 -03:00 [INF] CORS policy execution successful.
2026-03-30 11:39:58.740 -03:00 [INF] CORS policy execution successful.
2026-03-30 11:39:58.742 -03:00 [INF] CORS policy execution successful.
2026-03-30 11:39:58.743 -03:00 [INF] The file /js/api.js was not modified
2026-03-30 11:39:58.744 -03:00 [INF] The file /js/utils.js was not modified
2026-03-30 11:39:58.745 -03:00 [INF] The file /js/app.js was not modified
2026-03-30 11:39:58.746 -03:00 [INF] HTTP GET /js/api.js responded 304 in 8.8322 ms
2026-03-30 11:39:58.747 -03:00 [INF] HTTP GET /js/utils.js responded 304 in 7.9822 ms
2026-03-30 11:39:58.749 -03:00 [INF] HTTP GET /js/app.js responded 304 in 6.8629 ms
2026-03-30 11:39:58.751 -03:00 [INF] Request finished HTTP/1.1 GET http://localhost:8080/js/api.js - 304 null text/javascript 16.1782ms
2026-03-30 11:39:58.755 -03:00 [INF] Request finished HTTP/1.1 GET http://localhost:8080/js/utils.js - 304 null text/javascript 19.3217ms
2026-03-30 11:39:58.757 -03:00 [INF] Request finished HTTP/1.1 GET http://localhost:8080/js/app.js - 304 null text/javascript 21.6471ms
2026-03-30 11:39:58.765 -03:00 [INF] Request starting HTTP/1.1 GET http://localhost:8080/api/auth/me - null null
2026-03-30 11:39:58.770 -03:00 [INF] Executing endpoint 'HidroRec.Backend.Controllers.AuthController.Me (HidroRec.Backend)'
2026-03-30 11:39:58.771 -03:00 [INF] Route matched with {action = "Me", controller = "Auth"}. Executing controller action with signature System.Threading.Tasks.Task`1[Microsoft.AspNetCore.Mvc.ActionResult`1[HidroRec.Backend.Application.DTOs.Common.ApiResponse`1[HidroRec.Backend.Application.DTOs.Auth.UsuarioResumoDto]]] Me(System.Threading.CancellationToken) on controller HidroRec.Backend.Controllers.AuthController (HidroRec.Backend).
2026-03-30 11:39:58.791 -03:00 [INF] Executing OkObjectResult, writing value of type 'HidroRec.Backend.Application.DTOs.Common.ApiResponse`1[[HidroRec.Backend.Application.DTOs.Auth.UsuarioResumoDto, HidroRec.Backend, Version=1.0.0.0, Culture=neutral, PublicKeyToken=null]]'.
2026-03-30 11:39:58.793 -03:00 [INF] Executed action HidroRec.Backend.Controllers.AuthController.Me (HidroRec.Backend) in 20.5568ms
2026-03-30 11:39:58.796 -03:00 [INF] Executed endpoint 'HidroRec.Backend.Controllers.AuthController.Me (HidroRec.Backend)'
2026-03-30 11:39:58.797 -03:00 [INF] HTTP GET /api/auth/me responded 200 in 29.5824 ms
2026-03-30 11:39:58.799 -03:00 [INF] Request finished HTTP/1.1 GET http://localhost:8080/api/auth/me - 200 null application/json; charset=utf-8 33.8712ms
2026-03-30 11:39:58.804 -03:00 [INF] Request starting HTTP/1.1 GET http://localhost:8080/api/dashboard/resumo - null null
2026-03-30 11:39:58.808 -03:00 [INF] Executing endpoint 'HidroRec.Backend.Controllers.DashboardController.GetResumo (HidroRec.Backend)'
2026-03-30 11:39:58.810 -03:00 [INF] Route matched with {action = "GetResumo", controller = "Dashboard"}. Executing controller action with signature System.Threading.Tasks.Task`1[Microsoft.AspNetCore.Mvc.ActionResult`1[HidroRec.Backend.Application.DTOs.Common.ApiResponse`1[HidroRec.Backend.Application.DTOs.Dashboard.DashboardResumoDto]]] GetResumo(System.Threading.CancellationToken) on controller HidroRec.Backend.Controllers.DashboardController (HidroRec.Backend).
2026-03-30 11:39:58.816 -03:00 [INF] Executing OkObjectResult, writing value of type 'HidroRec.Backend.Application.DTOs.Common.ApiResponse`1[[HidroRec.Backend.Application.DTOs.Dashboard.DashboardResumoDto, HidroRec.Backend, Version=1.0.0.0, Culture=neutral, PublicKeyToken=null]]'.
2026-03-30 11:39:58.819 -03:00 [INF] Executed action HidroRec.Backend.Controllers.DashboardController.GetResumo (HidroRec.Backend) in 7.2348ms
2026-03-30 11:39:58.822 -03:00 [INF] Executed endpoint 'HidroRec.Backend.Controllers.DashboardController.GetResumo (HidroRec.Backend)'
2026-03-30 11:39:58.825 -03:00 [INF] HTTP GET /api/dashboard/resumo responded 200 in 18.2696 ms
2026-03-30 11:39:58.828 -03:00 [INF] Request finished HTTP/1.1 GET http://localhost:8080/api/dashboard/resumo - 200 null application/json; charset=utf-8 24.6609ms
2026-03-30 11:40:10.552 -03:00 [INF] Request starting HTTP/1.1 GET http://localhost:8080/admin.html - null null
2026-03-30 11:40:10.556 -03:00 [INF] Sending file. Request path: '/admin.html'. Physical path: 'C:\Users\ACPGROUP\Desktop\HTML PURO\hidrorec\frontend\admin.html'
2026-03-30 11:40:10.557 -03:00 [INF] HTTP GET /admin.html responded 200 in 2.1443 ms
2026-03-30 11:40:10.558 -03:00 [INF] Request finished HTTP/1.1 GET http://localhost:8080/admin.html - 200 6475 text/html 5.9588ms
2026-03-30 11:40:10.569 -03:00 [INF] Request starting HTTP/1.1 GET http://localhost:8080/js/admin.js - null null
2026-03-30 11:40:10.569 -03:00 [INF] Request starting HTTP/1.1 GET http://localhost:8080/css/admin.css - null null
2026-03-30 11:40:10.571 -03:00 [INF] CORS policy execution successful.
2026-03-30 11:40:10.573 -03:00 [INF] Sending file. Request path: '/css/admin.css'. Physical path: 'C:\Users\ACPGROUP\Desktop\HTML PURO\hidrorec\frontend\css\admin.css'
2026-03-30 11:40:10.574 -03:00 [INF] Sending file. Request path: '/js/admin.js'. Physical path: 'C:\Users\ACPGROUP\Desktop\HTML PURO\hidrorec\frontend\js\admin.js'
2026-03-30 11:40:10.575 -03:00 [INF] HTTP GET /css/admin.css responded 200 in 2.1441 ms
2026-03-30 11:40:10.576 -03:00 [INF] HTTP GET /js/admin.js responded 200 in 4.8532 ms
2026-03-30 11:40:10.577 -03:00 [INF] Request finished HTTP/1.1 GET http://localhost:8080/css/admin.css - 200 1133 text/css 8.3934ms
2026-03-30 11:40:10.579 -03:00 [INF] Request finished HTTP/1.1 GET http://localhost:8080/js/admin.js - 200 7090 text/javascript 10.0239ms
2026-03-30 11:40:10.584 -03:00 [INF] Request starting HTTP/1.1 GET http://localhost:8080/api/auth/me - null null
2026-03-30 11:40:10.588 -03:00 [INF] Executing endpoint 'HidroRec.Backend.Controllers.AuthController.Me (HidroRec.Backend)'
2026-03-30 11:40:10.589 -03:00 [INF] Route matched with {action = "Me", controller = "Auth"}. Executing controller action with signature System.Threading.Tasks.Task`1[Microsoft.AspNetCore.Mvc.ActionResult`1[HidroRec.Backend.Application.DTOs.Common.ApiResponse`1[HidroRec.Backend.Application.DTOs.Auth.UsuarioResumoDto]]] Me(System.Threading.CancellationToken) on controller HidroRec.Backend.Controllers.AuthController (HidroRec.Backend).
2026-03-30 11:40:10.595 -03:00 [INF] Executing OkObjectResult, writing value of type 'HidroRec.Backend.Application.DTOs.Common.ApiResponse`1[[HidroRec.Backend.Application.DTOs.Auth.UsuarioResumoDto, HidroRec.Backend, Version=1.0.0.0, Culture=neutral, PublicKeyToken=null]]'.
2026-03-30 11:40:10.597 -03:00 [INF] Executed action HidroRec.Backend.Controllers.AuthController.Me (HidroRec.Backend) in 4.642ms
2026-03-30 11:40:10.598 -03:00 [INF] Executed endpoint 'HidroRec.Backend.Controllers.AuthController.Me (HidroRec.Backend)'
2026-03-30 11:40:10.600 -03:00 [INF] HTTP GET /api/auth/me responded 200 in 12.4101 ms
2026-03-30 11:40:10.603 -03:00 [INF] Request finished HTTP/1.1 GET http://localhost:8080/api/auth/me - 200 null application/json; charset=utf-8 18.4998ms
2026-03-30 11:40:17.803 -03:00 [INF] Request starting HTTP/1.1 POST http://localhost:8080/api/auth/login - application/json 56
2026-03-30 11:40:17.808 -03:00 [INF] CORS policy execution successful.
2026-03-30 11:40:17.810 -03:00 [INF] Executing endpoint 'HidroRec.Backend.Controllers.AuthController.Login (HidroRec.Backend)'
2026-03-30 11:40:17.813 -03:00 [INF] Route matched with {action = "Login", controller = "Auth"}. Executing controller action with signature System.Threading.Tasks.Task`1[Microsoft.AspNetCore.Mvc.ActionResult`1[HidroRec.Backend.Application.DTOs.Common.ApiResponse`1[HidroRec.Backend.Application.DTOs.Auth.AuthResponseDto]]] Login(HidroRec.Backend.Application.DTOs.Auth.LoginRequestDto, System.Threading.CancellationToken) on controller HidroRec.Backend.Controllers.AuthController (HidroRec.Backend).
2026-03-30 11:40:17.837 -03:00 [INF] Executing OkObjectResult, writing value of type 'HidroRec.Backend.Application.DTOs.Common.ApiResponse`1[[HidroRec.Backend.Application.DTOs.Auth.AuthResponseDto, HidroRec.Backend, Version=1.0.0.0, Culture=neutral, PublicKeyToken=null]]'.
2026-03-30 11:40:17.838 -03:00 [INF] Executed action HidroRec.Backend.Controllers.AuthController.Login (HidroRec.Backend) in 19.4968ms
2026-03-30 11:40:17.839 -03:00 [INF] Executed endpoint 'HidroRec.Backend.Controllers.AuthController.Login (HidroRec.Backend)'
2026-03-30 11:40:17.840 -03:00 [INF] HTTP POST /api/auth/login responded 200 in 33.0844 ms
2026-03-30 11:40:17.842 -03:00 [INF] Request finished HTTP/1.1 POST http://localhost:8080/api/auth/login - 200 null application/json; charset=utf-8 39.0433ms
2026-03-30 11:40:17.844 -03:00 [INF] Request starting HTTP/1.1 GET http://localhost:8080/api/admin/reportes - null null
2026-03-30 11:40:17.844 -03:00 [INF] Request starting HTTP/1.1 GET http://localhost:8080/api/admin/metricas - null null
2026-03-30 11:40:17.844 -03:00 [INF] Request starting HTTP/1.1 GET http://localhost:8080/api/admin/auditoria - null null
2026-03-30 11:40:17.844 -03:00 [INF] Request starting HTTP/1.1 GET http://localhost:8080/api/admin/logs - null null
2026-03-30 11:40:17.848 -03:00 [INF] Executing endpoint 'HidroRec.Backend.Controllers.AdminController.GetReportes (HidroRec.Backend)'
2026-03-30 11:40:17.850 -03:00 [INF] Executing endpoint 'HidroRec.Backend.Controllers.AdminController.GetMetricas (HidroRec.Backend)'
2026-03-30 11:40:17.851 -03:00 [INF] Executing endpoint 'HidroRec.Backend.Controllers.AdminController.GetAuditoria (HidroRec.Backend)'
2026-03-30 11:40:17.854 -03:00 [INF] Executing endpoint 'HidroRec.Backend.Controllers.AdminController.GetLogs (HidroRec.Backend)'
2026-03-30 11:40:17.857 -03:00 [INF] Route matched with {action = "GetMetricas", controller = "Admin"}. Executing controller action with signature System.Threading.Tasks.Task`1[Microsoft.AspNetCore.Mvc.ActionResult`1[HidroRec.Backend.Application.DTOs.Common.ApiResponse`1[HidroRec.Backend.Application.DTOs.Admin.AdminMetricasDto]]] GetMetricas(System.Threading.CancellationToken) on controller HidroRec.Backend.Controllers.AdminController (HidroRec.Backend).
2026-03-30 11:40:17.858 -03:00 [INF] Route matched with {action = "GetReportes", controller = "Admin"}. Executing controller action with signature System.Threading.Tasks.Task`1[Microsoft.AspNetCore.Mvc.ActionResult`1[HidroRec.Backend.Application.DTOs.Common.ApiResponse`1[HidroRec.Backend.Application.DTOs.Common.PagedResultDto`1[HidroRec.Backend.Application.DTOs.Reportes.ReporteAdminItemDto]]]] GetReportes(Int32, Int32, System.String, System.String, System.Threading.CancellationToken) on controller HidroRec.Backend.Controllers.AdminController (HidroRec.Backend).
2026-03-30 11:40:17.858 -03:00 [INF] Route matched with {action = "GetAuditoria", controller = "Admin"}. Executing controller action with signature System.Threading.Tasks.Task`1[Microsoft.AspNetCore.Mvc.ActionResult`1[HidroRec.Backend.Application.DTOs.Common.ApiResponse`1[System.Collections.Generic.IReadOnlyCollection`1[HidroRec.Backend.Application.DTOs.Admin.AuditoriaDto]]]] GetAuditoria(System.Threading.CancellationToken) on controller HidroRec.Backend.Controllers.AdminController (HidroRec.Backend).
2026-03-30 11:40:17.861 -03:00 [INF] Route matched with {action = "GetLogs", controller = "Admin"}. Executing controller action with signature System.Threading.Tasks.Task`1[Microsoft.AspNetCore.Mvc.ActionResult`1[HidroRec.Backend.Application.DTOs.Common.ApiResponse`1[System.Collections.Generic.IReadOnlyCollection`1[HidroRec.Backend.Application.DTOs.Admin.LogSistemaDto]]]] GetLogs(System.Threading.CancellationToken) on controller HidroRec.Backend.Controllers.AdminController (HidroRec.Backend).
2026-03-30 11:40:17.884 -03:00 [INF] Executing OkObjectResult, writing value of type 'HidroRec.Backend.Application.DTOs.Common.ApiResponse`1[[System.Collections.Generic.IReadOnlyCollection`1[[HidroRec.Backend.Application.DTOs.Admin.LogSistemaDto, HidroRec.Backend, Version=1.0.0.0, Culture=neutral, PublicKeyToken=null]], System.Private.CoreLib, Version=8.0.0.0, Culture=neutral, PublicKeyToken=7cec85d7bea7798e]]'.
2026-03-30 11:40:17.888 -03:00 [INF] Executed action HidroRec.Backend.Controllers.AdminController.GetLogs (HidroRec.Backend) in 21.7898ms
2026-03-30 11:40:17.890 -03:00 [INF] Executed endpoint 'HidroRec.Backend.Controllers.AdminController.GetLogs (HidroRec.Backend)'
2026-03-30 11:40:17.891 -03:00 [INF] HTTP GET /api/admin/logs responded 200 in 38.0476 ms
2026-03-30 11:40:17.893 -03:00 [INF] Request finished HTTP/1.1 GET http://localhost:8080/api/admin/logs - 200 null application/json; charset=utf-8 48.3868ms
2026-03-30 11:40:17.900 -03:00 [INF] Executing OkObjectResult, writing value of type 'HidroRec.Backend.Application.DTOs.Common.ApiResponse`1[[System.Collections.Generic.IReadOnlyCollection`1[[HidroRec.Backend.Application.DTOs.Admin.AuditoriaDto, HidroRec.Backend, Version=1.0.0.0, Culture=neutral, PublicKeyToken=null]], System.Private.CoreLib, Version=8.0.0.0, Culture=neutral, PublicKeyToken=7cec85d7bea7798e]]'.
2026-03-30 11:40:17.904 -03:00 [INF] Executed action HidroRec.Backend.Controllers.AdminController.GetAuditoria (HidroRec.Backend) in 39.3566ms
2026-03-30 11:40:17.905 -03:00 [INF] Executed endpoint 'HidroRec.Backend.Controllers.AdminController.GetAuditoria (HidroRec.Backend)'
2026-03-30 11:40:17.906 -03:00 [INF] HTTP GET /api/admin/auditoria responded 200 in 55.4559 ms
2026-03-30 11:40:17.908 -03:00 [INF] Request finished HTTP/1.1 GET http://localhost:8080/api/admin/auditoria - 200 null application/json; charset=utf-8 63.5336ms
2026-03-30 11:40:17.933 -03:00 [INF] Executing OkObjectResult, writing value of type 'HidroRec.Backend.Application.DTOs.Common.ApiResponse`1[[HidroRec.Backend.Application.DTOs.Common.PagedResultDto`1[[HidroRec.Backend.Application.DTOs.Reportes.ReporteAdminItemDto, HidroRec.Backend, Version=1.0.0.0, Culture=neutral, PublicKeyToken=null]], HidroRec.Backend, Version=1.0.0.0, Culture=neutral, PublicKeyToken=null]]'.
2026-03-30 11:40:17.952 -03:00 [INF] Executed action HidroRec.Backend.Controllers.AdminController.GetReportes (HidroRec.Backend) in 89.1544ms
2026-03-30 11:40:17.953 -03:00 [INF] Executed endpoint 'HidroRec.Backend.Controllers.AdminController.GetReportes (HidroRec.Backend)'
2026-03-30 11:40:17.954 -03:00 [INF] HTTP GET /api/admin/reportes responded 200 in 107.6334 ms
2026-03-30 11:40:17.956 -03:00 [INF] Request finished HTTP/1.1 GET http://localhost:8080/api/admin/reportes - 200 null application/json; charset=utf-8 111.6638ms
2026-03-30 11:40:17.960 -03:00 [INF] Executing OkObjectResult, writing value of type 'HidroRec.Backend.Application.DTOs.Common.ApiResponse`1[[HidroRec.Backend.Application.DTOs.Admin.AdminMetricasDto, HidroRec.Backend, Version=1.0.0.0, Culture=neutral, PublicKeyToken=null]]'.
2026-03-30 11:40:17.963 -03:00 [INF] Executed action HidroRec.Backend.Controllers.AdminController.GetMetricas (HidroRec.Backend) in 102.6197ms
2026-03-30 11:40:17.965 -03:00 [INF] Executed endpoint 'HidroRec.Backend.Controllers.AdminController.GetMetricas (HidroRec.Backend)'
2026-03-30 11:40:17.966 -03:00 [INF] HTTP GET /api/admin/metricas responded 200 in 116.0919 ms
2026-03-30 11:40:17.968 -03:00 [INF] Request finished HTTP/1.1 GET http://localhost:8080/api/admin/metricas - 200 null application/json; charset=utf-8 123.3619ms
2026-03-30 11:42:20.201 -03:00 [INF] Request starting HTTP/1.1 GET http://localhost:8080/acesso.html - null null
2026-03-30 11:42:20.227 -03:00 [INF] The file /acesso.html was not modified
2026-03-30 11:42:20.241 -03:00 [INF] HTTP GET /acesso.html responded 304 in 14.5512 ms
2026-03-30 11:42:20.378 -03:00 [INF] Request finished HTTP/1.1 GET http://localhost:8080/acesso.html - 304 null text/html 177.3697ms
2026-03-30 11:42:20.406 -03:00 [INF] Request starting HTTP/1.1 GET http://localhost:8080/css/layout.css - null null
2026-03-30 11:42:20.406 -03:00 [INF] Request starting HTTP/1.1 GET http://localhost:8080/css/acesso.css - null null
2026-03-30 11:42:20.432 -03:00 [INF] Request starting HTTP/1.1 GET http://localhost:8080/css/components.css - null null
2026-03-30 11:42:20.452 -03:00 [INF] Request starting HTTP/1.1 GET http://localhost:8080/js/acesso.js - null null
2026-03-30 11:42:20.858 -03:00 [INF] Request starting HTTP/1.1 GET http://localhost:8080/css/global.css - null null
2026-03-30 11:42:20.999 -03:00 [INF] The file /css/layout.css was not modified
2026-03-30 11:42:21.413 -03:00 [INF] HTTP GET /css/layout.css responded 304 in 413.5563 ms
2026-03-30 11:42:21.189 -03:00 [INF] The file /css/components.css was not modified
2026-03-30 11:42:21.618 -03:00 [INF] HTTP GET /css/components.css responded 304 in 430.1968 ms
2026-03-30 11:42:21.375 -03:00 [INF] The file /css/global.css was not modified
2026-03-30 11:42:21.024 -03:00 [INF] The file /css/acesso.css was not modified
2026-03-30 11:42:21.601 -03:00 [INF] Request finished HTTP/1.1 GET http://localhost:8080/css/layout.css - 304 null text/css 1194.5206ms
2026-03-30 11:42:21.211 -03:00 [INF] CORS policy execution successful.
2026-03-30 11:42:21.626 -03:00 [INF] Request finished HTTP/1.1 GET http://localhost:8080/css/components.css - 304 null text/css 1194.4269ms
2026-03-30 11:42:21.630 -03:00 [INF] HTTP GET /css/global.css responded 304 in 256.0473 ms
2026-03-30 11:42:21.653 -03:00 [INF] Request finished HTTP/1.1 GET http://localhost:8080/css/global.css - 304 null text/css 795.7584ms
2026-03-30 11:42:21.637 -03:00 [INF] The file /js/acesso.js was not modified
2026-03-30 11:42:21.631 -03:00 [INF] HTTP GET /css/acesso.css responded 304 in 607.4546 ms
2026-03-30 11:42:21.659 -03:00 [INF] HTTP GET /js/acesso.js responded 304 in 448.6232 ms
2026-03-30 11:42:21.661 -03:00 [INF] Request finished HTTP/1.1 GET http://localhost:8080/css/acesso.css - 304 null text/css 1254.118ms
2026-03-30 11:42:21.662 -03:00 [INF] Request finished HTTP/1.1 GET http://localhost:8080/js/acesso.js - 304 null text/javascript 1210.3688ms
2026-03-30 11:42:21.669 -03:00 [INF] Request starting HTTP/1.1 GET http://localhost:8080/js/api.js - null null
2026-03-30 11:42:21.669 -03:00 [INF] Request starting HTTP/1.1 GET http://localhost:8080/js/utils.js - null null
2026-03-30 11:42:21.672 -03:00 [INF] Request starting HTTP/1.1 GET http://localhost:8080/js/app.js - null null
2026-03-30 11:42:21.677 -03:00 [INF] CORS policy execution successful.
2026-03-30 11:42:21.680 -03:00 [INF] CORS policy execution successful.
2026-03-30 11:42:21.683 -03:00 [INF] CORS policy execution successful.
2026-03-30 11:42:21.700 -03:00 [INF] The file /js/app.js was not modified
2026-03-30 11:42:21.697 -03:00 [INF] The file /js/utils.js was not modified
2026-03-30 11:42:21.685 -03:00 [INF] The file /js/api.js was not modified
2026-03-30 11:42:21.701 -03:00 [INF] HTTP GET /js/app.js responded 304 in 18.1153 ms
2026-03-30 11:42:21.710 -03:00 [INF] HTTP GET /js/utils.js responded 304 in 29.2987 ms
2026-03-30 11:42:21.711 -03:00 [INF] HTTP GET /js/api.js responded 304 in 34.1076 ms
2026-03-30 11:42:21.712 -03:00 [INF] Request finished HTTP/1.1 GET http://localhost:8080/js/app.js - 304 null text/javascript 39.7774ms
2026-03-30 11:42:21.715 -03:00 [INF] Request finished HTTP/1.1 GET http://localhost:8080/js/utils.js - 304 null text/javascript 46.0064ms
2026-03-30 11:42:21.717 -03:00 [INF] Request finished HTTP/1.1 GET http://localhost:8080/js/api.js - 304 null text/javascript 47.9791ms
2026-03-30 11:42:21.732 -03:00 [INF] Request starting HTTP/1.1 GET http://localhost:8080/api/auth/me - null null
2026-03-30 11:42:21.735 -03:00 [INF] Executing endpoint 'HidroRec.Backend.Controllers.AuthController.Me (HidroRec.Backend)'
2026-03-30 11:42:21.736 -03:00 [INF] Route matched with {action = "Me", controller = "Auth"}. Executing controller action with signature System.Threading.Tasks.Task`1[Microsoft.AspNetCore.Mvc.ActionResult`1[HidroRec.Backend.Application.DTOs.Common.ApiResponse`1[HidroRec.Backend.Application.DTOs.Auth.UsuarioResumoDto]]] Me(System.Threading.CancellationToken) on controller HidroRec.Backend.Controllers.AuthController (HidroRec.Backend).
2026-03-30 11:42:21.747 -03:00 [INF] Executing OkObjectResult, writing value of type 'HidroRec.Backend.Application.DTOs.Common.ApiResponse`1[[HidroRec.Backend.Application.DTOs.Auth.UsuarioResumoDto, HidroRec.Backend, Version=1.0.0.0, Culture=neutral, PublicKeyToken=null]]'.
2026-03-30 11:42:21.748 -03:00 [INF] Executed action HidroRec.Backend.Controllers.AuthController.Me (HidroRec.Backend) in 6.752ms
2026-03-30 11:42:21.751 -03:00 [INF] Executed endpoint 'HidroRec.Backend.Controllers.AuthController.Me (HidroRec.Backend)'
2026-03-30 11:42:21.752 -03:00 [INF] HTTP GET /api/auth/me responded 200 in 17.7495 ms
2026-03-30 11:42:21.757 -03:00 [INF] Request finished HTTP/1.1 GET http://localhost:8080/api/auth/me - 200 null application/json; charset=utf-8 25.498ms
