2026-03-30 11:59:14.002 -03:00 [INF] User profile is available. Using 'C:\Users\ACPGROUP\AppData\Local\ASP.NET\DataProtection-Keys' as key repository and Windows DPAPI to encrypt keys at rest.
2026-03-30 11:59:14.087 -03:00 [ERR] Hosting failed to start
System.IO.IOException: Failed to bind to address http://127.0.0.1:8080: address already in use.
 ---> Microsoft.AspNetCore.Connections.AddressInUseException: Normalmente é permitida apenas uma utilização de cada endereço de soquete (protocolo/endereço de rede/porta).
 ---> System.Net.Sockets.SocketException (10048): Normalmente é permitida apenas uma utilização de cada endereço de soquete (protocolo/endereço de rede/porta).
   at System.Net.Sockets.Socket.UpdateStatusAfterSocketErrorAndThrowException(SocketError error, Boolean disconnectOnFailure, String callerName)
   at System.Net.Sockets.Socket.DoBind(EndPoint endPointSnapshot, SocketAddress socketAddress)
   at System.Net.Sockets.Socket.Bind(EndPoint localEP)
   at Microsoft.AspNetCore.Server.Kestrel.Transport.Sockets.SocketTransportOptions.CreateDefaultBoundListenSocket(EndPoint endpoint)
   at Microsoft.AspNetCore.Server.Kestrel.Transport.Sockets.SocketConnectionListener.Bind()
   --- End of inner exception stack trace ---
   at Microsoft.AspNetCore.Server.Kestrel.Transport.Sockets.SocketConnectionListener.Bind()
   at Microsoft.AspNetCore.Server.Kestrel.Transport.Sockets.SocketTransportFactory.BindAsync(EndPoint endpoint, CancellationToken cancellationToken)
   at Microsoft.AspNetCore.Server.Kestrel.Core.Internal.Infrastructure.TransportManager.BindAsync(EndPoint endPoint, ConnectionDelegate connectionDelegate, EndpointConfig endpointConfig, CancellationToken cancellationToken)
   at Microsoft.AspNetCore.Server.Kestrel.Core.KestrelServerImpl.<>c__DisplayClass28_0`1.<<StartAsync>g__OnBind|0>d.MoveNext()
--- End of stack trace from previous location ---
   at Microsoft.AspNetCore.Server.Kestrel.Core.Internal.AddressBinder.BindEndpointAsync(ListenOptions endpoint, AddressBindContext context, CancellationToken cancellationToken)
   --- End of inner exception stack trace ---
   at Microsoft.AspNetCore.Server.Kestrel.Core.Internal.AddressBinder.BindEndpointAsync(ListenOptions endpoint, AddressBindContext context, CancellationToken cancellationToken)
   at Microsoft.AspNetCore.Server.Kestrel.Core.LocalhostListenOptions.BindAsync(AddressBindContext context, CancellationToken cancellationToken)
   at Microsoft.AspNetCore.Server.Kestrel.Core.Internal.AddressBinder.AddressesStrategy.BindAsync(AddressBindContext context, CancellationToken cancellationToken)
   at Microsoft.AspNetCore.Server.Kestrel.Core.Internal.AddressBinder.BindAsync(ListenOptions[] listenOptions, AddressBindContext context, Func`2 useHttps, CancellationToken cancellationToken)
   at Microsoft.AspNetCore.Server.Kestrel.Core.KestrelServerImpl.BindAsync(CancellationToken cancellationToken)
   at Microsoft.AspNetCore.Server.Kestrel.Core.KestrelServerImpl.StartAsync[TContext](IHttpApplication`1 application, CancellationToken cancellationToken)
   at Microsoft.AspNetCore.Hosting.GenericWebHostService.StartAsync(CancellationToken cancellationToken)
   at Microsoft.Extensions.Hosting.Internal.Host.<StartAsync>b__15_1(IHostedService service, CancellationToken token)
   at Microsoft.Extensions.Hosting.Internal.Host.ForeachService[T](IEnumerable`1 services, CancellationToken token, Boolean concurrent, Boolean abortOnFirstException, List`1 exceptions, Func`3 operation)
2026-03-30 11:59:36.490 -03:00 [INF] User profile is available. Using 'C:\Users\ACPGROUP\AppData\Local\ASP.NET\DataProtection-Keys' as key repository and Windows DPAPI to encrypt keys at rest.
2026-03-30 11:59:36.573 -03:00 [ERR] Hosting failed to start
System.IO.IOException: Failed to bind to address http://127.0.0.1:8080: address already in use.
 ---> Microsoft.AspNetCore.Connections.AddressInUseException: Normalmente é permitida apenas uma utilização de cada endereço de soquete (protocolo/endereço de rede/porta).
 ---> System.Net.Sockets.SocketException (10048): Normalmente é permitida apenas uma utilização de cada endereço de soquete (protocolo/endereço de rede/porta).
   at System.Net.Sockets.Socket.UpdateStatusAfterSocketErrorAndThrowException(SocketError error, Boolean disconnectOnFailure, String callerName)
   at System.Net.Sockets.Socket.DoBind(EndPoint endPointSnapshot, SocketAddress socketAddress)
   at System.Net.Sockets.Socket.Bind(EndPoint localEP)
   at Microsoft.AspNetCore.Server.Kestrel.Transport.Sockets.SocketTransportOptions.CreateDefaultBoundListenSocket(EndPoint endpoint)
   at Microsoft.AspNetCore.Server.Kestrel.Transport.Sockets.SocketConnectionListener.Bind()
   --- End of inner exception stack trace ---
   at Microsoft.AspNetCore.Server.Kestrel.Transport.Sockets.SocketConnectionListener.Bind()
   at Microsoft.AspNetCore.Server.Kestrel.Transport.Sockets.SocketTransportFactory.BindAsync(EndPoint endpoint, CancellationToken cancellationToken)
   at Microsoft.AspNetCore.Server.Kestrel.Core.Internal.Infrastructure.TransportManager.BindAsync(EndPoint endPoint, ConnectionDelegate connectionDelegate, EndpointConfig endpointConfig, CancellationToken cancellationToken)
   at Microsoft.AspNetCore.Server.Kestrel.Core.KestrelServerImpl.<>c__DisplayClass28_0`1.<<StartAsync>g__OnBind|0>d.MoveNext()
--- End of stack trace from previous location ---
   at Microsoft.AspNetCore.Server.Kestrel.Core.Internal.AddressBinder.BindEndpointAsync(ListenOptions endpoint, AddressBindContext context, CancellationToken cancellationToken)
   --- End of inner exception stack trace ---
   at Microsoft.AspNetCore.Server.Kestrel.Core.Internal.AddressBinder.BindEndpointAsync(ListenOptions endpoint, AddressBindContext context, CancellationToken cancellationToken)
   at Microsoft.AspNetCore.Server.Kestrel.Core.LocalhostListenOptions.BindAsync(AddressBindContext context, CancellationToken cancellationToken)
   at Microsoft.AspNetCore.Server.Kestrel.Core.Internal.AddressBinder.AddressesStrategy.BindAsync(AddressBindContext context, CancellationToken cancellationToken)
   at Microsoft.AspNetCore.Server.Kestrel.Core.Internal.AddressBinder.BindAsync(ListenOptions[] listenOptions, AddressBindContext context, Func`2 useHttps, CancellationToken cancellationToken)
   at Microsoft.AspNetCore.Server.Kestrel.Core.KestrelServerImpl.BindAsync(CancellationToken cancellationToken)
   at Microsoft.AspNetCore.Server.Kestrel.Core.KestrelServerImpl.StartAsync[TContext](IHttpApplication`1 application, CancellationToken cancellationToken)
   at Microsoft.AspNetCore.Hosting.GenericWebHostService.StartAsync(CancellationToken cancellationToken)
   at Microsoft.Extensions.Hosting.Internal.Host.<StartAsync>b__15_1(IHostedService service, CancellationToken token)
   at Microsoft.Extensions.Hosting.Internal.Host.ForeachService[T](IEnumerable`1 services, CancellationToken token, Boolean concurrent, Boolean abortOnFirstException, List`1 exceptions, Func`3 operation)
2026-03-30 12:01:07.399 -03:00 [INF] User profile is available. Using 'C:\Users\ACPGROUP\AppData\Local\ASP.NET\DataProtection-Keys' as key repository and Windows DPAPI to encrypt keys at rest.
2026-03-30 12:01:07.483 -03:00 [INF] Now listening on: http://localhost:8080
2026-03-30 12:01:07.487 -03:00 [INF] Application started. Press Ctrl+C to shut down.
2026-03-30 12:01:07.488 -03:00 [INF] Hosting environment: Development
2026-03-30 12:01:07.489 -03:00 [INF] Content root path: C:\Users\ACPGROUP\Desktop\HTML PURO\hidrorec\backend
2026-03-30 12:01:15.506 -03:00 [INF] Request starting HTTP/1.1 GET http://localhost:8080/index.html - null null
2026-03-30 12:01:15.573 -03:00 [INF] The file /index.html was not modified
2026-03-30 12:01:15.578 -03:00 [INF] HTTP GET /index.html responded 304 in 37.4571 ms
2026-03-30 12:01:15.595 -03:00 [INF] Request finished HTTP/1.1 GET http://localhost:8080/index.html - 304 null text/html 85.8029ms
2026-03-30 12:01:15.608 -03:00 [INF] Request starting HTTP/1.1 GET http://localhost:8080/css/dashboard.css - null null
2026-03-30 12:01:15.608 -03:00 [INF] Request starting HTTP/1.1 GET http://localhost:8080/css/global.css - null null
2026-03-30 12:01:15.608 -03:00 [INF] Request starting HTTP/1.1 GET http://localhost:8080/css/layout.css - null null
2026-03-30 12:01:15.608 -03:00 [INF] Request starting HTTP/1.1 GET http://localhost:8080/css/components.css - null null
2026-03-30 12:01:15.609 -03:00 [INF] Request starting HTTP/1.1 GET http://localhost:8080/js/dashboard.js - null null
2026-03-30 12:01:15.619 -03:00 [INF] Sending file. Request path: '/css/dashboard.css'. Physical path: 'C:\Users\ACPGROUP\Desktop\HTML PURO\hidrorec\frontend\css\dashboard.css'
2026-03-30 12:01:15.619 -03:00 [INF] Sending file. Request path: '/css/global.css'. Physical path: 'C:\Users\ACPGROUP\Desktop\HTML PURO\hidrorec\frontend\css\global.css'
2026-03-30 12:01:15.620 -03:00 [INF] Sending file. Request path: '/css/layout.css'. Physical path: 'C:\Users\ACPGROUP\Desktop\HTML PURO\hidrorec\frontend\css\layout.css'
2026-03-30 12:01:15.628 -03:00 [INF] HTTP GET /css/layout.css responded 200 in 10.5690 ms
2026-03-30 12:01:15.625 -03:00 [INF] HTTP GET /css/dashboard.css responded 200 in 13.1152 ms
2026-03-30 12:01:15.626 -03:00 [INF] HTTP GET /css/global.css responded 200 in 12.0573 ms
2026-03-30 12:01:15.627 -03:00 [INF] CORS policy execution successful.
2026-03-30 12:01:15.625 -03:00 [INF] Sending file. Request path: '/css/components.css'. Physical path: 'C:\Users\ACPGROUP\Desktop\HTML PURO\hidrorec\frontend\css\components.css'
2026-03-30 12:01:15.631 -03:00 [INF] Request finished HTTP/1.1 GET http://localhost:8080/css/layout.css - 200 2989 text/css 23.0451ms
2026-03-30 12:01:15.633 -03:00 [INF] Request finished HTTP/1.1 GET http://localhost:8080/css/dashboard.css - 200 2663 text/css 24.8646ms
2026-03-30 12:01:15.637 -03:00 [INF] Request finished HTTP/1.1 GET http://localhost:8080/css/global.css - 200 2292 text/css 28.2394ms
2026-03-30 12:01:15.638 -03:00 [INF] The file /js/dashboard.js was not modified
2026-03-30 12:01:15.641 -03:00 [INF] HTTP GET /css/components.css responded 200 in 20.1150 ms
2026-03-30 12:01:15.653 -03:00 [INF] HTTP GET /js/dashboard.js responded 304 in 29.7965 ms
2026-03-30 12:01:15.657 -03:00 [INF] Request finished HTTP/1.1 GET http://localhost:8080/css/components.css - 200 6011 text/css 48.2619ms
2026-03-30 12:01:15.659 -03:00 [INF] Request finished HTTP/1.1 GET http://localhost:8080/js/dashboard.js - 304 null text/javascript 50.4449ms
2026-03-30 12:01:15.663 -03:00 [INF] Request starting HTTP/1.1 GET http://localhost:8080/js/mapa.js - null null
2026-03-30 12:01:15.663 -03:00 [INF] Request starting HTTP/1.1 GET http://localhost:8080/js/utils.js - null null
2026-03-30 12:01:15.663 -03:00 [INF] Request starting HTTP/1.1 GET http://localhost:8080/js/api.js - null null
2026-03-30 12:01:15.665 -03:00 [INF] Request starting HTTP/1.1 GET http://localhost:8080/js/app.js - null null
2026-03-30 12:01:15.668 -03:00 [INF] CORS policy execution successful.
2026-03-30 12:01:15.669 -03:00 [INF] CORS policy execution successful.
2026-03-30 12:01:15.671 -03:00 [INF] CORS policy execution successful.
2026-03-30 12:01:15.673 -03:00 [INF] CORS policy execution successful.
2026-03-30 12:01:15.675 -03:00 [INF] The file /js/mapa.js was not modified
2026-03-30 12:01:15.675 -03:00 [INF] The file /js/utils.js was not modified
2026-03-30 12:01:15.676 -03:00 [INF] The file /js/api.js was not modified
2026-03-30 12:01:15.677 -03:00 [INF] The file /js/app.js was not modified
2026-03-30 12:01:15.677 -03:00 [INF] HTTP GET /js/mapa.js responded 304 in 10.0145 ms
2026-03-30 12:01:15.678 -03:00 [INF] HTTP GET /js/utils.js responded 304 in 9.1093 ms
2026-03-30 12:01:15.679 -03:00 [INF] HTTP GET /js/api.js responded 304 in 8.3937 ms
2026-03-30 12:01:15.680 -03:00 [INF] HTTP GET /js/app.js responded 304 in 7.1398 ms
2026-03-30 12:01:15.682 -03:00 [INF] Request finished HTTP/1.1 GET http://localhost:8080/js/mapa.js - 304 null text/javascript 19.6943ms
2026-03-30 12:01:15.685 -03:00 [INF] Request finished HTTP/1.1 GET http://localhost:8080/js/utils.js - 304 null text/javascript 22.6917ms
2026-03-30 12:01:15.688 -03:00 [INF] Request finished HTTP/1.1 GET http://localhost:8080/js/api.js - 304 null text/javascript 25.2022ms
2026-03-30 12:01:15.691 -03:00 [INF] Request finished HTTP/1.1 GET http://localhost:8080/js/app.js - 304 null text/javascript 25.9394ms
2026-03-30 12:01:15.696 -03:00 [INF] Request starting HTTP/1.1 GET http://localhost:8080/api/auth/me - null null
2026-03-30 12:01:15.779 -03:00 [INF] Executing endpoint 'HidroRec.Backend.Controllers.AuthController.Me (HidroRec.Backend)'
2026-03-30 12:01:15.793 -03:00 [INF] Route matched with {action = "Me", controller = "Auth"}. Executing controller action with signature System.Threading.Tasks.Task`1[Microsoft.AspNetCore.Mvc.ActionResult`1[HidroRec.Backend.Application.DTOs.Common.ApiResponse`1[HidroRec.Backend.Application.DTOs.Auth.UsuarioResumoDto]]] Me(System.Threading.CancellationToken) on controller HidroRec.Backend.Controllers.AuthController (HidroRec.Backend).
2026-03-30 12:01:16.181 -03:00 [INF] Executing OkObjectResult, writing value of type 'HidroRec.Backend.Application.DTOs.Common.ApiResponse`1[[HidroRec.Backend.Application.DTOs.Auth.UsuarioResumoDto, HidroRec.Backend, Version=1.0.0.0, Culture=neutral, PublicKeyToken=null]]'.
2026-03-30 12:01:16.205 -03:00 [INF] Executed action HidroRec.Backend.Controllers.AuthController.Me (HidroRec.Backend) in 404.4253ms
2026-03-30 12:01:16.210 -03:00 [INF] Executed endpoint 'HidroRec.Backend.Controllers.AuthController.Me (HidroRec.Backend)'
2026-03-30 12:01:16.213 -03:00 [INF] HTTP GET /api/auth/me responded 200 in 508.2822 ms
2026-03-30 12:01:16.220 -03:00 [INF] Request finished HTTP/1.1 GET http://localhost:8080/api/auth/me - 200 null application/json; charset=utf-8 524.4448ms
2026-03-30 12:01:16.227 -03:00 [INF] Request starting HTTP/1.1 GET http://localhost:8080/api/dashboard/resumo - null null
2026-03-30 12:01:16.235 -03:00 [INF] Executing endpoint 'HidroRec.Backend.Controllers.DashboardController.GetResumo (HidroRec.Backend)'
2026-03-30 12:01:16.244 -03:00 [INF] Route matched with {action = "GetResumo", controller = "Dashboard"}. Executing controller action with signature System.Threading.Tasks.Task`1[Microsoft.AspNetCore.Mvc.ActionResult`1[HidroRec.Backend.Application.DTOs.Common.ApiResponse`1[HidroRec.Backend.Application.DTOs.Dashboard.DashboardResumoDto]]] GetResumo(System.Threading.CancellationToken) on controller HidroRec.Backend.Controllers.DashboardController (HidroRec.Backend).
2026-03-30 12:01:16.373 -03:00 [INF] Start processing HTTP request GET https://geoportal.apac.pe.gov.br/server/rest/services/met_volume_acumulado_chuva_municipio_24hs/MapServer/0/query?where=nm_mun%20%3D%20%27Recife%27&outFields=nm_mun,horas_24,ultima_leitura_data_hora&returnGeometry=false&f=json
2026-03-30 12:01:16.376 -03:00 [INF] Sending HTTP request GET https://geoportal.apac.pe.gov.br/server/rest/services/met_volume_acumulado_chuva_municipio_24hs/MapServer/0/query?where=nm_mun%20%3D%20%27Recife%27&outFields=nm_mun,horas_24,ultima_leitura_data_hora&returnGeometry=false&f=json
2026-03-30 12:01:16.688 -03:00 [INF] Received HTTP response headers after 308.1342ms - 200
2026-03-30 12:01:16.692 -03:00 [INF] End processing HTTP request after 319.8197ms - 200
2026-03-30 12:01:16.738 -03:00 [INF] Executing OkObjectResult, writing value of type 'HidroRec.Backend.Application.DTOs.Common.ApiResponse`1[[HidroRec.Backend.Application.DTOs.Dashboard.DashboardResumoDto, HidroRec.Backend, Version=1.0.0.0, Culture=neutral, PublicKeyToken=null]]'.
2026-03-30 12:01:16.771 -03:00 [INF] Executed action HidroRec.Backend.Controllers.DashboardController.GetResumo (HidroRec.Backend) in 522.6308ms
2026-03-30 12:01:16.774 -03:00 [INF] Executed endpoint 'HidroRec.Backend.Controllers.DashboardController.GetResumo (HidroRec.Backend)'
2026-03-30 12:01:16.776 -03:00 [INF] HTTP GET /api/dashboard/resumo responded 200 in 542.8394 ms
2026-03-30 12:01:16.778 -03:00 [INF] Request finished HTTP/1.1 GET http://localhost:8080/api/dashboard/resumo - 200 null application/json; charset=utf-8 551.0619ms
2026-03-30 12:02:36.509 -03:00 [INF] Request starting HTTP/1.1 GET http://localhost:8080/index.html - null null
2026-03-30 12:02:36.513 -03:00 [INF] The file /index.html was not modified
2026-03-30 12:02:36.514 -03:00 [INF] HTTP GET /index.html responded 304 in 1.6005 ms
2026-03-30 12:02:36.516 -03:00 [INF] Request finished HTTP/1.1 GET http://localhost:8080/index.html - 304 null text/html 6.4525ms
2026-03-30 12:02:36.534 -03:00 [INF] Request starting HTTP/1.1 GET http://localhost:8080/css/global.css - null null
2026-03-30 12:02:36.536 -03:00 [INF] Request starting HTTP/1.1 GET http://localhost:8080/css/layout.css - null null
2026-03-30 12:02:36.536 -03:00 [INF] Request starting HTTP/1.1 GET http://localhost:8080/css/components.css - null null
2026-03-30 12:02:36.536 -03:00 [INF] The file /css/global.css was not modified
2026-03-30 12:02:36.536 -03:00 [INF] Request starting HTTP/1.1 GET http://localhost:8080/css/dashboard.css - null null
2026-03-30 12:02:36.537 -03:00 [INF] Request starting HTTP/1.1 GET http://localhost:8080/js/api.js - null null
2026-03-30 12:02:36.539 -03:00 [INF] The file /css/layout.css was not modified
2026-03-30 12:02:36.541 -03:00 [INF] The file /css/components.css was not modified
2026-03-30 12:02:36.542 -03:00 [INF] HTTP GET /css/global.css responded 304 in 5.7145 ms
2026-03-30 12:02:36.545 -03:00 [INF] The file /css/dashboard.css was not modified
2026-03-30 12:02:36.547 -03:00 [INF] CORS policy execution successful.
2026-03-30 12:02:36.548 -03:00 [INF] HTTP GET /css/layout.css responded 304 in 10.2418 ms
2026-03-30 12:02:36.549 -03:00 [INF] HTTP GET /css/components.css responded 304 in 9.0715 ms
2026-03-30 12:02:36.552 -03:00 [INF] Request finished HTTP/1.1 GET http://localhost:8080/css/global.css - 304 null text/css 18.112ms
2026-03-30 12:02:36.553 -03:00 [INF] HTTP GET /css/dashboard.css responded 304 in 8.7210 ms
2026-03-30 12:02:36.554 -03:00 [INF] The file /js/api.js was not modified
2026-03-30 12:02:36.556 -03:00 [INF] Request finished HTTP/1.1 GET http://localhost:8080/css/layout.css - 304 null text/css 19.6495ms
2026-03-30 12:02:36.558 -03:00 [INF] Request finished HTTP/1.1 GET http://localhost:8080/css/components.css - 304 null text/css 22.2111ms
2026-03-30 12:02:36.565 -03:00 [INF] Request finished HTTP/1.1 GET http://localhost:8080/css/dashboard.css - 304 null text/css 28.0698ms
2026-03-30 12:02:36.565 -03:00 [INF] HTTP GET /js/api.js responded 304 in 18.1256 ms
2026-03-30 12:02:36.578 -03:00 [INF] Request finished HTTP/1.1 GET http://localhost:8080/js/api.js - 304 null text/javascript 41.2949ms
2026-03-30 12:02:36.582 -03:00 [INF] Request starting HTTP/1.1 GET http://localhost:8080/api/auth/me - null null
2026-03-30 12:02:36.595 -03:00 [INF] Executing endpoint 'HidroRec.Backend.Controllers.AuthController.Me (HidroRec.Backend)'
2026-03-30 12:02:36.598 -03:00 [INF] Route matched with {action = "Me", controller = "Auth"}. Executing controller action with signature System.Threading.Tasks.Task`1[Microsoft.AspNetCore.Mvc.ActionResult`1[HidroRec.Backend.Application.DTOs.Common.ApiResponse`1[HidroRec.Backend.Application.DTOs.Auth.UsuarioResumoDto]]] Me(System.Threading.CancellationToken) on controller HidroRec.Backend.Controllers.AuthController (HidroRec.Backend).
2026-03-30 12:02:36.618 -03:00 [INF] Executing OkObjectResult, writing value of type 'HidroRec.Backend.Application.DTOs.Common.ApiResponse`1[[HidroRec.Backend.Application.DTOs.Auth.UsuarioResumoDto, HidroRec.Backend, Version=1.0.0.0, Culture=neutral, PublicKeyToken=null]]'.
2026-03-30 12:02:36.621 -03:00 [INF] Executed action HidroRec.Backend.Controllers.AuthController.Me (HidroRec.Backend) in 19.5683ms
2026-03-30 12:02:36.622 -03:00 [INF] Executed endpoint 'HidroRec.Backend.Controllers.AuthController.Me (HidroRec.Backend)'
2026-03-30 12:02:36.623 -03:00 [INF] HTTP GET /api/auth/me responded 200 in 37.4810 ms
2026-03-30 12:02:36.627 -03:00 [INF] Request finished HTTP/1.1 GET http://localhost:8080/api/auth/me - 200 null application/json; charset=utf-8 44.0406ms
2026-03-30 12:02:36.631 -03:00 [INF] Request starting HTTP/1.1 GET http://localhost:8080/api/dashboard/resumo - null null
2026-03-30 12:02:36.637 -03:00 [INF] Executing endpoint 'HidroRec.Backend.Controllers.DashboardController.GetResumo (HidroRec.Backend)'
2026-03-30 12:02:36.638 -03:00 [INF] Route matched with {action = "GetResumo", controller = "Dashboard"}. Executing controller action with signature System.Threading.Tasks.Task`1[Microsoft.AspNetCore.Mvc.ActionResult`1[HidroRec.Backend.Application.DTOs.Common.ApiResponse`1[HidroRec.Backend.Application.DTOs.Dashboard.DashboardResumoDto]]] GetResumo(System.Threading.CancellationToken) on controller HidroRec.Backend.Controllers.DashboardController (HidroRec.Backend).
2026-03-30 12:02:36.648 -03:00 [INF] Start processing HTTP request GET https://geoportal.apac.pe.gov.br/server/rest/services/met_volume_acumulado_chuva_municipio_24hs/MapServer/0/query?where=nm_mun%20%3D%20%27Recife%27&outFields=nm_mun,horas_24,ultima_leitura_data_hora&returnGeometry=false&f=json
2026-03-30 12:02:36.650 -03:00 [INF] Sending HTTP request GET https://geoportal.apac.pe.gov.br/server/rest/services/met_volume_acumulado_chuva_municipio_24hs/MapServer/0/query?where=nm_mun%20%3D%20%27Recife%27&outFields=nm_mun,horas_24,ultima_leitura_data_hora&returnGeometry=false&f=json
2026-03-30 12:02:36.874 -03:00 [INF] Received HTTP response headers after 221.7101ms - 200
2026-03-30 12:02:36.878 -03:00 [INF] End processing HTTP request after 229.7395ms - 200
2026-03-30 12:02:36.881 -03:00 [INF] Executing OkObjectResult, writing value of type 'HidroRec.Backend.Application.DTOs.Common.ApiResponse`1[[HidroRec.Backend.Application.DTOs.Dashboard.DashboardResumoDto, HidroRec.Backend, Version=1.0.0.0, Culture=neutral, PublicKeyToken=null]]'.
2026-03-30 12:02:36.886 -03:00 [INF] Executed action HidroRec.Backend.Controllers.DashboardController.GetResumo (HidroRec.Backend) in 245.9312ms
2026-03-30 12:02:36.889 -03:00 [INF] Executed endpoint 'HidroRec.Backend.Controllers.DashboardController.GetResumo (HidroRec.Backend)'
2026-03-30 12:02:36.893 -03:00 [INF] HTTP GET /api/dashboard/resumo responded 200 in 256.4205 ms
2026-03-30 12:02:36.898 -03:00 [INF] Request finished HTTP/1.1 GET http://localhost:8080/api/dashboard/resumo - 200 null application/json; charset=utf-8 266.7454ms
2026-03-30 12:03:12.478 -03:00 [INF] Application is shutting down...
2026-03-30 12:03:21.173 -03:00 [INF] User profile is available. Using 'C:\Users\ACPGROUP\AppData\Local\ASP.NET\DataProtection-Keys' as key repository and Windows DPAPI to encrypt keys at rest.
2026-03-30 12:03:21.254 -03:00 [INF] Now listening on: http://localhost:8080
2026-03-30 12:03:21.257 -03:00 [INF] Application started. Press Ctrl+C to shut down.
2026-03-30 12:03:21.259 -03:00 [INF] Hosting environment: Development
2026-03-30 12:03:21.261 -03:00 [INF] Content root path: C:\Users\ACPGROUP\Desktop\HTML PURO\hidrorec\backend
2026-03-30 12:03:25.424 -03:00 [INF] Request starting HTTP/1.1 GET http://localhost:8080/index.html - null null
2026-03-30 12:03:25.464 -03:00 [INF] The file /index.html was not modified
2026-03-30 12:03:25.476 -03:00 [INF] HTTP GET /index.html responded 304 in 32.6500 ms
2026-03-30 12:03:25.486 -03:00 [INF] Request finished HTTP/1.1 GET http://localhost:8080/index.html - 304 null text/html 62.4424ms
2026-03-30 12:03:25.506 -03:00 [INF] Request starting HTTP/1.1 GET http://localhost:8080/css/global.css - null null
2026-03-30 12:03:25.507 -03:00 [INF] Request starting HTTP/1.1 GET http://localhost:8080/css/layout.css - null null
2026-03-30 12:03:25.508 -03:00 [INF] Request starting HTTP/1.1 GET http://localhost:8080/css/components.css - null null
2026-03-30 12:03:25.508 -03:00 [INF] Request starting HTTP/1.1 GET http://localhost:8080/css/dashboard.css - null null
2026-03-30 12:03:25.511 -03:00 [INF] The file /css/global.css was not modified
2026-03-30 12:03:25.513 -03:00 [INF] The file /css/layout.css was not modified
2026-03-30 12:03:25.515 -03:00 [INF] The file /css/components.css was not modified
2026-03-30 12:03:25.518 -03:00 [INF] The file /css/dashboard.css was not modified
2026-03-30 12:03:25.519 -03:00 [INF] HTTP GET /css/global.css responded 304 in 10.1345 ms
2026-03-30 12:03:25.520 -03:00 [INF] HTTP GET /css/layout.css responded 304 in 9.0397 ms
2026-03-30 12:03:25.523 -03:00 [INF] HTTP GET /css/components.css responded 304 in 7.6576 ms
2026-03-30 12:03:25.524 -03:00 [INF] HTTP GET /css/dashboard.css responded 304 in 5.3940 ms
2026-03-30 12:03:25.526 -03:00 [INF] Request finished HTTP/1.1 GET http://localhost:8080/css/global.css - 304 null text/css 19.8979ms
2026-03-30 12:03:25.528 -03:00 [INF] Request finished HTTP/1.1 GET http://localhost:8080/css/layout.css - 304 null text/css 21.2045ms
2026-03-30 12:03:25.530 -03:00 [INF] Request finished HTTP/1.1 GET http://localhost:8080/css/components.css - 304 null text/css 22.4345ms
2026-03-30 12:03:25.532 -03:00 [INF] Request finished HTTP/1.1 GET http://localhost:8080/css/dashboard.css - 304 null text/css 24.1462ms
2026-03-30 12:03:25.536 -03:00 [INF] Request starting HTTP/1.1 GET http://localhost:8080/api/auth/me - null null
2026-03-30 12:03:25.627 -03:00 [INF] Executing endpoint 'HidroRec.Backend.Controllers.AuthController.Me (HidroRec.Backend)'
2026-03-30 12:03:25.648 -03:00 [INF] Route matched with {action = "Me", controller = "Auth"}. Executing controller action with signature System.Threading.Tasks.Task`1[Microsoft.AspNetCore.Mvc.ActionResult`1[HidroRec.Backend.Application.DTOs.Common.ApiResponse`1[HidroRec.Backend.Application.DTOs.Auth.UsuarioResumoDto]]] Me(System.Threading.CancellationToken) on controller HidroRec.Backend.Controllers.AuthController (HidroRec.Backend).
2026-03-30 12:03:26.056 -03:00 [INF] Executing OkObjectResult, writing value of type 'HidroRec.Backend.Application.DTOs.Common.ApiResponse`1[[HidroRec.Backend.Application.DTOs.Auth.UsuarioResumoDto, HidroRec.Backend, Version=1.0.0.0, Culture=neutral, PublicKeyToken=null]]'.
2026-03-30 12:03:26.082 -03:00 [INF] Executed action HidroRec.Backend.Controllers.AuthController.Me (HidroRec.Backend) in 428.9176ms
2026-03-30 12:03:26.085 -03:00 [INF] Executed endpoint 'HidroRec.Backend.Controllers.AuthController.Me (HidroRec.Backend)'
2026-03-30 12:03:26.088 -03:00 [INF] HTTP GET /api/auth/me responded 200 in 540.0999 ms
2026-03-30 12:03:26.102 -03:00 [INF] Request finished HTTP/1.1 GET http://localhost:8080/api/auth/me - 200 null application/json; charset=utf-8 566.281ms
2026-03-30 12:03:26.106 -03:00 [INF] Request starting HTTP/1.1 GET http://localhost:8080/api/dashboard/resumo - null null
2026-03-30 12:03:26.113 -03:00 [INF] Executing endpoint 'HidroRec.Backend.Controllers.DashboardController.GetResumo (HidroRec.Backend)'
2026-03-30 12:03:26.119 -03:00 [INF] Route matched with {action = "GetResumo", controller = "Dashboard"}. Executing controller action with signature System.Threading.Tasks.Task`1[Microsoft.AspNetCore.Mvc.ActionResult`1[HidroRec.Backend.Application.DTOs.Common.ApiResponse`1[HidroRec.Backend.Application.DTOs.Dashboard.DashboardResumoDto]]] GetResumo(System.Threading.CancellationToken) on controller HidroRec.Backend.Controllers.DashboardController (HidroRec.Backend).
2026-03-30 12:03:26.249 -03:00 [INF] Start processing HTTP request GET https://geoportal.apac.pe.gov.br/server/rest/services/met_volume_acumulado_chuva_municipio_24hs/MapServer/0/query?where=nm_mun%20%3D%20%27Recife%27&outFields=nm_mun,horas_24,ultima_leitura_data_hora&returnGeometry=false&f=json
2026-03-30 12:03:26.250 -03:00 [INF] Sending HTTP request GET https://geoportal.apac.pe.gov.br/server/rest/services/met_volume_acumulado_chuva_municipio_24hs/MapServer/0/query?where=nm_mun%20%3D%20%27Recife%27&outFields=nm_mun,horas_24,ultima_leitura_data_hora&returnGeometry=false&f=json
2026-03-30 12:03:26.520 -03:00 [INF] Received HTTP response headers after 264.3496ms - 200
2026-03-30 12:03:26.524 -03:00 [INF] End processing HTTP request after 276.3045ms - 200
2026-03-30 12:03:26.574 -03:00 [INF] Executing OkObjectResult, writing value of type 'HidroRec.Backend.Application.DTOs.Common.ApiResponse`1[[HidroRec.Backend.Application.DTOs.Dashboard.DashboardResumoDto, HidroRec.Backend, Version=1.0.0.0, Culture=neutral, PublicKeyToken=null]]'.
2026-03-30 12:03:26.595 -03:00 [INF] Executed action HidroRec.Backend.Controllers.DashboardController.GetResumo (HidroRec.Backend) in 474.1084ms
2026-03-30 12:03:26.597 -03:00 [INF] Executed endpoint 'HidroRec.Backend.Controllers.DashboardController.GetResumo (HidroRec.Backend)'
2026-03-30 12:03:26.599 -03:00 [INF] HTTP GET /api/dashboard/resumo responded 200 in 488.1435 ms
2026-03-30 12:03:26.604 -03:00 [INF] Request finished HTTP/1.1 GET http://localhost:8080/api/dashboard/resumo - 200 null application/json; charset=utf-8 497.1111ms
2026-03-30 12:03:38.148 -03:00 [INF] Request starting HTTP/1.1 GET http://localhost:8080/css/mapa.css - null null
2026-03-30 12:03:38.153 -03:00 [INF] The file /css/mapa.css was not modified
2026-03-30 12:03:38.154 -03:00 [INF] HTTP GET /css/mapa.css responded 304 in 1.5955 ms
2026-03-30 12:03:38.156 -03:00 [INF] Request finished HTTP/1.1 GET http://localhost:8080/css/mapa.css - 304 null text/css 8.0876ms
2026-03-30 12:03:38.188 -03:00 [INF] Request starting HTTP/1.1 GET http://localhost:8080/.well-known/appspecific/com.chrome.devtools.json - null null
2026-03-30 12:03:38.195 -03:00 [INF] HTTP GET /.well-known/appspecific/com.chrome.devtools.json responded 404 in 4.8424 ms
2026-03-30 12:03:38.198 -03:00 [INF] Request finished HTTP/1.1 GET http://localhost:8080/.well-known/appspecific/com.chrome.devtools.json - 404 0 null 9.7665ms
2026-03-30 12:03:38.203 -03:00 [INF] Request reached the end of the middleware pipeline without being handled by application code. Request path: GET http://localhost:8080/.well-known/appspecific/com.chrome.devtools.json, Response status code: 404
2026-03-30 12:03:49.652 -03:00 [INF] Request starting HTTP/1.1 GET http://localhost:8080/previsoes.html - null null
2026-03-30 12:03:49.656 -03:00 [INF] The file /previsoes.html was not modified
2026-03-30 12:03:49.657 -03:00 [INF] HTTP GET /previsoes.html responded 304 in 1.8190 ms
2026-03-30 12:03:49.659 -03:00 [INF] Request finished HTTP/1.1 GET http://localhost:8080/previsoes.html - 304 null text/html 6.2906ms
2026-03-30 12:03:49.685 -03:00 [INF] Request starting HTTP/1.1 GET http://localhost:8080/.well-known/appspecific/com.chrome.devtools.json - null null
2026-03-30 12:03:49.688 -03:00 [INF] HTTP GET /.well-known/appspecific/com.chrome.devtools.json responded 404 in 0.4607 ms
2026-03-30 12:03:49.690 -03:00 [INF] Request finished HTTP/1.1 GET http://localhost:8080/.well-known/appspecific/com.chrome.devtools.json - 404 0 null 5.9605ms
2026-03-30 12:03:49.691 -03:00 [INF] Request starting HTTP/1.1 GET http://localhost:8080/css/previsoes.css - null null
2026-03-30 12:03:49.696 -03:00 [INF] Request reached the end of the middleware pipeline without being handled by application code. Request path: GET http://localhost:8080/.well-known/appspecific/com.chrome.devtools.json, Response status code: 404
2026-03-30 12:03:49.702 -03:00 [INF] Request starting HTTP/1.1 GET http://localhost:8080/js/previsoes.js - null null
2026-03-30 12:03:49.704 -03:00 [INF] Sending file. Request path: '/css/previsoes.css'. Physical path: 'C:\Users\ACPGROUP\Desktop\HTML PURO\hidrorec\frontend\css\previsoes.css'
2026-03-30 12:03:49.706 -03:00 [INF] HTTP GET /css/previsoes.css responded 200 in 6.4467 ms
2026-03-30 12:03:49.707 -03:00 [INF] CORS policy execution successful.
2026-03-30 12:03:49.708 -03:00 [INF] Request finished HTTP/1.1 GET http://localhost:8080/css/previsoes.css - 200 516 text/css 17.1823ms
2026-03-30 12:03:49.710 -03:00 [INF] The file /js/previsoes.js was not modified
2026-03-30 12:03:49.714 -03:00 [INF] HTTP GET /js/previsoes.js responded 304 in 8.9920 ms
2026-03-30 12:03:49.716 -03:00 [INF] Request finished HTTP/1.1 GET http://localhost:8080/js/previsoes.js - 304 null text/javascript 14.6212ms
2026-03-30 12:03:49.727 -03:00 [INF] Request starting HTTP/1.1 GET http://localhost:8080/api/auth/me - null null
2026-03-30 12:03:49.728 -03:00 [INF] Request starting HTTP/1.1 GET http://localhost:8080/api/previsoes - null null
2026-03-30 12:03:49.735 -03:00 [INF] Executing endpoint 'HidroRec.Backend.Controllers.AuthController.Me (HidroRec.Backend)'
2026-03-30 12:03:49.736 -03:00 [INF] Executing endpoint 'HidroRec.Backend.Controllers.PrevisoesController.GetResumo (HidroRec.Backend)'
2026-03-30 12:03:49.738 -03:00 [INF] Route matched with {action = "Me", controller = "Auth"}. Executing controller action with signature System.Threading.Tasks.Task`1[Microsoft.AspNetCore.Mvc.ActionResult`1[HidroRec.Backend.Application.DTOs.Common.ApiResponse`1[HidroRec.Backend.Application.DTOs.Auth.UsuarioResumoDto]]] Me(System.Threading.CancellationToken) on controller HidroRec.Backend.Controllers.AuthController (HidroRec.Backend).
2026-03-30 12:03:49.747 -03:00 [INF] Route matched with {action = "GetResumo", controller = "Previsoes"}. Executing controller action with signature System.Threading.Tasks.Task`1[Microsoft.AspNetCore.Mvc.ActionResult`1[HidroRec.Backend.Application.DTOs.Common.ApiResponse`1[HidroRec.Backend.Application.DTOs.Previsoes.PrevisaoResumoDto]]] GetResumo(System.Threading.CancellationToken) on controller HidroRec.Backend.Controllers.PrevisoesController (HidroRec.Backend).
2026-03-30 12:03:49.755 -03:00 [INF] Start processing HTTP request GET https://geoportal.apac.pe.gov.br/server/rest/services/met_volume_acumulado_chuva_municipio_24hs/MapServer/0/query?where=nm_mun%20%3D%20%27Recife%27&outFields=nm_mun,horas_24,ultima_leitura_data_hora&returnGeometry=false&f=json
2026-03-30 12:03:49.757 -03:00 [INF] Sending HTTP request GET https://geoportal.apac.pe.gov.br/server/rest/services/met_volume_acumulado_chuva_municipio_24hs/MapServer/0/query?where=nm_mun%20%3D%20%27Recife%27&outFields=nm_mun,horas_24,ultima_leitura_data_hora&returnGeometry=false&f=json
2026-03-30 12:03:49.759 -03:00 [INF] Executing OkObjectResult, writing value of type 'HidroRec.Backend.Application.DTOs.Common.ApiResponse`1[[HidroRec.Backend.Application.DTOs.Auth.UsuarioResumoDto, HidroRec.Backend, Version=1.0.0.0, Culture=neutral, PublicKeyToken=null]]'.
2026-03-30 12:03:49.764 -03:00 [INF] Executed action HidroRec.Backend.Controllers.AuthController.Me (HidroRec.Backend) in 21.1782ms
2026-03-30 12:03:49.765 -03:00 [INF] Executed endpoint 'HidroRec.Backend.Controllers.AuthController.Me (HidroRec.Backend)'
2026-03-30 12:03:49.766 -03:00 [INF] HTTP GET /api/auth/me responded 200 in 33.4545 ms
2026-03-30 12:03:49.771 -03:00 [INF] Request finished HTTP/1.1 GET http://localhost:8080/api/auth/me - 200 null application/json; charset=utf-8 43.4758ms
2026-03-30 12:03:49.817 -03:00 [INF] Received HTTP response headers after 59.2933ms - 200
2026-03-30 12:03:49.819 -03:00 [INF] End processing HTTP request after 63.4999ms - 200
2026-03-30 12:03:49.821 -03:00 [INF] Executing OkObjectResult, writing value of type 'HidroRec.Backend.Application.DTOs.Common.ApiResponse`1[[HidroRec.Backend.Application.DTOs.Previsoes.PrevisaoResumoDto, HidroRec.Backend, Version=1.0.0.0, Culture=neutral, PublicKeyToken=null]]'.
2026-03-30 12:03:49.827 -03:00 [INF] Executed action HidroRec.Backend.Controllers.PrevisoesController.GetResumo (HidroRec.Backend) in 76.2696ms
2026-03-30 12:03:49.829 -03:00 [INF] Executed endpoint 'HidroRec.Backend.Controllers.PrevisoesController.GetResumo (HidroRec.Backend)'
2026-03-30 12:03:49.830 -03:00 [INF] HTTP GET /api/previsoes responded 200 in 94.8674 ms
2026-03-30 12:03:49.832 -03:00 [INF] Request finished HTTP/1.1 GET http://localhost:8080/api/previsoes - 200 null application/json; charset=utf-8 103.8122ms
2026-03-30 12:03:54.586 -03:00 [INF] Request starting HTTP/1.1 GET http://localhost:8080/.well-known/appspecific/com.chrome.devtools.json - null null
2026-03-30 12:03:54.591 -03:00 [INF] HTTP GET /.well-known/appspecific/com.chrome.devtools.json responded 404 in 0.9692 ms
2026-03-30 12:03:54.594 -03:00 [INF] Request finished HTTP/1.1 GET http://localhost:8080/.well-known/appspecific/com.chrome.devtools.json - 404 0 null 7.0905ms
2026-03-30 12:03:54.596 -03:00 [INF] Request reached the end of the middleware pipeline without being handled by application code. Request path: GET http://localhost:8080/.well-known/appspecific/com.chrome.devtools.json, Response status code: 404
2026-03-30 12:03:54.601 -03:00 [INF] Request starting HTTP/1.1 GET http://localhost:8080/js/api.js - null null
2026-03-30 12:03:54.604 -03:00 [INF] CORS policy execution successful.
2026-03-30 12:03:54.607 -03:00 [INF] The file /js/api.js was not modified
2026-03-30 12:03:54.608 -03:00 [INF] HTTP GET /js/api.js responded 304 in 3.9016 ms
2026-03-30 12:03:54.611 -03:00 [INF] Request finished HTTP/1.1 GET http://localhost:8080/js/api.js - 304 null text/javascript 9.8413ms
2026-03-30 12:03:54.621 -03:00 [INF] Request starting HTTP/1.1 GET http://localhost:8080/api/auth/me - null null
2026-03-30 12:03:54.629 -03:00 [INF] Executing endpoint 'HidroRec.Backend.Controllers.AuthController.Me (HidroRec.Backend)'
2026-03-30 12:03:54.631 -03:00 [INF] Route matched with {action = "Me", controller = "Auth"}. Executing controller action with signature System.Threading.Tasks.Task`1[Microsoft.AspNetCore.Mvc.ActionResult`1[HidroRec.Backend.Application.DTOs.Common.ApiResponse`1[HidroRec.Backend.Application.DTOs.Auth.UsuarioResumoDto]]] Me(System.Threading.CancellationToken) on controller HidroRec.Backend.Controllers.AuthController (HidroRec.Backend).
2026-03-30 12:03:54.642 -03:00 [INF] Executing OkObjectResult, writing value of type 'HidroRec.Backend.Application.DTOs.Common.ApiResponse`1[[HidroRec.Backend.Application.DTOs.Auth.UsuarioResumoDto, HidroRec.Backend, Version=1.0.0.0, Culture=neutral, PublicKeyToken=null]]'.
2026-03-30 12:03:54.645 -03:00 [INF] Executed action HidroRec.Backend.Controllers.AuthController.Me (HidroRec.Backend) in 11.9294ms
2026-03-30 12:03:54.647 -03:00 [INF] Executed endpoint 'HidroRec.Backend.Controllers.AuthController.Me (HidroRec.Backend)'
2026-03-30 12:03:54.648 -03:00 [INF] HTTP GET /api/auth/me responded 200 in 23.5763 ms
2026-03-30 12:03:54.651 -03:00 [INF] Request finished HTTP/1.1 GET http://localhost:8080/api/auth/me - 200 null application/json; charset=utf-8 29.9333ms
2026-03-30 12:03:54.655 -03:00 [INF] Request starting HTTP/1.1 GET http://localhost:8080/api/dashboard/resumo - null null
2026-03-30 12:03:54.662 -03:00 [INF] Executing endpoint 'HidroRec.Backend.Controllers.DashboardController.GetResumo (HidroRec.Backend)'
2026-03-30 12:03:54.663 -03:00 [INF] Route matched with {action = "GetResumo", controller = "Dashboard"}. Executing controller action with signature System.Threading.Tasks.Task`1[Microsoft.AspNetCore.Mvc.ActionResult`1[HidroRec.Backend.Application.DTOs.Common.ApiResponse`1[HidroRec.Backend.Application.DTOs.Dashboard.DashboardResumoDto]]] GetResumo(System.Threading.CancellationToken) on controller HidroRec.Backend.Controllers.DashboardController (HidroRec.Backend).
2026-03-30 12:03:54.673 -03:00 [INF] Start processing HTTP request GET https://geoportal.apac.pe.gov.br/server/rest/services/met_volume_acumulado_chuva_municipio_24hs/MapServer/0/query?where=nm_mun%20%3D%20%27Recife%27&outFields=nm_mun,horas_24,ultima_leitura_data_hora&returnGeometry=false&f=json
2026-03-30 12:03:54.674 -03:00 [INF] Sending HTTP request GET https://geoportal.apac.pe.gov.br/server/rest/services/met_volume_acumulado_chuva_municipio_24hs/MapServer/0/query?where=nm_mun%20%3D%20%27Recife%27&outFields=nm_mun,horas_24,ultima_leitura_data_hora&returnGeometry=false&f=json
2026-03-30 12:03:55.099 -03:00 [INF] Received HTTP response headers after 423.9306ms - 200
2026-03-30 12:03:55.101 -03:00 [INF] End processing HTTP request after 428.7429ms - 200
2026-03-30 12:03:55.105 -03:00 [INF] Executing OkObjectResult, writing value of type 'HidroRec.Backend.Application.DTOs.Common.ApiResponse`1[[HidroRec.Backend.Application.DTOs.Dashboard.DashboardResumoDto, HidroRec.Backend, Version=1.0.0.0, Culture=neutral, PublicKeyToken=null]]'.
2026-03-30 12:03:55.108 -03:00 [INF] Executed action HidroRec.Backend.Controllers.DashboardController.GetResumo (HidroRec.Backend) in 441.9332ms
2026-03-30 12:03:55.109 -03:00 [INF] Executed endpoint 'HidroRec.Backend.Controllers.DashboardController.GetResumo (HidroRec.Backend)'
2026-03-30 12:03:55.111 -03:00 [INF] HTTP GET /api/dashboard/resumo responded 200 in 452.4483 ms
2026-03-30 12:03:55.114 -03:00 [INF] Request finished HTTP/1.1 GET http://localhost:8080/api/dashboard/resumo - 200 null application/json; charset=utf-8 458.5092ms
2026-03-30 12:05:22.258 -03:00 [INF] Request starting HTTP/1.1 GET http://localhost:8080/index.html - null null
2026-03-30 12:05:22.263 -03:00 [INF] The file /index.html was not modified
2026-03-30 12:05:22.264 -03:00 [INF] HTTP GET /index.html responded 304 in 2.3405 ms
2026-03-30 12:05:22.267 -03:00 [INF] Request finished HTTP/1.1 GET http://localhost:8080/index.html - 304 null text/html 8.6471ms
2026-03-30 12:05:22.288 -03:00 [INF] Request starting HTTP/1.1 GET http://localhost:8080/.well-known/appspecific/com.chrome.devtools.json - null null
2026-03-30 12:05:22.293 -03:00 [INF] HTTP GET /.well-known/appspecific/com.chrome.devtools.json responded 404 in 0.6324 ms
2026-03-30 12:05:22.293 -03:00 [INF] Request starting HTTP/1.1 GET http://localhost:8080/css/layout.css - null null
2026-03-30 12:05:22.293 -03:00 [INF] Request starting HTTP/1.1 GET http://localhost:8080/css/components.css - null null
2026-03-30 12:05:22.293 -03:00 [INF] Request starting HTTP/1.1 GET http://localhost:8080/css/global.css - null null
2026-03-30 12:05:22.296 -03:00 [INF] Request starting HTTP/1.1 GET http://localhost:8080/css/dashboard.css - null null
2026-03-30 12:05:22.296 -03:00 [INF] Request starting HTTP/1.1 GET http://localhost:8080/js/dashboard.js - null null
2026-03-30 12:05:22.296 -03:00 [INF] Request finished HTTP/1.1 GET http://localhost:8080/.well-known/appspecific/com.chrome.devtools.json - 404 0 null 7.8113ms
2026-03-30 12:05:22.300 -03:00 [INF] The file /css/layout.css was not modified
2026-03-30 12:05:22.304 -03:00 [INF] The file /css/components.css was not modified
2026-03-30 12:05:22.308 -03:00 [INF] The file /css/global.css was not modified
2026-03-30 12:05:22.311 -03:00 [INF] The file /css/dashboard.css was not modified
2026-03-30 12:05:22.314 -03:00 [INF] CORS policy execution successful.
2026-03-30 12:05:22.318 -03:00 [INF] Request reached the end of the middleware pipeline without being handled by application code. Request path: GET http://localhost:8080/.well-known/appspecific/com.chrome.devtools.json, Response status code: 404
2026-03-30 12:05:22.319 -03:00 [INF] HTTP GET /css/layout.css responded 304 in 19.9702 ms
2026-03-30 12:05:22.320 -03:00 [INF] HTTP GET /css/components.css responded 304 in 16.9329 ms
2026-03-30 12:05:22.321 -03:00 [INF] HTTP GET /css/global.css responded 304 in 13.5335 ms
2026-03-30 12:05:22.324 -03:00 [INF] HTTP GET /css/dashboard.css responded 304 in 13.7894 ms
2026-03-30 12:05:22.326 -03:00 [INF] The file /js/dashboard.js was not modified
2026-03-30 12:05:22.330 -03:00 [INF] Request finished HTTP/1.1 GET http://localhost:8080/css/layout.css - 304 null text/css 37.0939ms
2026-03-30 12:05:22.332 -03:00 [INF] Request finished HTTP/1.1 GET http://localhost:8080/css/components.css - 304 null text/css 38.141ms
2026-03-30 12:05:22.334 -03:00 [INF] Request finished HTTP/1.1 GET http://localhost:8080/css/global.css - 304 null text/css 40.9188ms
2026-03-30 12:05:22.336 -03:00 [INF] Request finished HTTP/1.1 GET http://localhost:8080/css/dashboard.css - 304 null text/css 40.0299ms
2026-03-30 12:05:22.336 -03:00 [INF] HTTP GET /js/dashboard.js responded 304 in 22.2841 ms
2026-03-30 12:05:22.353 -03:00 [INF] Request finished HTTP/1.1 GET http://localhost:8080/js/dashboard.js - 304 null text/javascript 56.7157ms
2026-03-30 12:05:22.357 -03:00 [INF] Request starting HTTP/1.1 GET http://localhost:8080/js/app.js - null null
2026-03-30 12:05:22.358 -03:00 [INF] Request starting HTTP/1.1 GET http://localhost:8080/js/api.js - null null
2026-03-30 12:05:22.358 -03:00 [INF] Request starting HTTP/1.1 GET http://localhost:8080/js/utils.js - null null
2026-03-30 12:05:22.370 -03:00 [INF] CORS policy execution successful.
2026-03-30 12:05:22.370 -03:00 [INF] The file /js/utils.js was not modified
2026-03-30 12:05:22.365 -03:00 [INF] CORS policy execution successful.
2026-03-30 12:05:22.367 -03:00 [INF] CORS policy execution successful.
2026-03-30 12:05:22.380 -03:00 [INF] The file /js/app.js was not modified
2026-03-30 12:05:22.379 -03:00 [INF] HTTP GET /js/utils.js responded 304 in 9.3417 ms
2026-03-30 12:05:22.384 -03:00 [INF] Request finished HTTP/1.1 GET http://localhost:8080/js/utils.js - 304 null text/javascript 25.8279ms
2026-03-30 12:05:22.382 -03:00 [INF] HTTP GET /js/app.js responded 304 in 17.2450 ms
2026-03-30 12:05:22.380 -03:00 [INF] The file /js/api.js was not modified
2026-03-30 12:05:22.388 -03:00 [INF] Request finished HTTP/1.1 GET http://localhost:8080/js/app.js - 304 null text/javascript 31.0954ms
2026-03-30 12:05:22.389 -03:00 [INF] HTTP GET /js/api.js responded 304 in 21.8140 ms
2026-03-30 12:05:22.395 -03:00 [INF] Request finished HTTP/1.1 GET http://localhost:8080/js/api.js - 304 null text/javascript 36.9969ms
2026-03-30 12:05:22.402 -03:00 [INF] Request starting HTTP/1.1 GET http://localhost:8080/api/auth/me - null null
2026-03-30 12:05:22.408 -03:00 [INF] Executing endpoint 'HidroRec.Backend.Controllers.AuthController.Me (HidroRec.Backend)'
2026-03-30 12:05:22.409 -03:00 [INF] Route matched with {action = "Me", controller = "Auth"}. Executing controller action with signature System.Threading.Tasks.Task`1[Microsoft.AspNetCore.Mvc.ActionResult`1[HidroRec.Backend.Application.DTOs.Common.ApiResponse`1[HidroRec.Backend.Application.DTOs.Auth.UsuarioResumoDto]]] Me(System.Threading.CancellationToken) on controller HidroRec.Backend.Controllers.AuthController (HidroRec.Backend).
2026-03-30 12:05:22.418 -03:00 [INF] Executing OkObjectResult, writing value of type 'HidroRec.Backend.Application.DTOs.Common.ApiResponse`1[[HidroRec.Backend.Application.DTOs.Auth.UsuarioResumoDto, HidroRec.Backend, Version=1.0.0.0, Culture=neutral, PublicKeyToken=null]]'.
2026-03-30 12:05:22.419 -03:00 [INF] Executed action HidroRec.Backend.Controllers.AuthController.Me (HidroRec.Backend) in 7.9734ms
2026-03-30 12:05:22.421 -03:00 [INF] Executed endpoint 'HidroRec.Backend.Controllers.AuthController.Me (HidroRec.Backend)'
2026-03-30 12:05:22.422 -03:00 [INF] HTTP GET /api/auth/me responded 200 in 14.8746 ms
2026-03-30 12:05:22.425 -03:00 [INF] Request finished HTTP/1.1 GET http://localhost:8080/api/auth/me - 200 null application/json; charset=utf-8 22.5334ms
2026-03-30 12:05:22.433 -03:00 [INF] Request starting HTTP/1.1 GET http://localhost:8080/api/dashboard/resumo - null null
2026-03-30 12:05:22.437 -03:00 [INF] Executing endpoint 'HidroRec.Backend.Controllers.DashboardController.GetResumo (HidroRec.Backend)'
2026-03-30 12:05:22.439 -03:00 [INF] Route matched with {action = "GetResumo", controller = "Dashboard"}. Executing controller action with signature System.Threading.Tasks.Task`1[Microsoft.AspNetCore.Mvc.ActionResult`1[HidroRec.Backend.Application.DTOs.Common.ApiResponse`1[HidroRec.Backend.Application.DTOs.Dashboard.DashboardResumoDto]]] GetResumo(System.Threading.CancellationToken) on controller HidroRec.Backend.Controllers.DashboardController (HidroRec.Backend).
2026-03-30 12:05:22.451 -03:00 [INF] Start processing HTTP request GET https://geoportal.apac.pe.gov.br/server/rest/services/met_volume_acumulado_chuva_municipio_24hs/MapServer/0/query?where=nm_mun%20%3D%20%27Recife%27&outFields=nm_mun,horas_24,ultima_leitura_data_hora&returnGeometry=false&f=json
2026-03-30 12:05:22.453 -03:00 [INF] Sending HTTP request GET https://geoportal.apac.pe.gov.br/server/rest/services/met_volume_acumulado_chuva_municipio_24hs/MapServer/0/query?where=nm_mun%20%3D%20%27Recife%27&outFields=nm_mun,horas_24,ultima_leitura_data_hora&returnGeometry=false&f=json
2026-03-30 12:05:22.624 -03:00 [INF] Received HTTP response headers after 169.1905ms - 200
2026-03-30 12:05:22.628 -03:00 [INF] End processing HTTP request after 177.0153ms - 200
2026-03-30 12:05:22.630 -03:00 [INF] Executing OkObjectResult, writing value of type 'HidroRec.Backend.Application.DTOs.Common.ApiResponse`1[[HidroRec.Backend.Application.DTOs.Dashboard.DashboardResumoDto, HidroRec.Backend, Version=1.0.0.0, Culture=neutral, PublicKeyToken=null]]'.
2026-03-30 12:05:22.633 -03:00 [INF] Executed action HidroRec.Backend.Controllers.DashboardController.GetResumo (HidroRec.Backend) in 191.464ms
2026-03-30 12:05:22.635 -03:00 [INF] Executed endpoint 'HidroRec.Backend.Controllers.DashboardController.GetResumo (HidroRec.Backend)'
2026-03-30 12:05:22.638 -03:00 [INF] HTTP GET /api/dashboard/resumo responded 200 in 202.0467 ms
2026-03-30 12:05:22.640 -03:00 [INF] Request finished HTTP/1.1 GET http://localhost:8080/api/dashboard/resumo - 200 null application/json; charset=utf-8 207.8381ms
2026-03-30 12:05:31.160 -03:00 [INF] Request starting HTTP/1.1 GET http://localhost:8080/index.html - null null
2026-03-30 12:05:31.167 -03:00 [INF] The file /index.html was not modified
2026-03-30 12:05:31.169 -03:00 [INF] HTTP GET /index.html responded 304 in 2.8551 ms
2026-03-30 12:05:31.172 -03:00 [INF] Request finished HTTP/1.1 GET http://localhost:8080/index.html - 304 null text/html 11.8273ms
2026-03-30 12:05:31.203 -03:00 [INF] Request starting HTTP/1.1 GET http://localhost:8080/api/auth/me - null null
2026-03-30 12:05:31.208 -03:00 [INF] Executing endpoint 'HidroRec.Backend.Controllers.AuthController.Me (HidroRec.Backend)'
2026-03-30 12:05:31.209 -03:00 [INF] Route matched with {action = "Me", controller = "Auth"}. Executing controller action with signature System.Threading.Tasks.Task`1[Microsoft.AspNetCore.Mvc.ActionResult`1[HidroRec.Backend.Application.DTOs.Common.ApiResponse`1[HidroRec.Backend.Application.DTOs.Auth.UsuarioResumoDto]]] Me(System.Threading.CancellationToken) on controller HidroRec.Backend.Controllers.AuthController (HidroRec.Backend).
2026-03-30 12:05:31.221 -03:00 [INF] Executing OkObjectResult, writing value of type 'HidroRec.Backend.Application.DTOs.Common.ApiResponse`1[[HidroRec.Backend.Application.DTOs.Auth.UsuarioResumoDto, HidroRec.Backend, Version=1.0.0.0, Culture=neutral, PublicKeyToken=null]]'.
2026-03-30 12:05:31.223 -03:00 [INF] Executed action HidroRec.Backend.Controllers.AuthController.Me (HidroRec.Backend) in 11.1514ms
2026-03-30 12:05:31.224 -03:00 [INF] Executed endpoint 'HidroRec.Backend.Controllers.AuthController.Me (HidroRec.Backend)'
2026-03-30 12:05:31.225 -03:00 [INF] HTTP GET /api/auth/me responded 200 in 18.3605 ms
2026-03-30 12:05:31.228 -03:00 [INF] Request finished HTTP/1.1 GET http://localhost:8080/api/auth/me - 200 null application/json; charset=utf-8 24.6337ms
2026-03-30 12:05:31.232 -03:00 [INF] Request starting HTTP/1.1 GET http://localhost:8080/api/dashboard/resumo - null null
2026-03-30 12:05:31.235 -03:00 [INF] Executing endpoint 'HidroRec.Backend.Controllers.DashboardController.GetResumo (HidroRec.Backend)'
2026-03-30 12:05:31.237 -03:00 [INF] Route matched with {action = "GetResumo", controller = "Dashboard"}. Executing controller action with signature System.Threading.Tasks.Task`1[Microsoft.AspNetCore.Mvc.ActionResult`1[HidroRec.Backend.Application.DTOs.Common.ApiResponse`1[HidroRec.Backend.Application.DTOs.Dashboard.DashboardResumoDto]]] GetResumo(System.Threading.CancellationToken) on controller HidroRec.Backend.Controllers.DashboardController (HidroRec.Backend).
2026-03-30 12:05:31.243 -03:00 [INF] Start processing HTTP request GET https://geoportal.apac.pe.gov.br/server/rest/services/met_volume_acumulado_chuva_municipio_24hs/MapServer/0/query?where=nm_mun%20%3D%20%27Recife%27&outFields=nm_mun,horas_24,ultima_leitura_data_hora&returnGeometry=false&f=json
2026-03-30 12:05:31.244 -03:00 [INF] Sending HTTP request GET https://geoportal.apac.pe.gov.br/server/rest/services/met_volume_acumulado_chuva_municipio_24hs/MapServer/0/query?where=nm_mun%20%3D%20%27Recife%27&outFields=nm_mun,horas_24,ultima_leitura_data_hora&returnGeometry=false&f=json
2026-03-30 12:05:31.406 -03:00 [INF] Received HTTP response headers after 160.0705ms - 200
2026-03-30 12:05:31.411 -03:00 [INF] End processing HTTP request after 168.4072ms - 200
2026-03-30 12:05:31.415 -03:00 [INF] Executing OkObjectResult, writing value of type 'HidroRec.Backend.Application.DTOs.Common.ApiResponse`1[[HidroRec.Backend.Application.DTOs.Dashboard.DashboardResumoDto, HidroRec.Backend, Version=1.0.0.0, Culture=neutral, PublicKeyToken=null]]'.
2026-03-30 12:05:31.419 -03:00 [INF] Executed action HidroRec.Backend.Controllers.DashboardController.GetResumo (HidroRec.Backend) in 180.1587ms
2026-03-30 12:05:31.421 -03:00 [INF] Executed endpoint 'HidroRec.Backend.Controllers.DashboardController.GetResumo (HidroRec.Backend)'
2026-03-30 12:05:31.423 -03:00 [INF] HTTP GET /api/dashboard/resumo responded 200 in 188.2872 ms
2026-03-30 12:05:31.428 -03:00 [INF] Request finished HTTP/1.1 GET http://localhost:8080/api/dashboard/resumo - 200 null application/json; charset=utf-8 196.8561ms
2026-03-30 12:07:08.336 -03:00 [INF] Request starting HTTP/1.1 GET http://localhost:8080/index.html - null null
2026-03-30 12:07:08.345 -03:00 [INF] Sending file. Request path: '/index.html'. Physical path: 'C:\Users\ACPGROUP\Desktop\HTML PURO\hidrorec\frontend\index.html'
2026-03-30 12:07:08.347 -03:00 [INF] HTTP GET /index.html responded 200 in 8.3317 ms
2026-03-30 12:07:08.350 -03:00 [INF] Request finished HTTP/1.1 GET http://localhost:8080/index.html - 200 6364 text/html 13.8699ms
2026-03-30 12:07:08.362 -03:00 [INF] Request starting HTTP/1.1 GET http://localhost:8080/css/layout.css - null null
2026-03-30 12:07:08.362 -03:00 [INF] Request starting HTTP/1.1 GET http://localhost:8080/css/global.css - null null
2026-03-30 12:07:08.362 -03:00 [INF] Request starting HTTP/1.1 GET http://localhost:8080/css/components.css - null null
2026-03-30 12:07:08.363 -03:00 [INF] Request starting HTTP/1.1 GET http://localhost:8080/css/dashboard.css - null null
2026-03-30 12:07:08.363 -03:00 [INF] Request starting HTTP/1.1 GET http://localhost:8080/assets/logo/logo-hidrorec.png?v=20260330-1505 - null null
2026-03-30 12:07:08.363 -03:00 [INF] Request starting HTTP/1.1 GET http://localhost:8080/js/api.js - null null
2026-03-30 12:07:08.366 -03:00 [INF] The file /css/layout.css was not modified
2026-03-30 12:07:08.367 -03:00 [INF] The file /css/global.css was not modified
2026-03-30 12:07:08.369 -03:00 [INF] The file /css/components.css was not modified
2026-03-30 12:07:08.371 -03:00 [INF] The file /css/dashboard.css was not modified
2026-03-30 12:07:08.375 -03:00 [INF] CORS policy execution successful.
2026-03-30 12:07:08.376 -03:00 [INF] Sending file. Request path: '/assets/logo/logo-hidrorec.png'. Physical path: 'C:\Users\ACPGROUP\Desktop\HTML PURO\hidrorec\frontend\assets\logo\logo-hidrorec.png'
2026-03-30 12:07:08.377 -03:00 [INF] HTTP GET /css/layout.css responded 304 in 11.5187 ms
2026-03-30 12:07:08.378 -03:00 [INF] HTTP GET /css/global.css responded 304 in 10.7095 ms
2026-03-30 12:07:08.379 -03:00 [INF] HTTP GET /css/components.css responded 304 in 9.8335 ms
2026-03-30 12:07:08.380 -03:00 [INF] HTTP GET /css/dashboard.css responded 304 in 9.1925 ms
2026-03-30 12:07:08.381 -03:00 [INF] The file /js/api.js was not modified
2026-03-30 12:07:08.382 -03:00 [INF] HTTP GET /assets/logo/logo-hidrorec.png responded 200 in 9.2805 ms
2026-03-30 12:07:08.385 -03:00 [INF] Request finished HTTP/1.1 GET http://localhost:8080/css/layout.css - 304 null text/css 22.3901ms
2026-03-30 12:07:08.386 -03:00 [INF] Request finished HTTP/1.1 GET http://localhost:8080/css/global.css - 304 null text/css 24.3548ms
2026-03-30 12:07:08.388 -03:00 [INF] Request finished HTTP/1.1 GET http://localhost:8080/css/components.css - 304 null text/css 25.7013ms
2026-03-30 12:07:08.390 -03:00 [INF] Request finished HTTP/1.1 GET http://localhost:8080/css/dashboard.css - 304 null text/css 26.83ms
2026-03-30 12:07:08.391 -03:00 [INF] HTTP GET /js/api.js responded 304 in 15.3041 ms
2026-03-30 12:07:08.392 -03:00 [INF] Request finished HTTP/1.1 GET http://localhost:8080/assets/logo/logo-hidrorec.png?v=20260330-1505 - 200 378256 image/png 29.0039ms
2026-03-30 12:07:08.405 -03:00 [INF] Request finished HTTP/1.1 GET http://localhost:8080/js/api.js - 304 null text/javascript 41.2202ms
2026-03-30 12:07:08.408 -03:00 [INF] Request starting HTTP/1.1 GET http://localhost:8080/api/auth/me - null null
2026-03-30 12:07:08.412 -03:00 [INF] Executing endpoint 'HidroRec.Backend.Controllers.AuthController.Me (HidroRec.Backend)'
2026-03-30 12:07:08.413 -03:00 [INF] Route matched with {action = "Me", controller = "Auth"}. Executing controller action with signature System.Threading.Tasks.Task`1[Microsoft.AspNetCore.Mvc.ActionResult`1[HidroRec.Backend.Application.DTOs.Common.ApiResponse`1[HidroRec.Backend.Application.DTOs.Auth.UsuarioResumoDto]]] Me(System.Threading.CancellationToken) on controller HidroRec.Backend.Controllers.AuthController (HidroRec.Backend).
2026-03-30 12:07:08.425 -03:00 [INF] Executing OkObjectResult, writing value of type 'HidroRec.Backend.Application.DTOs.Common.ApiResponse`1[[HidroRec.Backend.Application.DTOs.Auth.UsuarioResumoDto, HidroRec.Backend, Version=1.0.0.0, Culture=neutral, PublicKeyToken=null]]'.
2026-03-30 12:07:08.427 -03:00 [INF] Executed action HidroRec.Backend.Controllers.AuthController.Me (HidroRec.Backend) in 11.3531ms
2026-03-30 12:07:08.428 -03:00 [INF] Executed endpoint 'HidroRec.Backend.Controllers.AuthController.Me (HidroRec.Backend)'
2026-03-30 12:07:08.430 -03:00 [INF] HTTP GET /api/auth/me responded 200 in 18.1732 ms
2026-03-30 12:07:08.432 -03:00 [INF] Request finished HTTP/1.1 GET http://localhost:8080/api/auth/me - 200 null application/json; charset=utf-8 24.2773ms
2026-03-30 12:07:08.436 -03:00 [INF] Request starting HTTP/1.1 GET http://localhost:8080/api/dashboard/resumo - null null
2026-03-30 12:07:08.439 -03:00 [INF] Executing endpoint 'HidroRec.Backend.Controllers.DashboardController.GetResumo (HidroRec.Backend)'
2026-03-30 12:07:08.440 -03:00 [INF] Route matched with {action = "GetResumo", controller = "Dashboard"}. Executing controller action with signature System.Threading.Tasks.Task`1[Microsoft.AspNetCore.Mvc.ActionResult`1[HidroRec.Backend.Application.DTOs.Common.ApiResponse`1[HidroRec.Backend.Application.DTOs.Dashboard.DashboardResumoDto]]] GetResumo(System.Threading.CancellationToken) on controller HidroRec.Backend.Controllers.DashboardController (HidroRec.Backend).
2026-03-30 12:07:08.452 -03:00 [INF] Start processing HTTP request GET https://geoportal.apac.pe.gov.br/server/rest/services/met_volume_acumulado_chuva_municipio_24hs/MapServer/0/query?where=nm_mun%20%3D%20%27Recife%27&outFields=nm_mun,horas_24,ultima_leitura_data_hora&returnGeometry=false&f=json
2026-03-30 12:07:08.453 -03:00 [INF] Sending HTTP request GET https://geoportal.apac.pe.gov.br/server/rest/services/met_volume_acumulado_chuva_municipio_24hs/MapServer/0/query?where=nm_mun%20%3D%20%27Recife%27&outFields=nm_mun,horas_24,ultima_leitura_data_hora&returnGeometry=false&f=json
2026-03-30 12:07:09.042 -03:00 [INF] Received HTTP response headers after 587.5915ms - 200
2026-03-30 12:07:09.048 -03:00 [INF] End processing HTTP request after 595.7195ms - 200
2026-03-30 12:07:09.052 -03:00 [INF] Executing OkObjectResult, writing value of type 'HidroRec.Backend.Application.DTOs.Common.ApiResponse`1[[HidroRec.Backend.Application.DTOs.Dashboard.DashboardResumoDto, HidroRec.Backend, Version=1.0.0.0, Culture=neutral, PublicKeyToken=null]]'.
2026-03-30 12:07:09.057 -03:00 [INF] Executed action HidroRec.Backend.Controllers.DashboardController.GetResumo (HidroRec.Backend) in 613.5937ms
2026-03-30 12:07:09.061 -03:00 [INF] Executed endpoint 'HidroRec.Backend.Controllers.DashboardController.GetResumo (HidroRec.Backend)'
2026-03-30 12:07:09.064 -03:00 [INF] HTTP GET /api/dashboard/resumo responded 200 in 625.5467 ms
2026-03-30 12:07:09.069 -03:00 [INF] Request finished HTTP/1.1 GET http://localhost:8080/api/dashboard/resumo - 200 null application/json; charset=utf-8 633.0033ms
2026-03-30 12:07:10.762 -03:00 [INF] Request starting HTTP/1.1 GET http://localhost:8080/index.html - null null
2026-03-30 12:07:10.766 -03:00 [INF] The file /index.html was not modified
2026-03-30 12:07:10.768 -03:00 [INF] HTTP GET /index.html responded 304 in 2.2095 ms
2026-03-30 12:07:10.770 -03:00 [INF] Request finished HTTP/1.1 GET http://localhost:8080/index.html - 304 null text/html 7.9721ms
2026-03-30 12:07:10.788 -03:00 [INF] Request starting HTTP/1.1 GET http://localhost:8080/api/auth/me - null null
2026-03-30 12:07:10.791 -03:00 [INF] Executing endpoint 'HidroRec.Backend.Controllers.AuthController.Me (HidroRec.Backend)'
2026-03-30 12:07:10.792 -03:00 [INF] Route matched with {action = "Me", controller = "Auth"}. Executing controller action with signature System.Threading.Tasks.Task`1[Microsoft.AspNetCore.Mvc.ActionResult`1[HidroRec.Backend.Application.DTOs.Common.ApiResponse`1[HidroRec.Backend.Application.DTOs.Auth.UsuarioResumoDto]]] Me(System.Threading.CancellationToken) on controller HidroRec.Backend.Controllers.AuthController (HidroRec.Backend).
2026-03-30 12:07:10.798 -03:00 [INF] Executing OkObjectResult, writing value of type 'HidroRec.Backend.Application.DTOs.Common.ApiResponse`1[[HidroRec.Backend.Application.DTOs.Auth.UsuarioResumoDto, HidroRec.Backend, Version=1.0.0.0, Culture=neutral, PublicKeyToken=null]]'.
2026-03-30 12:07:10.800 -03:00 [INF] Executed action HidroRec.Backend.Controllers.AuthController.Me (HidroRec.Backend) in 6.3898ms
2026-03-30 12:07:10.801 -03:00 [INF] Executed endpoint 'HidroRec.Backend.Controllers.AuthController.Me (HidroRec.Backend)'
2026-03-30 12:07:10.802 -03:00 [INF] HTTP GET /api/auth/me responded 200 in 12.2933 ms
2026-03-30 12:07:10.804 -03:00 [INF] Request finished HTTP/1.1 GET http://localhost:8080/api/auth/me - 200 null application/json; charset=utf-8 15.717ms
2026-03-30 12:07:10.811 -03:00 [INF] Request starting HTTP/1.1 GET http://localhost:8080/api/dashboard/resumo - null null
2026-03-30 12:07:10.815 -03:00 [INF] Executing endpoint 'HidroRec.Backend.Controllers.DashboardController.GetResumo (HidroRec.Backend)'
2026-03-30 12:07:10.816 -03:00 [INF] Route matched with {action = "GetResumo", controller = "Dashboard"}. Executing controller action with signature System.Threading.Tasks.Task`1[Microsoft.AspNetCore.Mvc.ActionResult`1[HidroRec.Backend.Application.DTOs.Common.ApiResponse`1[HidroRec.Backend.Application.DTOs.Dashboard.DashboardResumoDto]]] GetResumo(System.Threading.CancellationToken) on controller HidroRec.Backend.Controllers.DashboardController (HidroRec.Backend).
2026-03-30 12:07:10.824 -03:00 [INF] Start processing HTTP request GET https://geoportal.apac.pe.gov.br/server/rest/services/met_volume_acumulado_chuva_municipio_24hs/MapServer/0/query?where=nm_mun%20%3D%20%27Recife%27&outFields=nm_mun,horas_24,ultima_leitura_data_hora&returnGeometry=false&f=json
2026-03-30 12:07:10.825 -03:00 [INF] Sending HTTP request GET https://geoportal.apac.pe.gov.br/server/rest/services/met_volume_acumulado_chuva_municipio_24hs/MapServer/0/query?where=nm_mun%20%3D%20%27Recife%27&outFields=nm_mun,horas_24,ultima_leitura_data_hora&returnGeometry=false&f=json
2026-03-30 12:07:11.284 -03:00 [INF] Received HTTP response headers after 457.3872ms - 200
2026-03-30 12:07:11.285 -03:00 [INF] End processing HTTP request after 461.3098ms - 200
2026-03-30 12:07:11.287 -03:00 [INF] Executing OkObjectResult, writing value of type 'HidroRec.Backend.Application.DTOs.Common.ApiResponse`1[[HidroRec.Backend.Application.DTOs.Dashboard.DashboardResumoDto, HidroRec.Backend, Version=1.0.0.0, Culture=neutral, PublicKeyToken=null]]'.
2026-03-30 12:07:11.289 -03:00 [INF] Executed action HidroRec.Backend.Controllers.DashboardController.GetResumo (HidroRec.Backend) in 469.4509ms
2026-03-30 12:07:11.290 -03:00 [INF] Executed endpoint 'HidroRec.Backend.Controllers.DashboardController.GetResumo (HidroRec.Backend)'
2026-03-30 12:07:11.291 -03:00 [INF] HTTP GET /api/dashboard/resumo responded 200 in 477.0160 ms
2026-03-30 12:07:11.295 -03:00 [INF] Request finished HTTP/1.1 GET http://localhost:8080/api/dashboard/resumo - 200 null application/json; charset=utf-8 484.5034ms
2026-03-30 12:08:20.245 -03:00 [INF] Request starting HTTP/1.1 GET http://localhost:8080/index.html - null null
2026-03-30 12:08:20.249 -03:00 [INF] Sending file. Request path: '/index.html'. Physical path: 'C:\Users\ACPGROUP\Desktop\HTML PURO\hidrorec\frontend\index.html'
2026-03-30 12:08:20.250 -03:00 [INF] HTTP GET /index.html responded 200 in 2.5080 ms
2026-03-30 12:08:20.255 -03:00 [INF] Request finished HTTP/1.1 GET http://localhost:8080/index.html - 200 6364 text/html 8.9728ms
2026-03-30 12:08:20.275 -03:00 [INF] Request starting HTTP/1.1 GET http://localhost:8080/css/global.css - null null
2026-03-30 12:08:20.276 -03:00 [INF] Request starting HTTP/1.1 GET http://localhost:8080/css/layout.css - null null
2026-03-30 12:08:20.276 -03:00 [INF] Request starting HTTP/1.1 GET http://localhost:8080/css/components.css - null null
2026-03-30 12:08:20.276 -03:00 [INF] Request starting HTTP/1.1 GET http://localhost:8080/css/dashboard.css - null null
2026-03-30 12:08:20.277 -03:00 [INF] Request starting HTTP/1.1 GET http://localhost:8080/css/mapa.css - null null
2026-03-30 12:08:20.277 -03:00 [INF] Request starting HTTP/1.1 GET http://localhost:8080/assets/logo/logo-hidrorec.png?v=20260330-1505 - null null
2026-03-30 12:08:20.280 -03:00 [INF] Sending file. Request path: '/css/global.css'. Physical path: 'C:\Users\ACPGROUP\Desktop\HTML PURO\hidrorec\frontend\css\global.css'
2026-03-30 12:08:20.284 -03:00 [INF] Sending file. Request path: '/css/layout.css'. Physical path: 'C:\Users\ACPGROUP\Desktop\HTML PURO\hidrorec\frontend\css\layout.css'
2026-03-30 12:08:20.287 -03:00 [INF] Sending file. Request path: '/css/components.css'. Physical path: 'C:\Users\ACPGROUP\Desktop\HTML PURO\hidrorec\frontend\css\components.css'
2026-03-30 12:08:20.289 -03:00 [INF] Sending file. Request path: '/css/dashboard.css'. Physical path: 'C:\Users\ACPGROUP\Desktop\HTML PURO\hidrorec\frontend\css\dashboard.css'
2026-03-30 12:08:20.292 -03:00 [INF] Sending file. Request path: '/css/mapa.css'. Physical path: 'C:\Users\ACPGROUP\Desktop\HTML PURO\hidrorec\frontend\css\mapa.css'
2026-03-30 12:08:20.295 -03:00 [INF] HTTP GET /css/global.css responded 200 in 17.1752 ms
2026-03-30 12:08:20.297 -03:00 [INF] HTTP GET /css/layout.css responded 200 in 14.0890 ms
2026-03-30 12:08:20.298 -03:00 [INF] HTTP GET /css/components.css responded 200 in 12.2672 ms
2026-03-30 12:08:20.299 -03:00 [INF] Sending file. Request path: '/assets/logo/logo-hidrorec.png'. Physical path: 'C:\Users\ACPGROUP\Desktop\HTML PURO\hidrorec\frontend\assets\logo\logo-hidrorec.png'
2026-03-30 12:08:20.299 -03:00 [INF] HTTP GET /css/dashboard.css responded 200 in 10.9700 ms
2026-03-30 12:08:20.300 -03:00 [INF] HTTP GET /css/mapa.css responded 200 in 9.3215 ms
2026-03-30 12:08:20.302 -03:00 [INF] Request finished HTTP/1.1 GET http://localhost:8080/css/global.css - 200 2292 text/css 27.0563ms
2026-03-30 12:08:20.304 -03:00 [INF] Request finished HTTP/1.1 GET http://localhost:8080/css/layout.css - 200 2989 text/css 27.6478ms
2026-03-30 12:08:20.306 -03:00 [INF] Request finished HTTP/1.1 GET http://localhost:8080/css/components.css - 200 6011 text/css 30.0588ms
2026-03-30 12:08:20.308 -03:00 [INF] HTTP GET /assets/logo/logo-hidrorec.png responded 200 in 14.5574 ms
2026-03-30 12:08:20.310 -03:00 [INF] Request finished HTTP/1.1 GET http://localhost:8080/css/dashboard.css - 200 2663 text/css 33.4392ms
2026-03-30 12:08:20.312 -03:00 [INF] Request finished HTTP/1.1 GET http://localhost:8080/css/mapa.css - 200 1744 text/css 35.1322ms
2026-03-30 12:08:20.315 -03:00 [INF] Request starting HTTP/1.1 GET http://localhost:8080/js/dashboard.js - null null
2026-03-30 12:08:20.329 -03:00 [INF] Request finished HTTP/1.1 GET http://localhost:8080/assets/logo/logo-hidrorec.png?v=20260330-1505 - 200 378256 image/png 51.2049ms
2026-03-30 12:08:20.340 -03:00 [INF] CORS policy execution successful.
2026-03-30 12:08:20.345 -03:00 [INF] Sending file. Request path: '/js/dashboard.js'. Physical path: 'C:\Users\ACPGROUP\Desktop\HTML PURO\hidrorec\frontend\js\dashboard.js'
2026-03-30 12:08:20.347 -03:00 [INF] HTTP GET /js/dashboard.js responded 200 in 6.6166 ms
2026-03-30 12:08:20.349 -03:00 [INF] Request starting HTTP/1.1 GET http://localhost:8080/js/api.js - null null
2026-03-30 12:08:20.349 -03:00 [INF] Request starting HTTP/1.1 GET http://localhost:8080/js/mapa.js - null null
2026-03-30 12:08:20.350 -03:00 [INF] Request finished HTTP/1.1 GET http://localhost:8080/js/dashboard.js - 200 2606 text/javascript 34.7207ms
2026-03-30 12:08:20.350 -03:00 [INF] Request starting HTTP/1.1 GET http://localhost:8080/js/utils.js - null null
2026-03-30 12:08:20.352 -03:00 [INF] CORS policy execution successful.
2026-03-30 12:08:20.354 -03:00 [INF] CORS policy execution successful.
2026-03-30 12:08:20.357 -03:00 [INF] Request starting HTTP/1.1 GET http://localhost:8080/js/app.js - null null
2026-03-30 12:08:20.359 -03:00 [INF] CORS policy execution successful.
2026-03-30 12:08:20.360 -03:00 [INF] Sending file. Request path: '/js/api.js'. Physical path: 'C:\Users\ACPGROUP\Desktop\HTML PURO\hidrorec\frontend\js\api.js'
2026-03-30 12:08:20.361 -03:00 [INF] Sending file. Request path: '/js/mapa.js'. Physical path: 'C:\Users\ACPGROUP\Desktop\HTML PURO\hidrorec\frontend\js\mapa.js'
2026-03-30 12:08:20.362 -03:00 [INF] CORS policy execution successful.
2026-03-30 12:08:20.364 -03:00 [INF] Sending file. Request path: '/js/utils.js'. Physical path: 'C:\Users\ACPGROUP\Desktop\HTML PURO\hidrorec\frontend\js\utils.js'
2026-03-30 12:08:20.364 -03:00 [INF] HTTP GET /js/api.js responded 200 in 12.3951 ms
2026-03-30 12:08:20.366 -03:00 [INF] HTTP GET /js/mapa.js responded 200 in 11.5728 ms
2026-03-30 12:08:20.367 -03:00 [INF] Sending file. Request path: '/js/app.js'. Physical path: 'C:\Users\ACPGROUP\Desktop\HTML PURO\hidrorec\frontend\js\app.js'
2026-03-30 12:08:20.368 -03:00 [INF] HTTP GET /js/utils.js responded 200 in 8.4805 ms
2026-03-30 12:08:20.370 -03:00 [INF] Request finished HTTP/1.1 GET http://localhost:8080/js/api.js - 200 6162 text/javascript 20.8113ms
2026-03-30 12:08:20.372 -03:00 [INF] Request finished HTTP/1.1 GET http://localhost:8080/js/mapa.js - 200 1133 text/javascript 22.3975ms
2026-03-30 12:08:20.372 -03:00 [INF] Request starting HTTP/1.1 GET http://localhost:8080/api/auth/me - null null
2026-03-30 12:08:20.373 -03:00 [INF] HTTP GET /js/app.js responded 200 in 10.6370 ms
2026-03-30 12:08:20.375 -03:00 [INF] Request finished HTTP/1.1 GET http://localhost:8080/js/utils.js - 200 4606 text/javascript 24.349ms
2026-03-30 12:08:20.385 -03:00 [INF] Executing endpoint 'HidroRec.Backend.Controllers.AuthController.Me (HidroRec.Backend)'
2026-03-30 12:08:20.386 -03:00 [INF] Request finished HTTP/1.1 GET http://localhost:8080/js/app.js - 200 826 text/javascript 28.8366ms
2026-03-30 12:08:20.391 -03:00 [INF] Route matched with {action = "Me", controller = "Auth"}. Executing controller action with signature System.Threading.Tasks.Task`1[Microsoft.AspNetCore.Mvc.ActionResult`1[HidroRec.Backend.Application.DTOs.Common.ApiResponse`1[HidroRec.Backend.Application.DTOs.Auth.UsuarioResumoDto]]] Me(System.Threading.CancellationToken) on controller HidroRec.Backend.Controllers.AuthController (HidroRec.Backend).
2026-03-30 12:08:20.395 -03:00 [INF] Request starting HTTP/1.1 GET http://localhost:8080/favicon.ico - null null
2026-03-30 12:08:20.400 -03:00 [INF] HTTP GET /favicon.ico responded 404 in 0.5090 ms
2026-03-30 12:08:20.403 -03:00 [INF] Request finished HTTP/1.1 GET http://localhost:8080/favicon.ico - 404 0 null 7.4265ms
2026-03-30 12:08:20.404 -03:00 [INF] Executing OkObjectResult, writing value of type 'HidroRec.Backend.Application.DTOs.Common.ApiResponse`1[[HidroRec.Backend.Application.DTOs.Auth.UsuarioResumoDto, HidroRec.Backend, Version=1.0.0.0, Culture=neutral, PublicKeyToken=null]]'.
2026-03-30 12:08:20.406 -03:00 [INF] Request reached the end of the middleware pipeline without being handled by application code. Request path: GET http://localhost:8080/favicon.ico, Response status code: 404
2026-03-30 12:08:20.408 -03:00 [INF] Executed action HidroRec.Backend.Controllers.AuthController.Me (HidroRec.Backend) in 10.665ms
2026-03-30 12:08:20.412 -03:00 [INF] Executed endpoint 'HidroRec.Backend.Controllers.AuthController.Me (HidroRec.Backend)'
2026-03-30 12:08:20.413 -03:00 [INF] HTTP GET /api/auth/me responded 200 in 28.4328 ms
2026-03-30 12:08:20.416 -03:00 [INF] Request finished HTTP/1.1 GET http://localhost:8080/api/auth/me - 200 null application/json; charset=utf-8 43.9934ms
2026-03-30 12:08:20.420 -03:00 [INF] Request starting HTTP/1.1 GET http://localhost:8080/api/dashboard/resumo - null null
2026-03-30 12:08:20.423 -03:00 [INF] Executing endpoint 'HidroRec.Backend.Controllers.DashboardController.GetResumo (HidroRec.Backend)'
2026-03-30 12:08:20.424 -03:00 [INF] Route matched with {action = "GetResumo", controller = "Dashboard"}. Executing controller action with signature System.Threading.Tasks.Task`1[Microsoft.AspNetCore.Mvc.ActionResult`1[HidroRec.Backend.Application.DTOs.Common.ApiResponse`1[HidroRec.Backend.Application.DTOs.Dashboard.DashboardResumoDto]]] GetResumo(System.Threading.CancellationToken) on controller HidroRec.Backend.Controllers.DashboardController (HidroRec.Backend).
2026-03-30 12:08:20.428 -03:00 [INF] Start processing HTTP request GET https://geoportal.apac.pe.gov.br/server/rest/services/met_volume_acumulado_chuva_municipio_24hs/MapServer/0/query?where=nm_mun%20%3D%20%27Recife%27&outFields=nm_mun,horas_24,ultima_leitura_data_hora&returnGeometry=false&f=json
2026-03-30 12:08:20.429 -03:00 [INF] Sending HTTP request GET https://geoportal.apac.pe.gov.br/server/rest/services/met_volume_acumulado_chuva_municipio_24hs/MapServer/0/query?where=nm_mun%20%3D%20%27Recife%27&outFields=nm_mun,horas_24,ultima_leitura_data_hora&returnGeometry=false&f=json
2026-03-30 12:08:20.682 -03:00 [INF] Received HTTP response headers after 251.5985ms - 200
2026-03-30 12:08:20.687 -03:00 [INF] End processing HTTP request after 258.7653ms - 200
2026-03-30 12:08:20.691 -03:00 [INF] Executing OkObjectResult, writing value of type 'HidroRec.Backend.Application.DTOs.Common.ApiResponse`1[[HidroRec.Backend.Application.DTOs.Dashboard.DashboardResumoDto, HidroRec.Backend, Version=1.0.0.0, Culture=neutral, PublicKeyToken=null]]'.
2026-03-30 12:08:20.695 -03:00 [INF] Executed action HidroRec.Backend.Controllers.DashboardController.GetResumo (HidroRec.Backend) in 269.4103ms
2026-03-30 12:08:20.698 -03:00 [INF] Executed endpoint 'HidroRec.Backend.Controllers.DashboardController.GetResumo (HidroRec.Backend)'
2026-03-30 12:08:20.700 -03:00 [INF] HTTP GET /api/dashboard/resumo responded 200 in 277.4401 ms
2026-03-30 12:08:20.702 -03:00 [INF] Request finished HTTP/1.1 GET http://localhost:8080/api/dashboard/resumo - 200 null application/json; charset=utf-8 282.4189ms
2026-03-30 12:08:53.051 -03:00 [INF] Request starting HTTP/1.1 GET http://localhost:8080/index.html - null null
2026-03-30 12:08:53.060 -03:00 [INF] The file /index.html was not modified
2026-03-30 12:08:53.062 -03:00 [INF] HTTP GET /index.html responded 304 in 3.6979 ms
2026-03-30 12:08:53.066 -03:00 [INF] Request finished HTTP/1.1 GET http://localhost:8080/index.html - 304 null text/html 14.6221ms
2026-03-30 12:08:53.147 -03:00 [INF] Request starting HTTP/1.1 GET http://localhost:8080/api/dashboard/resumo - null null
2026-03-30 12:08:53.151 -03:00 [INF] Executing endpoint 'HidroRec.Backend.Controllers.DashboardController.GetResumo (HidroRec.Backend)'
2026-03-30 12:08:53.153 -03:00 [INF] Route matched with {action = "GetResumo", controller = "Dashboard"}. Executing controller action with signature System.Threading.Tasks.Task`1[Microsoft.AspNetCore.Mvc.ActionResult`1[HidroRec.Backend.Application.DTOs.Common.ApiResponse`1[HidroRec.Backend.Application.DTOs.Dashboard.DashboardResumoDto]]] GetResumo(System.Threading.CancellationToken) on controller HidroRec.Backend.Controllers.DashboardController (HidroRec.Backend).
2026-03-30 12:08:53.163 -03:00 [INF] Start processing HTTP request GET https://geoportal.apac.pe.gov.br/server/rest/services/met_volume_acumulado_chuva_municipio_24hs/MapServer/0/query?where=nm_mun%20%3D%20%27Recife%27&outFields=nm_mun,horas_24,ultima_leitura_data_hora&returnGeometry=false&f=json
2026-03-30 12:08:53.166 -03:00 [INF] Sending HTTP request GET https://geoportal.apac.pe.gov.br/server/rest/services/met_volume_acumulado_chuva_municipio_24hs/MapServer/0/query?where=nm_mun%20%3D%20%27Recife%27&outFields=nm_mun,horas_24,ultima_leitura_data_hora&returnGeometry=false&f=json
2026-03-30 12:08:53.548 -03:00 [INF] Received HTTP response headers after 376.2904ms - 200
2026-03-30 12:08:53.554 -03:00 [INF] End processing HTTP request after 391.1528ms - 200
2026-03-30 12:08:53.559 -03:00 [INF] Executing OkObjectResult, writing value of type 'HidroRec.Backend.Application.DTOs.Common.ApiResponse`1[[HidroRec.Backend.Application.DTOs.Dashboard.DashboardResumoDto, HidroRec.Backend, Version=1.0.0.0, Culture=neutral, PublicKeyToken=null]]'.
2026-03-30 12:08:53.563 -03:00 [INF] Executed action HidroRec.Backend.Controllers.DashboardController.GetResumo (HidroRec.Backend) in 408.5999ms
2026-03-30 12:08:53.567 -03:00 [INF] Executed endpoint 'HidroRec.Backend.Controllers.DashboardController.GetResumo (HidroRec.Backend)'
2026-03-30 12:08:53.570 -03:00 [INF] HTTP GET /api/dashboard/resumo responded 200 in 419.7009 ms
2026-03-30 12:08:53.575 -03:00 [INF] Request finished HTTP/1.1 GET http://localhost:8080/api/dashboard/resumo - 200 null application/json; charset=utf-8 428.4587ms
2026-03-30 12:08:54.862 -03:00 [INF] Request starting HTTP/1.1 GET http://localhost:8080/index.html - null null
2026-03-30 12:08:54.866 -03:00 [INF] The file /index.html was not modified
2026-03-30 12:08:54.867 -03:00 [INF] HTTP GET /index.html responded 304 in 1.7004 ms
2026-03-30 12:08:54.871 -03:00 [INF] Request finished HTTP/1.1 GET http://localhost:8080/index.html - 304 null text/html 9.1279ms
2026-03-30 12:08:54.887 -03:00 [INF] Request starting HTTP/1.1 GET http://localhost:8080/api/dashboard/resumo - null null
2026-03-30 12:08:54.889 -03:00 [INF] Executing endpoint 'HidroRec.Backend.Controllers.DashboardController.GetResumo (HidroRec.Backend)'
2026-03-30 12:08:54.891 -03:00 [INF] Route matched with {action = "GetResumo", controller = "Dashboard"}. Executing controller action with signature System.Threading.Tasks.Task`1[Microsoft.AspNetCore.Mvc.ActionResult`1[HidroRec.Backend.Application.DTOs.Common.ApiResponse`1[HidroRec.Backend.Application.DTOs.Dashboard.DashboardResumoDto]]] GetResumo(System.Threading.CancellationToken) on controller HidroRec.Backend.Controllers.DashboardController (HidroRec.Backend).
2026-03-30 12:08:54.897 -03:00 [INF] Start processing HTTP request GET https://geoportal.apac.pe.gov.br/server/rest/services/met_volume_acumulado_chuva_municipio_24hs/MapServer/0/query?where=nm_mun%20%3D%20%27Recife%27&outFields=nm_mun,horas_24,ultima_leitura_data_hora&returnGeometry=false&f=json
2026-03-30 12:08:54.899 -03:00 [INF] Sending HTTP request GET https://geoportal.apac.pe.gov.br/server/rest/services/met_volume_acumulado_chuva_municipio_24hs/MapServer/0/query?where=nm_mun%20%3D%20%27Recife%27&outFields=nm_mun,horas_24,ultima_leitura_data_hora&returnGeometry=false&f=json
2026-03-30 12:08:54.981 -03:00 [INF] Received HTTP response headers after 79.8631ms - 200
2026-03-30 12:08:54.985 -03:00 [INF] End processing HTTP request after 88.1264ms - 200
2026-03-30 12:08:54.987 -03:00 [INF] Executing OkObjectResult, writing value of type 'HidroRec.Backend.Application.DTOs.Common.ApiResponse`1[[HidroRec.Backend.Application.DTOs.Dashboard.DashboardResumoDto, HidroRec.Backend, Version=1.0.0.0, Culture=neutral, PublicKeyToken=null]]'.
2026-03-30 12:08:54.991 -03:00 [INF] Executed action HidroRec.Backend.Controllers.DashboardController.GetResumo (HidroRec.Backend) in 97.9296ms
2026-03-30 12:08:54.992 -03:00 [INF] Executed endpoint 'HidroRec.Backend.Controllers.DashboardController.GetResumo (HidroRec.Backend)'
2026-03-30 12:08:54.995 -03:00 [INF] HTTP GET /api/dashboard/resumo responded 200 in 105.9380 ms
2026-03-30 12:08:54.999 -03:00 [INF] Request finished HTTP/1.1 GET http://localhost:8080/api/dashboard/resumo - 200 null application/json; charset=utf-8 111.7794ms
2026-03-30 12:09:01.108 -03:00 [INF] Application is shutting down...
2026-03-30 12:09:37.598 -03:00 [INF] User profile is available. Using 'C:\Users\ACPGROUP\AppData\Local\ASP.NET\DataProtection-Keys' as key repository and Windows DPAPI to encrypt keys at rest.
2026-03-30 12:09:37.672 -03:00 [INF] Now listening on: http://localhost:8080
2026-03-30 12:09:37.676 -03:00 [INF] Application started. Press Ctrl+C to shut down.
2026-03-30 12:09:37.677 -03:00 [INF] Hosting environment: Development
2026-03-30 12:09:37.678 -03:00 [INF] Content root path: C:\Users\ACPGROUP\Desktop\HTML PURO\hidrorec\backend
2026-03-30 12:09:43.226 -03:00 [INF] Request starting HTTP/1.1 GET http://localhost:8080/index.html - null null
2026-03-30 12:09:43.268 -03:00 [INF] The file /index.html was not modified
2026-03-30 12:09:43.270 -03:00 [INF] HTTP GET /index.html responded 304 in 22.1376 ms
2026-03-30 12:09:43.283 -03:00 [INF] Request finished HTTP/1.1 GET http://localhost:8080/index.html - 304 null text/html 57.6512ms
2026-03-30 12:09:43.302 -03:00 [INF] Request starting HTTP/1.1 GET http://localhost:8080/css/dashboard.css - null null
2026-03-30 12:09:43.302 -03:00 [INF] Request starting HTTP/1.1 GET http://localhost:8080/css/layout.css - null null
2026-03-30 12:09:43.302 -03:00 [INF] Request starting HTTP/1.1 GET http://localhost:8080/css/global.css - null null
2026-03-30 12:09:43.302 -03:00 [INF] Request starting HTTP/1.1 GET http://localhost:8080/css/components.css - null null
2026-03-30 12:09:43.308 -03:00 [INF] The file /css/dashboard.css was not modified
2026-03-30 12:09:43.309 -03:00 [INF] The file /css/layout.css was not modified
2026-03-30 12:09:43.311 -03:00 [INF] The file /css/global.css was not modified
2026-03-30 12:09:43.314 -03:00 [INF] The file /css/components.css was not modified
2026-03-30 12:09:43.315 -03:00 [INF] HTTP GET /css/dashboard.css responded 304 in 9.0919 ms
2026-03-30 12:09:43.316 -03:00 [INF] HTTP GET /css/layout.css responded 304 in 8.1480 ms
2026-03-30 12:09:43.317 -03:00 [INF] HTTP GET /css/global.css responded 304 in 6.4722 ms
2026-03-30 12:09:43.318 -03:00 [INF] HTTP GET /css/components.css responded 304 in 3.8143 ms
2026-03-30 12:09:43.321 -03:00 [INF] Request finished HTTP/1.1 GET http://localhost:8080/css/dashboard.css - 304 null text/css 19.5259ms
2026-03-30 12:09:43.322 -03:00 [INF] Request finished HTTP/1.1 GET http://localhost:8080/css/layout.css - 304 null text/css 20.8161ms
2026-03-30 12:09:43.324 -03:00 [INF] Request finished HTTP/1.1 GET http://localhost:8080/css/global.css - 304 null text/css 22.9692ms
2026-03-30 12:09:43.326 -03:00 [INF] Request finished HTTP/1.1 GET http://localhost:8080/css/components.css - 304 null text/css 24.2304ms
2026-03-30 12:09:43.329 -03:00 [INF] Request starting HTTP/1.1 GET http://localhost:8080/api/auth/me - null null
2026-03-30 12:09:43.415 -03:00 [INF] Executing endpoint 'HidroRec.Backend.Controllers.AuthController.Me (HidroRec.Backend)'
2026-03-30 12:09:43.433 -03:00 [INF] Route matched with {action = "Me", controller = "Auth"}. Executing controller action with signature System.Threading.Tasks.Task`1[Microsoft.AspNetCore.Mvc.ActionResult`1[HidroRec.Backend.Application.DTOs.Common.ApiResponse`1[HidroRec.Backend.Application.DTOs.Auth.UsuarioResumoDto]]] Me(System.Threading.CancellationToken) on controller HidroRec.Backend.Controllers.AuthController (HidroRec.Backend).
2026-03-30 12:09:43.825 -03:00 [INF] Executing OkObjectResult, writing value of type 'HidroRec.Backend.Application.DTOs.Common.ApiResponse`1[[HidroRec.Backend.Application.DTOs.Auth.UsuarioResumoDto, HidroRec.Backend, Version=1.0.0.0, Culture=neutral, PublicKeyToken=null]]'.
2026-03-30 12:09:43.859 -03:00 [INF] Executed action HidroRec.Backend.Controllers.AuthController.Me (HidroRec.Backend) in 417.0216ms
2026-03-30 12:09:43.861 -03:00 [INF] Executed endpoint 'HidroRec.Backend.Controllers.AuthController.Me (HidroRec.Backend)'
2026-03-30 12:09:43.866 -03:00 [INF] HTTP GET /api/auth/me responded 200 in 522.8504 ms
2026-03-30 12:09:43.874 -03:00 [INF] Request finished HTTP/1.1 GET http://localhost:8080/api/auth/me - 200 null application/json; charset=utf-8 544.4143ms
2026-03-30 12:09:43.878 -03:00 [INF] Request starting HTTP/1.1 GET http://localhost:8080/api/dashboard/resumo - null null
2026-03-30 12:09:43.884 -03:00 [INF] Executing endpoint 'HidroRec.Backend.Controllers.DashboardController.GetResumo (HidroRec.Backend)'
2026-03-30 12:09:43.891 -03:00 [INF] Route matched with {action = "GetResumo", controller = "Dashboard"}. Executing controller action with signature System.Threading.Tasks.Task`1[Microsoft.AspNetCore.Mvc.ActionResult`1[HidroRec.Backend.Application.DTOs.Common.ApiResponse`1[HidroRec.Backend.Application.DTOs.Dashboard.DashboardResumoDto]]] GetResumo(System.Threading.CancellationToken) on controller HidroRec.Backend.Controllers.DashboardController (HidroRec.Backend).
2026-03-30 12:09:43.998 -03:00 [INF] Start processing HTTP request GET https://geoportal.apac.pe.gov.br/server/rest/services/met_volume_acumulado_chuva_municipio_24hs/MapServer/0/query?where=nm_mun%20%3D%20%27Recife%27&outFields=nm_mun,horas_24,ultima_leitura_data_hora&returnGeometry=false&f=json
2026-03-30 12:09:44.000 -03:00 [INF] Sending HTTP request GET https://geoportal.apac.pe.gov.br/server/rest/services/met_volume_acumulado_chuva_municipio_24hs/MapServer/0/query?where=nm_mun%20%3D%20%27Recife%27&outFields=nm_mun,horas_24,ultima_leitura_data_hora&returnGeometry=false&f=json
2026-03-30 12:09:44.329 -03:00 [INF] Received HTTP response headers after 324.983ms - 200
2026-03-30 12:09:44.334 -03:00 [INF] End processing HTTP request after 336.7804ms - 200
2026-03-30 12:09:44.389 -03:00 [INF] Executing OkObjectResult, writing value of type 'HidroRec.Backend.Application.DTOs.Common.ApiResponse`1[[HidroRec.Backend.Application.DTOs.Dashboard.DashboardResumoDto, HidroRec.Backend, Version=1.0.0.0, Culture=neutral, PublicKeyToken=null]]'.
2026-03-30 12:09:44.426 -03:00 [INF] Executed action HidroRec.Backend.Controllers.DashboardController.GetResumo (HidroRec.Backend) in 532.3945ms
2026-03-30 12:09:44.430 -03:00 [INF] Executed endpoint 'HidroRec.Backend.Controllers.DashboardController.GetResumo (HidroRec.Backend)'
2026-03-30 12:09:44.431 -03:00 [INF] HTTP GET /api/dashboard/resumo responded 200 in 548.4142 ms
2026-03-30 12:09:44.434 -03:00 [INF] Request finished HTTP/1.1 GET http://localhost:8080/api/dashboard/resumo - 200 null application/json; charset=utf-8 555.5592ms
2026-03-30 12:10:16.527 -03:00 [INF] Request starting HTTP/1.1 GET http://localhost:8080/index.html - null null
2026-03-30 12:10:16.530 -03:00 [INF] The file /index.html was not modified
2026-03-30 12:10:16.531 -03:00 [INF] HTTP GET /index.html responded 304 in 1.5069 ms
2026-03-30 12:10:16.534 -03:00 [INF] Request finished HTTP/1.1 GET http://localhost:8080/index.html - 304 null text/html 6.9728ms
2026-03-30 12:10:16.558 -03:00 [INF] Request starting HTTP/1.1 GET http://localhost:8080/js/api.js - null null
2026-03-30 12:10:16.562 -03:00 [INF] CORS policy execution successful.
2026-03-30 12:10:16.564 -03:00 [INF] The file /js/api.js was not modified
2026-03-30 12:10:16.567 -03:00 [INF] HTTP GET /js/api.js responded 304 in 6.5907 ms
2026-03-30 12:10:16.571 -03:00 [INF] Request finished HTTP/1.1 GET http://localhost:8080/js/api.js - 304 null text/javascript 13.167ms
2026-03-30 12:10:16.576 -03:00 [INF] Request starting HTTP/1.1 GET http://localhost:8080/api/auth/me - null null
2026-03-30 12:10:16.589 -03:00 [INF] Executing endpoint 'HidroRec.Backend.Controllers.AuthController.Me (HidroRec.Backend)'
2026-03-30 12:10:16.591 -03:00 [INF] Route matched with {action = "Me", controller = "Auth"}. Executing controller action with signature System.Threading.Tasks.Task`1[Microsoft.AspNetCore.Mvc.ActionResult`1[HidroRec.Backend.Application.DTOs.Common.ApiResponse`1[HidroRec.Backend.Application.DTOs.Auth.UsuarioResumoDto]]] Me(System.Threading.CancellationToken) on controller HidroRec.Backend.Controllers.AuthController (HidroRec.Backend).
2026-03-30 12:10:16.609 -03:00 [INF] Executing OkObjectResult, writing value of type 'HidroRec.Backend.Application.DTOs.Common.ApiResponse`1[[HidroRec.Backend.Application.DTOs.Auth.UsuarioResumoDto, HidroRec.Backend, Version=1.0.0.0, Culture=neutral, PublicKeyToken=null]]'.
2026-03-30 12:10:16.612 -03:00 [INF] Executed action HidroRec.Backend.Controllers.AuthController.Me (HidroRec.Backend) in 16.1215ms
2026-03-30 12:10:16.613 -03:00 [INF] Executed endpoint 'HidroRec.Backend.Controllers.AuthController.Me (HidroRec.Backend)'
2026-03-30 12:10:16.614 -03:00 [INF] HTTP GET /api/auth/me responded 200 in 31.7816 ms
2026-03-30 12:10:16.617 -03:00 [INF] Request finished HTTP/1.1 GET http://localhost:8080/api/auth/me - 200 null application/json; charset=utf-8 41.2745ms
2026-03-30 12:10:16.621 -03:00 [INF] Request starting HTTP/1.1 GET http://localhost:8080/api/dashboard/resumo - null null
2026-03-30 12:10:16.627 -03:00 [INF] Executing endpoint 'HidroRec.Backend.Controllers.DashboardController.GetResumo (HidroRec.Backend)'
2026-03-30 12:10:16.629 -03:00 [INF] Route matched with {action = "GetResumo", controller = "Dashboard"}. Executing controller action with signature System.Threading.Tasks.Task`1[Microsoft.AspNetCore.Mvc.ActionResult`1[HidroRec.Backend.Application.DTOs.Common.ApiResponse`1[HidroRec.Backend.Application.DTOs.Dashboard.DashboardResumoDto]]] GetResumo(System.Threading.CancellationToken) on controller HidroRec.Backend.Controllers.DashboardController (HidroRec.Backend).
2026-03-30 12:10:16.638 -03:00 [INF] Start processing HTTP request GET https://geoportal.apac.pe.gov.br/server/rest/services/met_volume_acumulado_chuva_municipio_24hs/MapServer/0/query?where=nm_mun%20%3D%20%27Recife%27&outFields=nm_mun,horas_24,ultima_leitura_data_hora&returnGeometry=false&f=json
2026-03-30 12:10:16.641 -03:00 [INF] Sending HTTP request GET https://geoportal.apac.pe.gov.br/server/rest/services/met_volume_acumulado_chuva_municipio_24hs/MapServer/0/query?where=nm_mun%20%3D%20%27Recife%27&outFields=nm_mun,horas_24,ultima_leitura_data_hora&returnGeometry=false&f=json
2026-03-30 12:10:16.702 -03:00 [INF] Received HTTP response headers after 59.0527ms - 200
2026-03-30 12:10:16.704 -03:00 [INF] End processing HTTP request after 65.8958ms - 200
2026-03-30 12:10:16.707 -03:00 [INF] Executing OkObjectResult, writing value of type 'HidroRec.Backend.Application.DTOs.Common.ApiResponse`1[[HidroRec.Backend.Application.DTOs.Dashboard.DashboardResumoDto, HidroRec.Backend, Version=1.0.0.0, Culture=neutral, PublicKeyToken=null]]'.
2026-03-30 12:10:16.710 -03:00 [INF] Executed action HidroRec.Backend.Controllers.DashboardController.GetResumo (HidroRec.Backend) in 79.7601ms
2026-03-30 12:10:16.712 -03:00 [INF] Executed endpoint 'HidroRec.Backend.Controllers.DashboardController.GetResumo (HidroRec.Backend)'
2026-03-30 12:10:16.714 -03:00 [INF] HTTP GET /api/dashboard/resumo responded 200 in 87.2850 ms
2026-03-30 12:10:16.717 -03:00 [INF] Request finished HTTP/1.1 GET http://localhost:8080/api/dashboard/resumo - 200 null application/json; charset=utf-8 96.006ms
2026-03-30 12:10:49.701 -03:00 [INF] Application is shutting down...
2026-03-30 12:12:03.710 -03:00 [INF] User profile is available. Using 'C:\Users\ACPGROUP\AppData\Local\ASP.NET\DataProtection-Keys' as key repository and Windows DPAPI to encrypt keys at rest.
2026-03-30 12:12:03.788 -03:00 [INF] Now listening on: http://localhost:8080
2026-03-30 12:12:03.790 -03:00 [INF] Application started. Press Ctrl+C to shut down.
2026-03-30 12:12:03.791 -03:00 [INF] Hosting environment: Development
2026-03-30 12:12:03.792 -03:00 [INF] Content root path: C:\Users\ACPGROUP\Desktop\HTML PURO\hidrorec\backend
2026-03-30 12:12:08.231 -03:00 [INF] Request starting HTTP/1.1 GET http://localhost:8080/index.html - null null
2026-03-30 12:12:08.282 -03:00 [INF] The file /index.html was not modified
2026-03-30 12:12:08.286 -03:00 [INF] HTTP GET /index.html responded 304 in 26.7624 ms
2026-03-30 12:12:08.296 -03:00 [INF] Request finished HTTP/1.1 GET http://localhost:8080/index.html - 304 null text/html 65.82ms
2026-03-30 12:12:08.318 -03:00 [INF] Request starting HTTP/1.1 GET http://localhost:8080/css/global.css - null null
2026-03-30 12:12:08.318 -03:00 [INF] Request starting HTTP/1.1 GET http://localhost:8080/css/layout.css - null null
2026-03-30 12:12:08.319 -03:00 [INF] Request starting HTTP/1.1 GET http://localhost:8080/css/dashboard.css - null null
2026-03-30 12:12:08.319 -03:00 [INF] Request starting HTTP/1.1 GET http://localhost:8080/css/components.css - null null
2026-03-30 12:12:08.319 -03:00 [INF] Request starting HTTP/1.1 GET http://localhost:8080/js/dashboard.js - null null
2026-03-30 12:12:08.325 -03:00 [INF] The file /css/global.css was not modified
2026-03-30 12:12:08.327 -03:00 [INF] The file /css/layout.css was not modified
2026-03-30 12:12:08.331 -03:00 [INF] The file /css/dashboard.css was not modified
2026-03-30 12:12:08.333 -03:00 [INF] The file /css/components.css was not modified
2026-03-30 12:12:08.337 -03:00 [INF] HTTP GET /css/global.css responded 304 in 13.3093 ms
2026-03-30 12:12:08.338 -03:00 [INF] HTTP GET /css/layout.css responded 304 in 11.0265 ms
2026-03-30 12:12:08.339 -03:00 [INF] HTTP GET /css/dashboard.css responded 304 in 8.2644 ms
2026-03-30 12:12:08.339 -03:00 [INF] CORS policy execution successful.
2026-03-30 12:12:08.340 -03:00 [INF] HTTP GET /css/components.css responded 304 in 6.7164 ms
2026-03-30 12:12:08.343 -03:00 [INF] Request finished HTTP/1.1 GET http://localhost:8080/css/global.css - 304 null text/css 25.1271ms
2026-03-30 12:12:08.344 -03:00 [INF] Request finished HTTP/1.1 GET http://localhost:8080/css/layout.css - 304 null text/css 26.3844ms
2026-03-30 12:12:08.346 -03:00 [INF] Request finished HTTP/1.1 GET http://localhost:8080/css/dashboard.css - 304 null text/css 27.5319ms
2026-03-30 12:12:08.348 -03:00 [INF] The file /js/dashboard.js was not modified
2026-03-30 12:12:08.349 -03:00 [INF] Request finished HTTP/1.1 GET http://localhost:8080/css/components.css - 304 null text/css 30.1627ms
2026-03-30 12:12:08.360 -03:00 [INF] HTTP GET /js/dashboard.js responded 304 in 24.0367 ms
2026-03-30 12:12:08.365 -03:00 [INF] Request finished HTTP/1.1 GET http://localhost:8080/js/dashboard.js - 304 null text/javascript 45.8214ms
2026-03-30 12:12:08.369 -03:00 [INF] Request starting HTTP/1.1 GET http://localhost:8080/api/auth/me - null null
2026-03-30 12:12:08.462 -03:00 [INF] Executing endpoint 'HidroRec.Backend.Controllers.AuthController.Me (HidroRec.Backend)'
2026-03-30 12:12:08.489 -03:00 [INF] Route matched with {action = "Me", controller = "Auth"}. Executing controller action with signature System.Threading.Tasks.Task`1[Microsoft.AspNetCore.Mvc.ActionResult`1[HidroRec.Backend.Application.DTOs.Common.ApiResponse`1[HidroRec.Backend.Application.DTOs.Auth.UsuarioResumoDto]]] Me(System.Threading.CancellationToken) on controller HidroRec.Backend.Controllers.AuthController (HidroRec.Backend).
2026-03-30 12:12:09.012 -03:00 [INF] Executing OkObjectResult, writing value of type 'HidroRec.Backend.Application.DTOs.Common.ApiResponse`1[[HidroRec.Backend.Application.DTOs.Auth.UsuarioResumoDto, HidroRec.Backend, Version=1.0.0.0, Culture=neutral, PublicKeyToken=null]]'.
2026-03-30 12:12:09.038 -03:00 [INF] Executed action HidroRec.Backend.Controllers.AuthController.Me (HidroRec.Backend) in 543.0384ms
2026-03-30 12:12:09.040 -03:00 [INF] Executed endpoint 'HidroRec.Backend.Controllers.AuthController.Me (HidroRec.Backend)'
2026-03-30 12:12:09.042 -03:00 [INF] HTTP GET /api/auth/me responded 200 in 668.7915 ms
2026-03-30 12:12:09.048 -03:00 [INF] Request finished HTTP/1.1 GET http://localhost:8080/api/auth/me - 200 null application/json; charset=utf-8 678.3825ms
2026-03-30 12:12:09.051 -03:00 [INF] Request starting HTTP/1.1 GET http://localhost:8080/api/dashboard/resumo - null null
2026-03-30 12:12:09.057 -03:00 [INF] Executing endpoint 'HidroRec.Backend.Controllers.DashboardController.GetResumo (HidroRec.Backend)'
2026-03-30 12:12:09.065 -03:00 [INF] Route matched with {action = "GetResumo", controller = "Dashboard"}. Executing controller action with signature System.Threading.Tasks.Task`1[Microsoft.AspNetCore.Mvc.ActionResult`1[HidroRec.Backend.Application.DTOs.Common.ApiResponse`1[HidroRec.Backend.Application.DTOs.Dashboard.DashboardResumoDto]]] GetResumo(System.Threading.CancellationToken) on controller HidroRec.Backend.Controllers.DashboardController (HidroRec.Backend).
2026-03-30 12:12:09.186 -03:00 [INF] Start processing HTTP request GET https://geoportal.apac.pe.gov.br/server/rest/services/met_volume_acumulado_chuva_municipio_24hs/MapServer/0/query?where=nm_mun%20%3D%20%27Recife%27&outFields=nm_mun,horas_24,ultima_leitura_data_hora&returnGeometry=false&f=json
2026-03-30 12:12:09.190 -03:00 [INF] Sending HTTP request GET https://geoportal.apac.pe.gov.br/server/rest/services/met_volume_acumulado_chuva_municipio_24hs/MapServer/0/query?where=nm_mun%20%3D%20%27Recife%27&outFields=nm_mun,horas_24,ultima_leitura_data_hora&returnGeometry=false&f=json
2026-03-30 12:12:09.515 -03:00 [INF] Received HTTP response headers after 318.595ms - 200
2026-03-30 12:12:09.518 -03:00 [INF] End processing HTTP request after 333.3086ms - 200
2026-03-30 12:12:09.556 -03:00 [INF] Executing OkObjectResult, writing value of type 'HidroRec.Backend.Application.DTOs.Common.ApiResponse`1[[HidroRec.Backend.Application.DTOs.Dashboard.DashboardResumoDto, HidroRec.Backend, Version=1.0.0.0, Culture=neutral, PublicKeyToken=null]]'.
2026-03-30 12:12:09.581 -03:00 [INF] Executed action HidroRec.Backend.Controllers.DashboardController.GetResumo (HidroRec.Backend) in 513.7574ms
2026-03-30 12:12:09.583 -03:00 [INF] Executed endpoint 'HidroRec.Backend.Controllers.DashboardController.GetResumo (HidroRec.Backend)'
2026-03-30 12:12:09.584 -03:00 [INF] HTTP GET /api/dashboard/resumo responded 200 in 529.9318 ms
2026-03-30 12:12:09.586 -03:00 [INF] Request finished HTTP/1.1 GET http://localhost:8080/api/dashboard/resumo - 200 null application/json; charset=utf-8 535.7891ms
2026-03-30 12:12:14.595 -03:00 [INF] Request starting HTTP/1.1 GET http://localhost:8080/index.html - null null
2026-03-30 12:12:14.601 -03:00 [INF] The file /index.html was not modified
2026-03-30 12:12:14.603 -03:00 [INF] HTTP GET /index.html responded 304 in 2.8311 ms
2026-03-30 12:12:14.607 -03:00 [INF] Request finished HTTP/1.1 GET http://localhost:8080/index.html - 304 null text/html 12.2591ms
2026-03-30 12:12:14.626 -03:00 [INF] Request starting HTTP/1.1 GET http://localhost:8080/api/auth/me - null null
2026-03-30 12:12:14.633 -03:00 [INF] Executing endpoint 'HidroRec.Backend.Controllers.AuthController.Me (HidroRec.Backend)'
2026-03-30 12:12:14.635 -03:00 [INF] Route matched with {action = "Me", controller = "Auth"}. Executing controller action with signature System.Threading.Tasks.Task`1[Microsoft.AspNetCore.Mvc.ActionResult`1[HidroRec.Backend.Application.DTOs.Common.ApiResponse`1[HidroRec.Backend.Application.DTOs.Auth.UsuarioResumoDto]]] Me(System.Threading.CancellationToken) on controller HidroRec.Backend.Controllers.AuthController (HidroRec.Backend).
2026-03-30 12:12:14.652 -03:00 [INF] Executing OkObjectResult, writing value of type 'HidroRec.Backend.Application.DTOs.Common.ApiResponse`1[[HidroRec.Backend.Application.DTOs.Auth.UsuarioResumoDto, HidroRec.Backend, Version=1.0.0.0, Culture=neutral, PublicKeyToken=null]]'.
2026-03-30 12:12:14.655 -03:00 [INF] Executed action HidroRec.Backend.Controllers.AuthController.Me (HidroRec.Backend) in 17.7632ms
2026-03-30 12:12:14.657 -03:00 [INF] Executed endpoint 'HidroRec.Backend.Controllers.AuthController.Me (HidroRec.Backend)'
2026-03-30 12:12:14.658 -03:00 [INF] HTTP GET /api/auth/me responded 200 in 29.3171 ms
2026-03-30 12:12:14.660 -03:00 [INF] Request finished HTTP/1.1 GET http://localhost:8080/api/auth/me - 200 null application/json; charset=utf-8 34.4026ms
2026-03-30 12:12:14.663 -03:00 [INF] Request starting HTTP/1.1 GET http://localhost:8080/api/dashboard/resumo - null null
2026-03-30 12:12:14.667 -03:00 [INF] Executing endpoint 'HidroRec.Backend.Controllers.DashboardController.GetResumo (HidroRec.Backend)'
2026-03-30 12:12:14.669 -03:00 [INF] Route matched with {action = "GetResumo", controller = "Dashboard"}. Executing controller action with signature System.Threading.Tasks.Task`1[Microsoft.AspNetCore.Mvc.ActionResult`1[HidroRec.Backend.Application.DTOs.Common.ApiResponse`1[HidroRec.Backend.Application.DTOs.Dashboard.DashboardResumoDto]]] GetResumo(System.Threading.CancellationToken) on controller HidroRec.Backend.Controllers.DashboardController (HidroRec.Backend).
2026-03-30 12:12:14.679 -03:00 [INF] Start processing HTTP request GET https://geoportal.apac.pe.gov.br/server/rest/services/met_volume_acumulado_chuva_municipio_24hs/MapServer/0/query?where=nm_mun%20%3D%20%27Recife%27&outFields=nm_mun,horas_24,ultima_leitura_data_hora&returnGeometry=false&f=json
2026-03-30 12:12:14.681 -03:00 [INF] Sending HTTP request GET https://geoportal.apac.pe.gov.br/server/rest/services/met_volume_acumulado_chuva_municipio_24hs/MapServer/0/query?where=nm_mun%20%3D%20%27Recife%27&outFields=nm_mun,horas_24,ultima_leitura_data_hora&returnGeometry=false&f=json
2026-03-30 12:12:14.762 -03:00 [INF] Received HTTP response headers after 79.8098ms - 200
2026-03-30 12:12:14.766 -03:00 [INF] End processing HTTP request after 86.5213ms - 200
2026-03-30 12:12:14.770 -03:00 [INF] Executing OkObjectResult, writing value of type 'HidroRec.Backend.Application.DTOs.Common.ApiResponse`1[[HidroRec.Backend.Application.DTOs.Dashboard.DashboardResumoDto, HidroRec.Backend, Version=1.0.0.0, Culture=neutral, PublicKeyToken=null]]'.
2026-03-30 12:12:14.773 -03:00 [INF] Executed action HidroRec.Backend.Controllers.DashboardController.GetResumo (HidroRec.Backend) in 99.8878ms
2026-03-30 12:12:14.776 -03:00 [INF] Executed endpoint 'HidroRec.Backend.Controllers.DashboardController.GetResumo (HidroRec.Backend)'
2026-03-30 12:12:14.779 -03:00 [INF] HTTP GET /api/dashboard/resumo responded 200 in 112.5253 ms
2026-03-30 12:12:14.785 -03:00 [INF] Request finished HTTP/1.1 GET http://localhost:8080/api/dashboard/resumo - 200 null application/json; charset=utf-8 121.5542ms
2026-03-30 12:12:17.243 -03:00 [INF] Request starting HTTP/1.1 GET http://localhost:8080/js/api.js - null null
2026-03-30 12:12:17.245 -03:00 [INF] CORS policy execution successful.
2026-03-30 12:12:17.246 -03:00 [INF] The file /js/api.js was not modified
2026-03-30 12:12:17.247 -03:00 [INF] HTTP GET /js/api.js responded 304 in 2.2507 ms
2026-03-30 12:12:17.249 -03:00 [INF] Request finished HTTP/1.1 GET http://localhost:8080/js/api.js - 304 null text/javascript 6.1325ms
2026-03-30 12:12:17.254 -03:00 [INF] Request starting HTTP/1.1 GET http://localhost:8080/api/auth/me - null null
2026-03-30 12:12:17.258 -03:00 [INF] Executing endpoint 'HidroRec.Backend.Controllers.AuthController.Me (HidroRec.Backend)'
2026-03-30 12:12:17.260 -03:00 [INF] Route matched with {action = "Me", controller = "Auth"}. Executing controller action with signature System.Threading.Tasks.Task`1[Microsoft.AspNetCore.Mvc.ActionResult`1[HidroRec.Backend.Application.DTOs.Common.ApiResponse`1[HidroRec.Backend.Application.DTOs.Auth.UsuarioResumoDto]]] Me(System.Threading.CancellationToken) on controller HidroRec.Backend.Controllers.AuthController (HidroRec.Backend).
2026-03-30 12:12:17.275 -03:00 [INF] Executing OkObjectResult, writing value of type 'HidroRec.Backend.Application.DTOs.Common.ApiResponse`1[[HidroRec.Backend.Application.DTOs.Auth.UsuarioResumoDto, HidroRec.Backend, Version=1.0.0.0, Culture=neutral, PublicKeyToken=null]]'.
2026-03-30 12:12:17.277 -03:00 [INF] Executed action HidroRec.Backend.Controllers.AuthController.Me (HidroRec.Backend) in 13.5473ms
2026-03-30 12:12:17.279 -03:00 [INF] Executed endpoint 'HidroRec.Backend.Controllers.AuthController.Me (HidroRec.Backend)'
2026-03-30 12:12:17.280 -03:00 [INF] HTTP GET /api/auth/me responded 200 in 23.4664 ms
2026-03-30 12:12:17.283 -03:00 [INF] Request finished HTTP/1.1 GET http://localhost:8080/api/auth/me - 200 null application/json; charset=utf-8 28.211ms
2026-03-30 12:12:17.288 -03:00 [INF] Request starting HTTP/1.1 GET http://localhost:8080/api/dashboard/resumo - null null
2026-03-30 12:12:17.292 -03:00 [INF] Executing endpoint 'HidroRec.Backend.Controllers.DashboardController.GetResumo (HidroRec.Backend)'
2026-03-30 12:12:17.295 -03:00 [INF] Route matched with {action = "GetResumo", controller = "Dashboard"}. Executing controller action with signature System.Threading.Tasks.Task`1[Microsoft.AspNetCore.Mvc.ActionResult`1[HidroRec.Backend.Application.DTOs.Common.ApiResponse`1[HidroRec.Backend.Application.DTOs.Dashboard.DashboardResumoDto]]] GetResumo(System.Threading.CancellationToken) on controller HidroRec.Backend.Controllers.DashboardController (HidroRec.Backend).
2026-03-30 12:12:17.305 -03:00 [INF] Start processing HTTP request GET https://geoportal.apac.pe.gov.br/server/rest/services/met_volume_acumulado_chuva_municipio_24hs/MapServer/0/query?where=nm_mun%20%3D%20%27Recife%27&outFields=nm_mun,horas_24,ultima_leitura_data_hora&returnGeometry=false&f=json
2026-03-30 12:12:17.307 -03:00 [INF] Sending HTTP request GET https://geoportal.apac.pe.gov.br/server/rest/services/met_volume_acumulado_chuva_municipio_24hs/MapServer/0/query?where=nm_mun%20%3D%20%27Recife%27&outFields=nm_mun,horas_24,ultima_leitura_data_hora&returnGeometry=false&f=json
2026-03-30 12:12:17.373 -03:00 [INF] Received HTTP response headers after 63.9595ms - 200
2026-03-30 12:12:17.375 -03:00 [INF] End processing HTTP request after 69.4465ms - 200
2026-03-30 12:12:17.376 -03:00 [INF] Executing OkObjectResult, writing value of type 'HidroRec.Backend.Application.DTOs.Common.ApiResponse`1[[HidroRec.Backend.Application.DTOs.Dashboard.DashboardResumoDto, HidroRec.Backend, Version=1.0.0.0, Culture=neutral, PublicKeyToken=null]]'.
2026-03-30 12:12:17.379 -03:00 [INF] Executed action HidroRec.Backend.Controllers.DashboardController.GetResumo (HidroRec.Backend) in 81.1778ms
2026-03-30 12:12:17.381 -03:00 [INF] Executed endpoint 'HidroRec.Backend.Controllers.DashboardController.GetResumo (HidroRec.Backend)'
2026-03-30 12:12:17.382 -03:00 [INF] HTTP GET /api/dashboard/resumo responded 200 in 90.4991 ms
2026-03-30 12:12:17.384 -03:00 [INF] Request finished HTTP/1.1 GET http://localhost:8080/api/dashboard/resumo - 200 null application/json; charset=utf-8 95.9272ms
2026-03-30 12:12:38.752 -03:00 [INF] Request starting HTTP/1.1 GET http://localhost:8080/index.html - null null
2026-03-30 12:12:38.760 -03:00 [INF] Sending file. Request path: '/index.html'. Physical path: 'C:\Users\ACPGROUP\Desktop\HTML PURO\hidrorec\frontend\index.html'
2026-03-30 12:12:38.762 -03:00 [INF] HTTP GET /index.html responded 200 in 6.1599 ms
2026-03-30 12:12:38.765 -03:00 [INF] Request finished HTTP/1.1 GET http://localhost:8080/index.html - 200 6364 text/html 12.6131ms
2026-03-30 12:12:38.791 -03:00 [INF] Request starting HTTP/1.1 GET http://localhost:8080/css/global.css - null null
2026-03-30 12:12:38.795 -03:00 [INF] Sending file. Request path: '/css/global.css'. Physical path: 'C:\Users\ACPGROUP\Desktop\HTML PURO\hidrorec\frontend\css\global.css'
2026-03-30 12:12:38.797 -03:00 [INF] HTTP GET /css/global.css responded 200 in 2.9505 ms
2026-03-30 12:12:38.800 -03:00 [INF] Request finished HTTP/1.1 GET http://localhost:8080/css/global.css - 200 2292 text/css 8.9809ms
2026-03-30 12:12:38.800 -03:00 [INF] Request starting HTTP/1.1 GET http://localhost:8080/css/components.css - null null
2026-03-30 12:12:38.802 -03:00 [INF] Request starting HTTP/1.1 GET http://localhost:8080/css/dashboard.css - null null
2026-03-30 12:12:38.806 -03:00 [INF] Request starting HTTP/1.1 GET http://localhost:8080/css/layout.css - null null
2026-03-30 12:12:38.812 -03:00 [INF] Sending file. Request path: '/css/dashboard.css'. Physical path: 'C:\Users\ACPGROUP\Desktop\HTML PURO\hidrorec\frontend\css\dashboard.css'
2026-03-30 12:12:38.812 -03:00 [INF] Sending file. Request path: '/css/components.css'. Physical path: 'C:\Users\ACPGROUP\Desktop\HTML PURO\hidrorec\frontend\css\components.css'
2026-03-30 12:12:38.815 -03:00 [INF] Sending file. Request path: '/css/layout.css'. Physical path: 'C:\Users\ACPGROUP\Desktop\HTML PURO\hidrorec\frontend\css\layout.css'
2026-03-30 12:12:38.815 -03:00 [INF] Request starting HTTP/1.1 GET http://localhost:8080/assets/logo/logo-hidrorec.png?v=20260330-1505 - null null
2026-03-30 12:12:38.815 -03:00 [INF] HTTP GET /css/dashboard.css responded 200 in 4.2030 ms
2026-03-30 12:12:38.817 -03:00 [INF] HTTP GET /css/components.css responded 200 in 9.7179 ms
2026-03-30 12:12:38.819 -03:00 [INF] HTTP GET /css/layout.css responded 200 in 5.0330 ms
2026-03-30 12:12:38.824 -03:00 [INF] Request finished HTTP/1.1 GET http://localhost:8080/css/dashboard.css - 200 2663 text/css 21.5295ms
2026-03-30 12:12:38.826 -03:00 [INF] Request finished HTTP/1.1 GET http://localhost:8080/css/components.css - 200 6011 text/css 25.7247ms
2026-03-30 12:12:38.828 -03:00 [INF] Request finished HTTP/1.1 GET http://localhost:8080/css/layout.css - 200 2989 text/css 21.8214ms
2026-03-30 12:12:38.830 -03:00 [INF] Request starting HTTP/1.1 GET http://localhost:8080/css/mapa.css - null null
2026-03-30 12:12:38.831 -03:00 [INF] Sending file. Request path: '/assets/logo/logo-hidrorec.png'. Physical path: 'C:\Users\ACPGROUP\Desktop\HTML PURO\hidrorec\frontend\assets\logo\logo-hidrorec.png'
2026-03-30 12:12:38.834 -03:00 [INF] Request starting HTTP/1.1 GET http://localhost:8080/js/dashboard.js - null null
2026-03-30 12:12:38.842 -03:00 [INF] Sending file. Request path: '/css/mapa.css'. Physical path: 'C:\Users\ACPGROUP\Desktop\HTML PURO\hidrorec\frontend\css\mapa.css'
2026-03-30 12:12:38.843 -03:00 [INF] HTTP GET /assets/logo/logo-hidrorec.png responded 200 in 21.1740 ms
2026-03-30 12:12:38.846 -03:00 [INF] CORS policy execution successful.
2026-03-30 12:12:38.848 -03:00 [INF] HTTP GET /css/mapa.css responded 200 in 6.6954 ms
2026-03-30 12:12:38.849 -03:00 [INF] Request finished HTTP/1.1 GET http://localhost:8080/assets/logo/logo-hidrorec.png?v=20260330-1505 - 200 378256 image/png 34.6672ms
2026-03-30 12:12:38.851 -03:00 [INF] Sending file. Request path: '/js/dashboard.js'. Physical path: 'C:\Users\ACPGROUP\Desktop\HTML PURO\hidrorec\frontend\js\dashboard.js'
2026-03-30 12:12:38.852 -03:00 [INF] Request finished HTTP/1.1 GET http://localhost:8080/css/mapa.css - 200 1744 text/css 21.6473ms
2026-03-30 12:12:38.855 -03:00 [INF] Request starting HTTP/1.1 GET http://localhost:8080/js/mapa.js - null null
2026-03-30 12:12:38.855 -03:00 [INF] HTTP GET /js/dashboard.js responded 200 in 9.2681 ms
2026-03-30 12:12:38.860 -03:00 [INF] Request starting HTTP/1.1 GET http://localhost:8080/js/api.js - null null
2026-03-30 12:12:38.863 -03:00 [INF] CORS policy execution successful.
2026-03-30 12:12:38.864 -03:00 [INF] Request finished HTTP/1.1 GET http://localhost:8080/js/dashboard.js - 200 2606 text/javascript 30.2852ms
2026-03-30 12:12:38.865 -03:00 [INF] CORS policy execution successful.
2026-03-30 12:12:38.867 -03:00 [INF] Sending file. Request path: '/js/mapa.js'. Physical path: 'C:\Users\ACPGROUP\Desktop\HTML PURO\hidrorec\frontend\js\mapa.js'
2026-03-30 12:12:38.869 -03:00 [INF] Request starting HTTP/1.1 GET http://localhost:8080/js/app.js - null null
2026-03-30 12:12:38.871 -03:00 [INF] Sending file. Request path: '/js/api.js'. Physical path: 'C:\Users\ACPGROUP\Desktop\HTML PURO\hidrorec\frontend\js\api.js'
2026-03-30 12:12:38.871 -03:00 [INF] HTTP GET /js/mapa.js responded 200 in 8.5047 ms
2026-03-30 12:12:38.873 -03:00 [INF] CORS policy execution successful.
2026-03-30 12:12:38.874 -03:00 [INF] HTTP GET /js/api.js responded 200 in 8.9820 ms
2026-03-30 12:12:38.876 -03:00 [INF] Request finished HTTP/1.1 GET http://localhost:8080/js/mapa.js - 200 1133 text/javascript 21.0076ms
2026-03-30 12:12:38.877 -03:00 [INF] Sending file. Request path: '/js/app.js'. Physical path: 'C:\Users\ACPGROUP\Desktop\HTML PURO\hidrorec\frontend\js\app.js'
2026-03-30 12:12:38.878 -03:00 [INF] Request finished HTTP/1.1 GET http://localhost:8080/js/api.js - 200 6162 text/javascript 18.6361ms
2026-03-30 12:12:38.881 -03:00 [INF] Request starting HTTP/1.1 GET http://localhost:8080/js/utils.js - null null
2026-03-30 12:12:38.883 -03:00 [INF] HTTP GET /js/app.js responded 200 in 9.6474 ms
2026-03-30 12:12:38.888 -03:00 [INF] CORS policy execution successful.
2026-03-30 12:12:38.890 -03:00 [INF] Request finished HTTP/1.1 GET http://localhost:8080/js/app.js - 200 826 text/javascript 20.9953ms
2026-03-30 12:12:38.891 -03:00 [INF] Sending file. Request path: '/js/utils.js'. Physical path: 'C:\Users\ACPGROUP\Desktop\HTML PURO\hidrorec\frontend\js\utils.js'
2026-03-30 12:12:38.894 -03:00 [INF] HTTP GET /js/utils.js responded 200 in 6.4445 ms
2026-03-30 12:12:38.896 -03:00 [INF] Request finished HTTP/1.1 GET http://localhost:8080/js/utils.js - 200 4606 text/javascript 14.2399ms
2026-03-30 12:12:38.897 -03:00 [INF] Request starting HTTP/1.1 GET http://localhost:8080/api/dashboard/resumo - null null
2026-03-30 12:12:38.901 -03:00 [INF] Executing endpoint 'HidroRec.Backend.Controllers.DashboardController.GetResumo (HidroRec.Backend)'
2026-03-30 12:12:38.902 -03:00 [INF] Route matched with {action = "GetResumo", controller = "Dashboard"}. Executing controller action with signature System.Threading.Tasks.Task`1[Microsoft.AspNetCore.Mvc.ActionResult`1[HidroRec.Backend.Application.DTOs.Common.ApiResponse`1[HidroRec.Backend.Application.DTOs.Dashboard.DashboardResumoDto]]] GetResumo(System.Threading.CancellationToken) on controller HidroRec.Backend.Controllers.DashboardController (HidroRec.Backend).
2026-03-30 12:12:38.908 -03:00 [INF] Start processing HTTP request GET https://geoportal.apac.pe.gov.br/server/rest/services/met_volume_acumulado_chuva_municipio_24hs/MapServer/0/query?where=nm_mun%20%3D%20%27Recife%27&outFields=nm_mun,horas_24,ultima_leitura_data_hora&returnGeometry=false&f=json
2026-03-30 12:12:38.909 -03:00 [INF] Sending HTTP request GET https://geoportal.apac.pe.gov.br/server/rest/services/met_volume_acumulado_chuva_municipio_24hs/MapServer/0/query?where=nm_mun%20%3D%20%27Recife%27&outFields=nm_mun,horas_24,ultima_leitura_data_hora&returnGeometry=false&f=json
2026-03-30 12:12:38.979 -03:00 [INF] Request starting HTTP/1.1 GET http://localhost:8080/favicon.ico - null null
2026-03-30 12:12:38.984 -03:00 [INF] HTTP GET /favicon.ico responded 404 in 0.4309 ms
2026-03-30 12:12:38.988 -03:00 [INF] Request finished HTTP/1.1 GET http://localhost:8080/favicon.ico - 404 0 null 9.333ms
2026-03-30 12:12:38.993 -03:00 [INF] Request reached the end of the middleware pipeline without being handled by application code. Request path: GET http://localhost:8080/favicon.ico, Response status code: 404
2026-03-30 12:12:39.283 -03:00 [INF] Received HTTP response headers after 372.5183ms - 200
2026-03-30 12:12:39.284 -03:00 [INF] End processing HTTP request after 376.4965ms - 200
2026-03-30 12:12:39.286 -03:00 [INF] Executing OkObjectResult, writing value of type 'HidroRec.Backend.Application.DTOs.Common.ApiResponse`1[[HidroRec.Backend.Application.DTOs.Dashboard.DashboardResumoDto, HidroRec.Backend, Version=1.0.0.0, Culture=neutral, PublicKeyToken=null]]'.
2026-03-30 12:12:39.287 -03:00 [INF] Executed action HidroRec.Backend.Controllers.DashboardController.GetResumo (HidroRec.Backend) in 383.3366ms
2026-03-30 12:12:39.290 -03:00 [INF] Executed endpoint 'HidroRec.Backend.Controllers.DashboardController.GetResumo (HidroRec.Backend)'
2026-03-30 12:12:39.291 -03:00 [INF] HTTP GET /api/dashboard/resumo responded 200 in 390.7043 ms
2026-03-30 12:12:39.294 -03:00 [INF] Request finished HTTP/1.1 GET http://localhost:8080/api/dashboard/resumo - 200 null application/json; charset=utf-8 397.3144ms
2026-03-30 12:12:57.303 -03:00 [INF] Request starting HTTP/1.1 GET http://localhost:8080/ - null null
2026-03-30 12:12:57.306 -03:00 [INF] Executing endpoint 'HTTP: GET /'
2026-03-30 12:12:57.309 -03:00 [INF] Executed endpoint 'HTTP: GET /'
2026-03-30 12:12:57.310 -03:00 [INF] HTTP GET / responded 200 in 4.6267 ms
2026-03-30 12:12:57.314 -03:00 [INF] Request finished HTTP/1.1 GET http://localhost:8080/ - 200 null text/html; charset=utf-8 10.584ms
2026-03-30 12:12:57.343 -03:00 [INF] Request starting HTTP/1.1 GET http://localhost:8080/js/app.js - null null
2026-03-30 12:12:57.343 -03:00 [INF] Request starting HTTP/1.1 GET http://localhost:8080/js/utils.js - null null
2026-03-30 12:12:57.346 -03:00 [INF] CORS policy execution successful.
2026-03-30 12:12:57.349 -03:00 [INF] CORS policy execution successful.
2026-03-30 12:12:57.351 -03:00 [INF] The file /js/app.js was not modified
2026-03-30 12:12:57.352 -03:00 [INF] The file /js/utils.js was not modified
2026-03-30 12:12:57.353 -03:00 [INF] HTTP GET /js/app.js responded 304 in 6.7396 ms
2026-03-30 12:12:57.353 -03:00 [INF] HTTP GET /js/utils.js responded 304 in 4.3326 ms
2026-03-30 12:12:57.356 -03:00 [INF] Request finished HTTP/1.1 GET http://localhost:8080/js/app.js - 304 null text/javascript 12.9612ms
2026-03-30 12:12:57.357 -03:00 [INF] Request finished HTTP/1.1 GET http://localhost:8080/js/utils.js - 304 null text/javascript 13.8419ms
2026-03-30 12:12:57.394 -03:00 [INF] Request starting HTTP/1.1 GET http://localhost:8080/api/dashboard/resumo - null null
2026-03-30 12:12:57.398 -03:00 [INF] Executing endpoint 'HidroRec.Backend.Controllers.DashboardController.GetResumo (HidroRec.Backend)'
2026-03-30 12:12:57.400 -03:00 [INF] Route matched with {action = "GetResumo", controller = "Dashboard"}. Executing controller action with signature System.Threading.Tasks.Task`1[Microsoft.AspNetCore.Mvc.ActionResult`1[HidroRec.Backend.Application.DTOs.Common.ApiResponse`1[HidroRec.Backend.Application.DTOs.Dashboard.DashboardResumoDto]]] GetResumo(System.Threading.CancellationToken) on controller HidroRec.Backend.Controllers.DashboardController (HidroRec.Backend).
2026-03-30 12:12:57.410 -03:00 [INF] Start processing HTTP request GET https://geoportal.apac.pe.gov.br/server/rest/services/met_volume_acumulado_chuva_municipio_24hs/MapServer/0/query?where=nm_mun%20%3D%20%27Recife%27&outFields=nm_mun,horas_24,ultima_leitura_data_hora&returnGeometry=false&f=json
2026-03-30 12:12:57.412 -03:00 [INF] Sending HTTP request GET https://geoportal.apac.pe.gov.br/server/rest/services/met_volume_acumulado_chuva_municipio_24hs/MapServer/0/query?where=nm_mun%20%3D%20%27Recife%27&outFields=nm_mun,horas_24,ultima_leitura_data_hora&returnGeometry=false&f=json
2026-03-30 12:12:57.492 -03:00 [INF] Received HTTP response headers after 76.8966ms - 200
2026-03-30 12:12:57.495 -03:00 [INF] End processing HTTP request after 85.2494ms - 200
2026-03-30 12:12:57.499 -03:00 [INF] Executing OkObjectResult, writing value of type 'HidroRec.Backend.Application.DTOs.Common.ApiResponse`1[[HidroRec.Backend.Application.DTOs.Dashboard.DashboardResumoDto, HidroRec.Backend, Version=1.0.0.0, Culture=neutral, PublicKeyToken=null]]'.
2026-03-30 12:12:57.503 -03:00 [INF] Executed action HidroRec.Backend.Controllers.DashboardController.GetResumo (HidroRec.Backend) in 99.6372ms
2026-03-30 12:12:57.507 -03:00 [INF] Executed endpoint 'HidroRec.Backend.Controllers.DashboardController.GetResumo (HidroRec.Backend)'
2026-03-30 12:12:57.511 -03:00 [INF] HTTP GET /api/dashboard/resumo responded 200 in 113.4995 ms
2026-03-30 12:12:57.515 -03:00 [INF] Request finished HTTP/1.1 GET http://localhost:8080/api/dashboard/resumo - 200 null application/json; charset=utf-8 121.2286ms
2026-03-30 12:14:17.032 -03:00 [INF] Request starting HTTP/1.1 GET http://localhost:8080/ - null null
2026-03-30 12:14:17.035 -03:00 [INF] Executing endpoint 'HTTP: GET /'
2026-03-30 12:14:17.037 -03:00 [INF] Executed endpoint 'HTTP: GET /'
2026-03-30 12:14:17.038 -03:00 [INF] HTTP GET / responded 200 in 3.6773 ms
2026-03-30 12:14:17.040 -03:00 [INF] Request finished HTTP/1.1 GET http://localhost:8080/ - 200 null text/html; charset=utf-8 8.083ms
2026-03-30 12:14:17.057 -03:00 [INF] Request starting HTTP/1.1 GET http://localhost:8080/css/global.css - null null
2026-03-30 12:14:17.061 -03:00 [INF] Request starting HTTP/1.1 GET http://localhost:8080/css/components.css - null null
2026-03-30 12:14:17.061 -03:00 [INF] Request starting HTTP/1.1 GET http://localhost:8080/css/dashboard.css - null null
2026-03-30 12:14:17.061 -03:00 [INF] Request starting HTTP/1.1 GET http://localhost:8080/css/layout.css - null null
2026-03-30 12:14:17.061 -03:00 [INF] Sending file. Request path: '/css/global.css'. Physical path: 'C:\Users\ACPGROUP\Desktop\HTML PURO\hidrorec\frontend\css\global.css'
2026-03-30 12:14:17.064 -03:00 [INF] The file /css/components.css was not modified
2026-03-30 12:14:17.066 -03:00 [INF] The file /css/dashboard.css was not modified
2026-03-30 12:14:17.069 -03:00 [INF] Sending file. Request path: '/css/layout.css'. Physical path: 'C:\Users\ACPGROUP\Desktop\HTML PURO\hidrorec\frontend\css\layout.css'
2026-03-30 12:14:17.070 -03:00 [INF] HTTP GET /css/global.css responded 200 in 9.6330 ms
2026-03-30 12:14:17.071 -03:00 [INF] HTTP GET /css/components.css responded 304 in 7.6707 ms
2026-03-30 12:14:17.072 -03:00 [INF] HTTP GET /css/dashboard.css responded 304 in 6.4891 ms
2026-03-30 12:14:17.074 -03:00 [INF] HTTP GET /css/layout.css responded 200 in 5.5454 ms
2026-03-30 12:14:17.076 -03:00 [INF] Request finished HTTP/1.1 GET http://localhost:8080/css/global.css - 200 2602 text/css 18.9549ms
2026-03-30 12:14:17.078 -03:00 [INF] Request finished HTTP/1.1 GET http://localhost:8080/css/components.css - 304 null text/css 17.0531ms
2026-03-30 12:14:17.080 -03:00 [INF] Request finished HTTP/1.1 GET http://localhost:8080/css/dashboard.css - 304 null text/css 18.9936ms
2026-03-30 12:14:17.082 -03:00 [INF] Request finished HTTP/1.1 GET http://localhost:8080/css/layout.css - 200 3105 text/css 20.6426ms
2026-03-30 12:14:17.096 -03:00 [INF] Request starting HTTP/1.1 GET http://localhost:8080/api/dashboard/resumo - null null
2026-03-30 12:14:17.101 -03:00 [INF] Executing endpoint 'HidroRec.Backend.Controllers.DashboardController.GetResumo (HidroRec.Backend)'
2026-03-30 12:14:17.102 -03:00 [INF] Route matched with {action = "GetResumo", controller = "Dashboard"}. Executing controller action with signature System.Threading.Tasks.Task`1[Microsoft.AspNetCore.Mvc.ActionResult`1[HidroRec.Backend.Application.DTOs.Common.ApiResponse`1[HidroRec.Backend.Application.DTOs.Dashboard.DashboardResumoDto]]] GetResumo(System.Threading.CancellationToken) on controller HidroRec.Backend.Controllers.DashboardController (HidroRec.Backend).
2026-03-30 12:14:17.111 -03:00 [INF] Start processing HTTP request GET https://geoportal.apac.pe.gov.br/server/rest/services/met_volume_acumulado_chuva_municipio_24hs/MapServer/0/query?where=nm_mun%20%3D%20%27Recife%27&outFields=nm_mun,horas_24,ultima_leitura_data_hora&returnGeometry=false&f=json
2026-03-30 12:14:17.112 -03:00 [INF] Sending HTTP request GET https://geoportal.apac.pe.gov.br/server/rest/services/met_volume_acumulado_chuva_municipio_24hs/MapServer/0/query?where=nm_mun%20%3D%20%27Recife%27&outFields=nm_mun,horas_24,ultima_leitura_data_hora&returnGeometry=false&f=json
2026-03-30 12:14:17.272 -03:00 [INF] Received HTTP response headers after 158.6443ms - 200
2026-03-30 12:14:17.274 -03:00 [INF] End processing HTTP request after 163.3055ms - 200
2026-03-30 12:14:17.277 -03:00 [INF] Executing OkObjectResult, writing value of type 'HidroRec.Backend.Application.DTOs.Common.ApiResponse`1[[HidroRec.Backend.Application.DTOs.Dashboard.DashboardResumoDto, HidroRec.Backend, Version=1.0.0.0, Culture=neutral, PublicKeyToken=null]]'.
2026-03-30 12:14:17.281 -03:00 [INF] Executed action HidroRec.Backend.Controllers.DashboardController.GetResumo (HidroRec.Backend) in 176.2019ms
2026-03-30 12:14:17.283 -03:00 [INF] Executed endpoint 'HidroRec.Backend.Controllers.DashboardController.GetResumo (HidroRec.Backend)'
2026-03-30 12:14:17.285 -03:00 [INF] HTTP GET /api/dashboard/resumo responded 200 in 183.7253 ms
2026-03-30 12:14:17.288 -03:00 [INF] Request finished HTTP/1.1 GET http://localhost:8080/api/dashboard/resumo - 200 null application/json; charset=utf-8 191.5124ms
2026-03-30 12:15:32.458 -03:00 [INF] Request starting HTTP/1.1 HEAD http://localhost:8080/css/layout.css - null null
2026-03-30 12:15:32.478 -03:00 [INF] HTTP HEAD /css/layout.css responded 200 in 0.3486 ms
2026-03-30 12:15:32.480 -03:00 [INF] Request finished HTTP/1.1 HEAD http://localhost:8080/css/layout.css - 200 3105 text/css 22.171ms
2026-03-30 12:15:32.482 -03:00 [INF] Request starting HTTP/1.1 HEAD http://localhost:8080/css/acesso.css - null null
2026-03-30 12:15:32.509 -03:00 [INF] Request starting HTTP/1.1 HEAD http://localhost:8080/css/mapa.css - null null
2026-03-30 12:15:32.551 -03:00 [INF] Request starting HTTP/1.1 HEAD http://localhost:8080/css/components.css - null null
2026-03-30 12:15:32.557 -03:00 [INF] HTTP HEAD /css/acesso.css responded 200 in 0.3403 ms
2026-03-30 12:15:32.763 -03:00 [INF] Request finished HTTP/1.1 HEAD http://localhost:8080/css/acesso.css - 200 1562 text/css 280.9275ms
2026-03-30 12:15:32.760 -03:00 [INF] HTTP HEAD /css/mapa.css responded 200 in 0.2951 ms
2026-03-30 12:15:32.762 -03:00 [INF] HTTP HEAD /css/components.css responded 200 in 0.2753 ms
2026-03-30 12:15:33.097 -03:00 [INF] Request finished HTTP/1.1 HEAD http://localhost:8080/css/components.css - 200 6519 text/css 546.6814ms
2026-03-30 12:15:32.788 -03:00 [INF] Request starting HTTP/1.1 HEAD http://localhost:8080/css/admin.css - null null
2026-03-30 12:15:32.856 -03:00 [INF] Request starting HTTP/1.1 HEAD http://localhost:8080/css/dashboard.css - null null
2026-03-30 12:15:33.831 -03:00 [INF] HTTP HEAD /css/dashboard.css responded 200 in 0.2839 ms
2026-03-30 12:15:33.043 -03:00 [INF] Request finished HTTP/1.1 HEAD http://localhost:8080/css/mapa.css - 200 2088 text/css 533.2661ms
2026-03-30 12:15:32.551 -03:00 [INF] Request starting HTTP/1.1 HEAD http://localhost:8080/css/reporte.css - null null
2026-03-30 12:15:33.818 -03:00 [INF] HTTP HEAD /css/admin.css responded 200 in 0.2773 ms
2026-03-30 12:15:32.962 -03:00 [INF] Request starting HTTP/1.1 HEAD http://localhost:8080/css/global.css - null null
2026-03-30 12:15:33.832 -03:00 [INF] Request finished HTTP/1.1 HEAD http://localhost:8080/css/dashboard.css - 200 3013 text/css 976.4313ms
2026-03-30 12:15:34.033 -03:00 [INF] HTTP HEAD /css/reporte.css responded 200 in 0.2763 ms
2026-03-30 12:15:34.242 -03:00 [INF] Request finished HTTP/1.1 HEAD http://localhost:8080/css/admin.css - 200 2339 text/css 1453.9992ms
2026-03-30 12:15:34.259 -03:00 [INF] HTTP HEAD /css/global.css responded 200 in 0.2650 ms
2026-03-30 12:15:34.308 -03:00 [INF] Request finished HTTP/1.1 HEAD http://localhost:8080/css/reporte.css - 200 2475 text/css 1757.1572ms
2026-03-30 12:15:34.551 -03:00 [INF] Request starting HTTP/1.1 GET http://localhost:8080/ - null null
2026-03-30 12:15:34.571 -03:00 [INF] Request finished HTTP/1.1 HEAD http://localhost:8080/css/global.css - 200 2602 text/css 1608.9376ms
2026-03-30 12:15:34.834 -03:00 [INF] Executing endpoint 'HTTP: GET /'
2026-03-30 12:15:35.034 -03:00 [INF] Executed endpoint 'HTTP: GET /'
2026-03-30 12:15:35.059 -03:00 [INF] Request starting HTTP/1.1 GET http://localhost:8080/css/global.css - null null
2026-03-30 12:15:35.059 -03:00 [INF] Request starting HTTP/1.1 GET http://localhost:8080/css/layout.css - null null
2026-03-30 12:15:35.064 -03:00 [INF] Request starting HTTP/1.1 GET http://localhost:8080/js/api.js - null null
2026-03-30 12:15:35.279 -03:00 [INF] HTTP GET / responded 200 in 444.7963 ms
2026-03-30 12:15:35.293 -03:00 [INF] The file /css/global.css was not modified
2026-03-30 12:15:35.340 -03:00 [INF] The file /css/layout.css was not modified
2026-03-30 12:15:35.516 -03:00 [INF] HTTP GET /css/layout.css responded 304 in 175.9824 ms
2026-03-30 12:15:35.486 -03:00 [INF] Request finished HTTP/1.1 GET http://localhost:8080/ - 200 null text/html; charset=utf-8 935.5637ms
2026-03-30 12:15:35.495 -03:00 [INF] HTTP GET /css/global.css responded 304 in 201.8676 ms
2026-03-30 12:15:35.957 -03:00 [INF] Request finished HTTP/1.1 GET http://localhost:8080/css/global.css - 304 null text/css 898.1467ms
2026-03-30 12:15:35.594 -03:00 [INF] Request finished HTTP/1.1 GET http://localhost:8080/css/layout.css - 304 null text/css 535.5166ms
2026-03-30 12:15:35.349 -03:00 [INF] CORS policy execution successful.
2026-03-30 12:15:36.163 -03:00 [INF] The file /js/api.js was not modified
2026-03-30 12:15:36.197 -03:00 [INF] HTTP GET /js/api.js responded 304 in 848.2862 ms
2026-03-30 12:15:36.301 -03:00 [INF] Request finished HTTP/1.1 GET http://localhost:8080/js/api.js - 304 null text/javascript 1236.9324ms
2026-03-30 12:15:36.310 -03:00 [INF] Request starting HTTP/1.1 GET http://localhost:8080/api/dashboard/resumo - null null
2026-03-30 12:15:36.370 -03:00 [INF] Executing endpoint 'HidroRec.Backend.Controllers.DashboardController.GetResumo (HidroRec.Backend)'
2026-03-30 12:15:36.410 -03:00 [INF] Route matched with {action = "GetResumo", controller = "Dashboard"}. Executing controller action with signature System.Threading.Tasks.Task`1[Microsoft.AspNetCore.Mvc.ActionResult`1[HidroRec.Backend.Application.DTOs.Common.ApiResponse`1[HidroRec.Backend.Application.DTOs.Dashboard.DashboardResumoDto]]] GetResumo(System.Threading.CancellationToken) on controller HidroRec.Backend.Controllers.DashboardController (HidroRec.Backend).
2026-03-30 12:15:36.637 -03:00 [INF] Start processing HTTP request GET https://geoportal.apac.pe.gov.br/server/rest/services/met_volume_acumulado_chuva_municipio_24hs/MapServer/0/query?where=nm_mun%20%3D%20%27Recife%27&outFields=nm_mun,horas_24,ultima_leitura_data_hora&returnGeometry=false&f=json
2026-03-30 12:15:36.885 -03:00 [INF] Sending HTTP request GET https://geoportal.apac.pe.gov.br/server/rest/services/met_volume_acumulado_chuva_municipio_24hs/MapServer/0/query?where=nm_mun%20%3D%20%27Recife%27&outFields=nm_mun,horas_24,ultima_leitura_data_hora&returnGeometry=false&f=json
2026-03-30 12:15:37.309 -03:00 [INF] Received HTTP response headers after 191.3965ms - 200
2026-03-30 12:15:37.510 -03:00 [INF] End processing HTTP request after 873.0578ms - 200
2026-03-30 12:15:37.703 -03:00 [INF] Executing OkObjectResult, writing value of type 'HidroRec.Backend.Application.DTOs.Common.ApiResponse`1[[HidroRec.Backend.Application.DTOs.Dashboard.DashboardResumoDto, HidroRec.Backend, Version=1.0.0.0, Culture=neutral, PublicKeyToken=null]]'.
2026-03-30 12:15:37.873 -03:00 [INF] Executed action HidroRec.Backend.Controllers.DashboardController.GetResumo (HidroRec.Backend) in 1258.8823ms
2026-03-30 12:15:38.079 -03:00 [INF] Executed endpoint 'HidroRec.Backend.Controllers.DashboardController.GetResumo (HidroRec.Backend)'
2026-03-30 12:15:38.216 -03:00 [INF] HTTP GET /api/dashboard/resumo responded 200 in 1846.5272 ms
2026-03-30 12:15:38.477 -03:00 [INF] Request finished HTTP/1.1 GET http://localhost:8080/api/dashboard/resumo - 200 null application/json; charset=utf-8 2166.5938ms
2026-03-30 12:15:58.960 -03:00 [INF] Request starting HTTP/1.1 GET http://localhost:8080/ - null null
2026-03-30 12:15:58.962 -03:00 [INF] Executing endpoint 'HTTP: GET /'
2026-03-30 12:15:58.964 -03:00 [INF] Executed endpoint 'HTTP: GET /'
2026-03-30 12:15:58.964 -03:00 [INF] HTTP GET / responded 200 in 2.6649 ms
2026-03-30 12:15:58.966 -03:00 [INF] Request finished HTTP/1.1 GET http://localhost:8080/ - 200 null text/html; charset=utf-8 6.4637ms
2026-03-30 12:15:58.982 -03:00 [INF] Request starting HTTP/1.1 GET http://localhost:8080/css/global.css - null null
2026-03-30 12:15:58.982 -03:00 [INF] Request starting HTTP/1.1 GET http://localhost:8080/css/components.css - null null
2026-03-30 12:15:58.982 -03:00 [INF] Request starting HTTP/1.1 GET http://localhost:8080/css/dashboard.css - null null
2026-03-30 12:15:58.982 -03:00 [INF] Request starting HTTP/1.1 GET http://localhost:8080/css/layout.css - null null
2026-03-30 12:15:58.984 -03:00 [INF] The file /css/global.css was not modified
2026-03-30 12:15:58.987 -03:00 [INF] Sending file. Request path: '/css/components.css'. Physical path: 'C:\Users\ACPGROUP\Desktop\HTML PURO\hidrorec\frontend\css\components.css'
2026-03-30 12:15:58.991 -03:00 [INF] Sending file. Request path: '/css/dashboard.css'. Physical path: 'C:\Users\ACPGROUP\Desktop\HTML PURO\hidrorec\frontend\css\dashboard.css'
2026-03-30 12:15:58.993 -03:00 [INF] The file /css/layout.css was not modified
2026-03-30 12:15:58.999 -03:00 [INF] HTTP GET /css/layout.css responded 304 in 6.3150 ms
2026-03-30 12:15:58.996 -03:00 [INF] HTTP GET /css/components.css responded 200 in 9.7454 ms
2026-03-30 12:15:58.998 -03:00 [INF] HTTP GET /css/dashboard.css responded 200 in 8.2476 ms
2026-03-30 12:15:58.994 -03:00 [INF] HTTP GET /css/global.css responded 304 in 10.1384 ms
2026-03-30 12:15:59.001 -03:00 [INF] Request finished HTTP/1.1 GET http://localhost:8080/css/layout.css - 304 null text/css 18.8458ms
2026-03-30 12:15:59.003 -03:00 [INF] Request finished HTTP/1.1 GET http://localhost:8080/css/components.css - 200 6519 text/css 20.6357ms
2026-03-30 12:15:59.005 -03:00 [INF] Request finished HTTP/1.1 GET http://localhost:8080/css/dashboard.css - 200 3013 text/css 22.3702ms
2026-03-30 12:15:59.007 -03:00 [INF] Request finished HTTP/1.1 GET http://localhost:8080/css/global.css - 304 null text/css 25.6945ms
2026-03-30 12:15:59.013 -03:00 [INF] Request starting HTTP/1.1 GET http://localhost:8080/api/dashboard/resumo - null null
2026-03-30 12:15:59.068 -03:00 [INF] Executing endpoint 'HidroRec.Backend.Controllers.DashboardController.GetResumo (HidroRec.Backend)'
2026-03-30 12:15:59.071 -03:00 [INF] Route matched with {action = "GetResumo", controller = "Dashboard"}. Executing controller action with signature System.Threading.Tasks.Task`1[Microsoft.AspNetCore.Mvc.ActionResult`1[HidroRec.Backend.Application.DTOs.Common.ApiResponse`1[HidroRec.Backend.Application.DTOs.Dashboard.DashboardResumoDto]]] GetResumo(System.Threading.CancellationToken) on controller HidroRec.Backend.Controllers.DashboardController (HidroRec.Backend).
2026-03-30 12:15:59.082 -03:00 [INF] Start processing HTTP request GET https://geoportal.apac.pe.gov.br/server/rest/services/met_volume_acumulado_chuva_municipio_24hs/MapServer/0/query?where=nm_mun%20%3D%20%27Recife%27&outFields=nm_mun,horas_24,ultima_leitura_data_hora&returnGeometry=false&f=json
2026-03-30 12:15:59.083 -03:00 [INF] Sending HTTP request GET https://geoportal.apac.pe.gov.br/server/rest/services/met_volume_acumulado_chuva_municipio_24hs/MapServer/0/query?where=nm_mun%20%3D%20%27Recife%27&outFields=nm_mun,horas_24,ultima_leitura_data_hora&returnGeometry=false&f=json
2026-03-30 12:15:59.145 -03:00 [INF] Received HTTP response headers after 59.8546ms - 200
2026-03-30 12:15:59.148 -03:00 [INF] End processing HTTP request after 66.0237ms - 200
2026-03-30 12:15:59.151 -03:00 [INF] Executing OkObjectResult, writing value of type 'HidroRec.Backend.Application.DTOs.Common.ApiResponse`1[[HidroRec.Backend.Application.DTOs.Dashboard.DashboardResumoDto, HidroRec.Backend, Version=1.0.0.0, Culture=neutral, PublicKeyToken=null]]'.
2026-03-30 12:15:59.155 -03:00 [INF] Executed action HidroRec.Backend.Controllers.DashboardController.GetResumo (HidroRec.Backend) in 77.5874ms
2026-03-30 12:15:59.158 -03:00 [INF] Executed endpoint 'HidroRec.Backend.Controllers.DashboardController.GetResumo (HidroRec.Backend)'
2026-03-30 12:15:59.159 -03:00 [INF] HTTP GET /api/dashboard/resumo responded 200 in 91.2137 ms
2026-03-30 12:15:59.161 -03:00 [INF] Request finished HTTP/1.1 GET http://localhost:8080/api/dashboard/resumo - 200 null application/json; charset=utf-8 147.5172ms
2026-03-30 12:16:07.695 -03:00 [INF] Application is shutting down...
2026-03-30 12:16:26.910 -03:00 [INF] User profile is available. Using 'C:\Users\ACPGROUP\AppData\Local\ASP.NET\DataProtection-Keys' as key repository and Windows DPAPI to encrypt keys at rest.
2026-03-30 12:16:26.980 -03:00 [INF] Now listening on: http://localhost:8080
2026-03-30 12:16:26.982 -03:00 [INF] Application started. Press Ctrl+C to shut down.
2026-03-30 12:16:26.985 -03:00 [INF] Hosting environment: Development
2026-03-30 12:16:26.986 -03:00 [INF] Content root path: C:\Users\ACPGROUP\Desktop\HTML PURO\hidrorec\backend
2026-03-30 12:16:31.311 -03:00 [INF] Request starting HTTP/1.1 GET http://localhost:8080/ - null null
2026-03-30 12:16:31.400 -03:00 [INF] Executing endpoint 'HTTP: GET /'
2026-03-30 12:16:31.419 -03:00 [INF] Executed endpoint 'HTTP: GET /'
2026-03-30 12:16:31.426 -03:00 [INF] HTTP GET / responded 200 in 83.1946 ms
2026-03-30 12:16:31.430 -03:00 [INF] Request finished HTTP/1.1 GET http://localhost:8080/ - 200 null text/html; charset=utf-8 119.5785ms
2026-03-30 12:16:31.435 -03:00 [INF] Request starting HTTP/1.1 GET http://localhost:8080/css/layout.css - null null
2026-03-30 12:16:31.436 -03:00 [INF] Request starting HTTP/1.1 GET http://localhost:8080/css/dashboard.css - null null
2026-03-30 12:16:31.436 -03:00 [INF] Request starting HTTP/1.1 GET http://localhost:8080/css/components.css - null null
2026-03-30 12:16:31.436 -03:00 [INF] Request starting HTTP/1.1 GET http://localhost:8080/js/dashboard.js - null null
2026-03-30 12:16:31.436 -03:00 [INF] Request starting HTTP/1.1 GET http://localhost:8080/css/global.css - null null
2026-03-30 12:16:31.444 -03:00 [INF] The file /css/components.css was not modified
2026-03-30 12:16:31.444 -03:00 [INF] The file /css/dashboard.css was not modified
2026-03-30 12:16:31.444 -03:00 [INF] The file /css/layout.css was not modified
2026-03-30 12:16:31.450 -03:00 [INF] CORS policy execution successful.
2026-03-30 12:16:31.452 -03:00 [INF] The file /css/global.css was not modified
2026-03-30 12:16:31.453 -03:00 [INF] HTTP GET /css/components.css responded 304 in 10.1978 ms
2026-03-30 12:16:31.454 -03:00 [INF] HTTP GET /css/dashboard.css responded 304 in 13.6819 ms
2026-03-30 12:16:31.455 -03:00 [INF] HTTP GET /css/layout.css responded 304 in 16.5590 ms
2026-03-30 12:16:31.457 -03:00 [INF] The file /js/dashboard.js was not modified
2026-03-30 12:16:31.458 -03:00 [INF] HTTP GET /css/global.css responded 304 in 6.1144 ms
2026-03-30 12:16:31.460 -03:00 [INF] Request finished HTTP/1.1 GET http://localhost:8080/css/components.css - 304 null text/css 24.3731ms
2026-03-30 12:16:31.462 -03:00 [INF] Request finished HTTP/1.1 GET http://localhost:8080/css/dashboard.css - 304 null text/css 25.9933ms
2026-03-30 12:16:31.463 -03:00 [INF] Request finished HTTP/1.1 GET http://localhost:8080/css/layout.css - 304 null text/css 27.9533ms
2026-03-30 12:16:31.464 -03:00 [INF] HTTP GET /js/dashboard.js responded 304 in 16.9071 ms
2026-03-30 12:16:31.465 -03:00 [INF] Request finished HTTP/1.1 GET http://localhost:8080/css/global.css - 304 null text/css 29.247ms
2026-03-30 12:16:31.474 -03:00 [INF] Request finished HTTP/1.1 GET http://localhost:8080/js/dashboard.js - 304 null text/javascript 38.4208ms
2026-03-30 12:16:31.479 -03:00 [INF] Request starting HTTP/1.1 GET http://localhost:8080/api/dashboard/resumo - null null
2026-03-30 12:16:31.487 -03:00 [INF] Executing endpoint 'HidroRec.Backend.Controllers.DashboardController.GetResumo (HidroRec.Backend)'
2026-03-30 12:16:31.509 -03:00 [INF] Route matched with {action = "GetResumo", controller = "Dashboard"}. Executing controller action with signature System.Threading.Tasks.Task`1[Microsoft.AspNetCore.Mvc.ActionResult`1[HidroRec.Backend.Application.DTOs.Common.ApiResponse`1[HidroRec.Backend.Application.DTOs.Dashboard.DashboardResumoDto]]] GetResumo(System.Threading.CancellationToken) on controller HidroRec.Backend.Controllers.DashboardController (HidroRec.Backend).
2026-03-30 12:16:31.727 -03:00 [INF] Start processing HTTP request GET https://geoportal.apac.pe.gov.br/server/rest/services/met_volume_acumulado_chuva_municipio_24hs/MapServer/0/query?where=nm_mun%20%3D%20%27Recife%27&outFields=nm_mun,horas_24,ultima_leitura_data_hora&returnGeometry=false&f=json
2026-03-30 12:16:31.730 -03:00 [INF] Sending HTTP request GET https://geoportal.apac.pe.gov.br/server/rest/services/met_volume_acumulado_chuva_municipio_24hs/MapServer/0/query?where=nm_mun%20%3D%20%27Recife%27&outFields=nm_mun,horas_24,ultima_leitura_data_hora&returnGeometry=false&f=json
2026-03-30 12:16:32.042 -03:00 [INF] Received HTTP response headers after 305.8247ms - 200
2026-03-30 12:16:32.047 -03:00 [INF] End processing HTTP request after 321.5117ms - 200
2026-03-30 12:16:32.138 -03:00 [INF] Executing OkObjectResult, writing value of type 'HidroRec.Backend.Application.DTOs.Common.ApiResponse`1[[HidroRec.Backend.Application.DTOs.Dashboard.DashboardResumoDto, HidroRec.Backend, Version=1.0.0.0, Culture=neutral, PublicKeyToken=null]]'.
2026-03-30 12:16:32.197 -03:00 [INF] Executed action HidroRec.Backend.Controllers.DashboardController.GetResumo (HidroRec.Backend) in 678.8426ms
2026-03-30 12:16:32.201 -03:00 [INF] Executed endpoint 'HidroRec.Backend.Controllers.DashboardController.GetResumo (HidroRec.Backend)'
2026-03-30 12:16:32.204 -03:00 [INF] HTTP GET /api/dashboard/resumo responded 200 in 719.4908 ms
2026-03-30 12:16:32.217 -03:00 [INF] Request finished HTTP/1.1 GET http://localhost:8080/api/dashboard/resumo - 200 null application/json; charset=utf-8 737.482ms
2026-03-30 12:16:49.916 -03:00 [INF] Application is shutting down...
2026-03-30 19:20:23.550 -03:00 [INF] User profile is available. Using 'C:\Users\ACPGROUP\AppData\Local\ASP.NET\DataProtection-Keys' as key repository and Windows DPAPI to encrypt keys at rest.
2026-03-30 19:20:23.651 -03:00 [INF] Now listening on: http://localhost:8080
2026-03-30 19:20:23.654 -03:00 [INF] Application started. Press Ctrl+C to shut down.
2026-03-30 19:20:23.655 -03:00 [INF] Hosting environment: Development
2026-03-30 19:20:23.656 -03:00 [INF] Content root path: C:\Users\ACPGROUP\Desktop\HTML PURO\hidrorec\backend
2026-03-30 19:20:46.325 -03:00 [INF] Request starting HTTP/1.1 GET http://localhost:8080/ - null null
2026-03-30 19:20:46.499 -03:00 [INF] Executing endpoint 'HTTP: GET /'
2026-03-30 19:20:46.530 -03:00 [INF] Executed endpoint 'HTTP: GET /'
2026-03-30 19:20:46.540 -03:00 [INF] HTTP GET / responded 200 in 147.7209 ms
2026-03-30 19:20:46.551 -03:00 [INF] Request finished HTTP/1.1 GET http://localhost:8080/ - 200 null text/html; charset=utf-8 230.2057ms
2026-03-30 19:20:46.563 -03:00 [INF] Request starting HTTP/1.1 GET http://localhost:8080/css/global.css - null null
2026-03-30 19:20:46.563 -03:00 [INF] Request starting HTTP/1.1 GET http://localhost:8080/css/layout.css - null null
2026-03-30 19:20:46.565 -03:00 [INF] Request starting HTTP/1.1 GET http://localhost:8080/css/components.css - null null
2026-03-30 19:20:46.565 -03:00 [INF] Request starting HTTP/1.1 GET http://localhost:8080/css/mapa.css - null null
2026-03-30 19:20:46.565 -03:00 [INF] Request starting HTTP/1.1 GET http://localhost:8080/css/dashboard.css - null null
2026-03-30 19:20:46.565 -03:00 [INF] Request starting HTTP/1.1 GET http://localhost:8080/js/dashboard.js - null null
2026-03-30 19:20:46.587 -03:00 [INF] The file /css/components.css was not modified
2026-03-30 19:20:46.587 -03:00 [INF] The file /css/global.css was not modified
2026-03-30 19:20:46.587 -03:00 [INF] The file /css/layout.css was not modified
2026-03-30 19:20:46.595 -03:00 [INF] The file /css/dashboard.css was not modified
2026-03-30 19:20:46.600 -03:00 [INF] Sending file. Request path: '/css/mapa.css'. Physical path: 'C:\Users\ACPGROUP\Desktop\HTML PURO\hidrorec\frontend\css\mapa.css'
2026-03-30 19:20:46.604 -03:00 [INF] HTTP GET /css/components.css responded 304 in 24.3805 ms
2026-03-30 19:20:46.608 -03:00 [INF] HTTP GET /css/global.css responded 304 in 32.3722 ms
2026-03-30 19:20:46.609 -03:00 [INF] CORS policy execution successful.
2026-03-30 19:20:46.611 -03:00 [INF] HTTP GET /css/layout.css responded 304 in 35.7017 ms
2026-03-30 19:20:46.614 -03:00 [INF] HTTP GET /css/dashboard.css responded 304 in 20.2519 ms
2026-03-30 19:20:46.618 -03:00 [INF] HTTP GET /css/mapa.css responded 200 in 30.3889 ms
2026-03-30 19:20:46.628 -03:00 [INF] Request finished HTTP/1.1 GET http://localhost:8080/css/components.css - 304 null text/css 63.2393ms
2026-03-30 19:20:46.711 -03:00 [INF] Request finished HTTP/1.1 GET http://localhost:8080/css/global.css - 304 null text/css 147.5679ms
2026-03-30 19:20:46.714 -03:00 [INF] The file /js/dashboard.js was not modified
2026-03-30 19:20:46.718 -03:00 [INF] Request finished HTTP/1.1 GET http://localhost:8080/css/layout.css - 304 null text/css 154.3693ms
2026-03-30 19:20:46.721 -03:00 [INF] Request finished HTTP/1.1 GET http://localhost:8080/css/dashboard.css - 304 null text/css 155.6612ms
2026-03-30 19:20:46.725 -03:00 [INF] Request finished HTTP/1.1 GET http://localhost:8080/css/mapa.css - 200 2088 text/css 159.6805ms
2026-03-30 19:20:46.753 -03:00 [INF] HTTP GET /js/dashboard.js responded 304 in 151.9503 ms
2026-03-30 19:20:46.777 -03:00 [INF] Request finished HTTP/1.1 GET http://localhost:8080/js/dashboard.js - 304 null text/javascript 211.2968ms
2026-03-30 19:20:46.781 -03:00 [INF] Request starting HTTP/1.1 GET http://localhost:8080/js/api.js - null null
2026-03-30 19:20:46.781 -03:00 [INF] Request starting HTTP/1.1 GET http://localhost:8080/js/utils.js - null null
2026-03-30 19:20:46.781 -03:00 [INF] Request starting HTTP/1.1 GET http://localhost:8080/js/mapa.js - null null
2026-03-30 19:20:46.784 -03:00 [INF] Request starting HTTP/1.1 GET http://localhost:8080/js/app.js - null null
2026-03-30 19:20:46.790 -03:00 [INF] CORS policy execution successful.
2026-03-30 19:20:46.793 -03:00 [INF] CORS policy execution successful.
2026-03-30 19:20:46.799 -03:00 [INF] CORS policy execution successful.
2026-03-30 19:20:46.806 -03:00 [INF] CORS policy execution successful.
2026-03-30 19:20:46.809 -03:00 [INF] The file /js/api.js was not modified
2026-03-30 19:20:46.809 -03:00 [INF] The file /js/utils.js was not modified
2026-03-30 19:20:46.811 -03:00 [INF] The file /js/mapa.js was not modified
2026-03-30 19:20:46.813 -03:00 [INF] The file /js/app.js was not modified
2026-03-30 19:20:46.815 -03:00 [INF] HTTP GET /js/api.js responded 304 in 25.9820 ms
2026-03-30 19:20:46.817 -03:00 [INF] HTTP GET /js/utils.js responded 304 in 24.1064 ms
2026-03-30 19:20:46.820 -03:00 [INF] HTTP GET /js/mapa.js responded 304 in 20.9002 ms
2026-03-30 19:20:46.824 -03:00 [INF] HTTP GET /js/app.js responded 304 in 17.7461 ms
2026-03-30 19:20:46.828 -03:00 [INF] Request finished HTTP/1.1 GET http://localhost:8080/js/api.js - 304 null text/javascript 46.8582ms
2026-03-30 19:20:46.832 -03:00 [INF] Request finished HTTP/1.1 GET http://localhost:8080/js/utils.js - 304 null text/javascript 50.9514ms
2026-03-30 19:20:46.835 -03:00 [INF] Request finished HTTP/1.1 GET http://localhost:8080/js/mapa.js - 304 null text/javascript 53.8689ms
2026-03-30 19:20:46.839 -03:00 [INF] Request finished HTTP/1.1 GET http://localhost:8080/js/app.js - 304 null text/javascript 54.8263ms
2026-03-30 19:20:46.846 -03:00 [INF] Request starting HTTP/1.1 GET http://localhost:8080/api/dashboard/resumo - null null
2026-03-30 19:20:46.866 -03:00 [INF] Request starting HTTP/1.1 GET http://localhost:8080/favicon.ico - null null
2026-03-30 19:20:46.879 -03:00 [INF] Executing endpoint 'HidroRec.Backend.Controllers.DashboardController.GetResumo (HidroRec.Backend)'
2026-03-30 19:20:46.884 -03:00 [INF] HTTP GET /favicon.ico responded 404 in 5.1795 ms
2026-03-30 19:20:46.893 -03:00 [INF] Request finished HTTP/1.1 GET http://localhost:8080/favicon.ico - 404 0 null 26.7022ms
2026-03-30 19:20:46.901 -03:00 [INF] Request reached the end of the middleware pipeline without being handled by application code. Request path: GET http://localhost:8080/favicon.ico, Response status code: 404
2026-03-30 19:20:46.921 -03:00 [INF] Route matched with {action = "GetResumo", controller = "Dashboard"}. Executing controller action with signature System.Threading.Tasks.Task`1[Microsoft.AspNetCore.Mvc.ActionResult`1[HidroRec.Backend.Application.DTOs.Common.ApiResponse`1[HidroRec.Backend.Application.DTOs.Dashboard.DashboardResumoDto]]] GetResumo(System.Threading.CancellationToken) on controller HidroRec.Backend.Controllers.DashboardController (HidroRec.Backend).
2026-03-30 19:20:47.361 -03:00 [INF] Start processing HTTP request GET https://geoportal.apac.pe.gov.br/server/rest/services/met_volume_acumulado_chuva_municipio_24hs/MapServer/0/query?where=nm_mun%20%3D%20%27Recife%27&outFields=nm_mun,horas_24,ultima_leitura_data_hora&returnGeometry=false&f=json
2026-03-30 19:20:47.365 -03:00 [INF] Sending HTTP request GET https://geoportal.apac.pe.gov.br/server/rest/services/met_volume_acumulado_chuva_municipio_24hs/MapServer/0/query?where=nm_mun%20%3D%20%27Recife%27&outFields=nm_mun,horas_24,ultima_leitura_data_hora&returnGeometry=false&f=json
2026-03-30 19:20:47.972 -03:00 [INF] Received HTTP response headers after 598.1351ms - 200
2026-03-30 19:20:47.977 -03:00 [INF] End processing HTTP request after 616.5752ms - 200
2026-03-30 19:20:48.105 -03:00 [INF] Executing OkObjectResult, writing value of type 'HidroRec.Backend.Application.DTOs.Common.ApiResponse`1[[HidroRec.Backend.Application.DTOs.Dashboard.DashboardResumoDto, HidroRec.Backend, Version=1.0.0.0, Culture=neutral, PublicKeyToken=null]]'.
2026-03-30 19:20:48.184 -03:00 [INF] Executed action HidroRec.Backend.Controllers.DashboardController.GetResumo (HidroRec.Backend) in 1251.9978ms
2026-03-30 19:20:48.192 -03:00 [INF] Executed endpoint 'HidroRec.Backend.Controllers.DashboardController.GetResumo (HidroRec.Backend)'
2026-03-30 19:20:48.197 -03:00 [INF] HTTP GET /api/dashboard/resumo responded 200 in 1320.6611 ms
2026-03-30 19:20:48.214 -03:00 [INF] Request finished HTTP/1.1 GET http://localhost:8080/api/dashboard/resumo - 200 null application/json; charset=utf-8 1367.8762ms
2026-03-30 19:20:55.246 -03:00 [INF] Request starting HTTP/1.1 GET http://localhost:8080/acesso.html - null null
2026-03-30 19:20:55.263 -03:00 [INF] Sending file. Request path: '/acesso.html'. Physical path: 'C:\Users\ACPGROUP\Desktop\HTML PURO\hidrorec\frontend\acesso.html'
2026-03-30 19:20:55.265 -03:00 [INF] HTTP GET /acesso.html responded 200 in 9.0466 ms
2026-03-30 19:20:55.268 -03:00 [INF] Request finished HTTP/1.1 GET http://localhost:8080/acesso.html - 200 6472 text/html 21.9278ms
2026-03-30 19:20:55.277 -03:00 [INF] Request starting HTTP/1.1 GET http://localhost:8080/css/acesso.css - null null
2026-03-30 19:20:55.278 -03:00 [INF] Request starting HTTP/1.1 GET http://localhost:8080/js/acesso.js - null null
2026-03-30 19:20:55.286 -03:00 [INF] Sending file. Request path: '/css/acesso.css'. Physical path: 'C:\Users\ACPGROUP\Desktop\HTML PURO\hidrorec\frontend\css\acesso.css'
2026-03-30 19:20:55.291 -03:00 [INF] CORS policy execution successful.
2026-03-30 19:20:55.293 -03:00 [INF] HTTP GET /css/acesso.css responded 200 in 10.1101 ms
2026-03-30 19:20:55.297 -03:00 [INF] The file /js/acesso.js was not modified
2026-03-30 19:20:55.302 -03:00 [INF] Request finished HTTP/1.1 GET http://localhost:8080/css/acesso.css - 200 1562 text/css 24.8917ms
2026-03-30 19:20:55.306 -03:00 [INF] HTTP GET /js/acesso.js responded 304 in 14.6781 ms
2026-03-30 19:20:55.323 -03:00 [INF] Request finished HTTP/1.1 GET http://localhost:8080/js/acesso.js - 304 null text/javascript 45.7047ms
2026-03-30 19:20:59.307 -03:00 [INF] Request starting HTTP/1.1 POST http://localhost:8080/api/auth/login - application/json 56
2026-03-30 19:20:59.315 -03:00 [INF] CORS policy execution successful.
2026-03-30 19:20:59.345 -03:00 [INF] Executing endpoint 'HidroRec.Backend.Controllers.AuthController.Login (HidroRec.Backend)'
2026-03-30 19:20:59.362 -03:00 [INF] Route matched with {action = "Login", controller = "Auth"}. Executing controller action with signature System.Threading.Tasks.Task`1[Microsoft.AspNetCore.Mvc.ActionResult`1[HidroRec.Backend.Application.DTOs.Common.ApiResponse`1[HidroRec.Backend.Application.DTOs.Auth.AuthResponseDto]]] Login(HidroRec.Backend.Application.DTOs.Auth.LoginRequestDto, System.Threading.CancellationToken) on controller HidroRec.Backend.Controllers.AuthController (HidroRec.Backend).
2026-03-30 19:21:00.542 -03:00 [INF] Executing OkObjectResult, writing value of type 'HidroRec.Backend.Application.DTOs.Common.ApiResponse`1[[HidroRec.Backend.Application.DTOs.Auth.AuthResponseDto, HidroRec.Backend, Version=1.0.0.0, Culture=neutral, PublicKeyToken=null]]'.
2026-03-30 19:21:00.554 -03:00 [INF] Executed action HidroRec.Backend.Controllers.AuthController.Login (HidroRec.Backend) in 1186.4469ms
2026-03-30 19:21:00.559 -03:00 [INF] Executed endpoint 'HidroRec.Backend.Controllers.AuthController.Login (HidroRec.Backend)'
2026-03-30 19:21:00.564 -03:00 [INF] HTTP POST /api/auth/login responded 200 in 1249.1450 ms
2026-03-30 19:21:00.570 -03:00 [INF] Request finished HTTP/1.1 POST http://localhost:8080/api/auth/login - 200 null application/json; charset=utf-8 1263.4219ms
2026-03-30 19:21:01.282 -03:00 [INF] Request starting HTTP/1.1 GET http://localhost:8080/admin.html - null null
2026-03-30 19:21:01.288 -03:00 [INF] Sending file. Request path: '/admin.html'. Physical path: 'C:\Users\ACPGROUP\Desktop\HTML PURO\hidrorec\frontend\admin.html'
2026-03-30 19:21:01.292 -03:00 [INF] HTTP GET /admin.html responded 200 in 5.4689 ms
2026-03-30 19:21:01.295 -03:00 [INF] Request finished HTTP/1.1 GET http://localhost:8080/admin.html - 200 6577 text/html 12.2039ms
2026-03-30 19:21:01.307 -03:00 [INF] Request starting HTTP/1.1 GET http://localhost:8080/css/admin.css - null null
2026-03-30 19:21:01.307 -03:00 [INF] Request starting HTTP/1.1 GET http://localhost:8080/js/admin.js - null null
2026-03-30 19:21:01.311 -03:00 [INF] Sending file. Request path: '/css/admin.css'. Physical path: 'C:\Users\ACPGROUP\Desktop\HTML PURO\hidrorec\frontend\css\admin.css'
2026-03-30 19:21:01.314 -03:00 [INF] CORS policy execution successful.
2026-03-30 19:21:01.315 -03:00 [INF] HTTP GET /css/admin.css responded 200 in 5.7973 ms
2026-03-30 19:21:01.320 -03:00 [INF] Sending file. Request path: '/js/admin.js'. Physical path: 'C:\Users\ACPGROUP\Desktop\HTML PURO\hidrorec\frontend\js\admin.js'
2026-03-30 19:21:01.320 -03:00 [INF] Request finished HTTP/1.1 GET http://localhost:8080/css/admin.css - 200 2339 text/css 13.0352ms
2026-03-30 19:21:01.330 -03:00 [INF] Request starting HTTP/1.1 GET http://localhost:8080/api/auth/me - null null
2026-03-30 19:21:01.322 -03:00 [INF] HTTP GET /js/admin.js responded 200 in 7.8438 ms
2026-03-30 19:21:01.346 -03:00 [INF] Request finished HTTP/1.1 GET http://localhost:8080/js/admin.js - 200 7192 text/javascript 38.5134ms
2026-03-30 19:21:01.437 -03:00 [INF] Executing endpoint 'HidroRec.Backend.Controllers.AuthController.Me (HidroRec.Backend)'
2026-03-30 19:21:01.449 -03:00 [INF] Route matched with {action = "Me", controller = "Auth"}. Executing controller action with signature System.Threading.Tasks.Task`1[Microsoft.AspNetCore.Mvc.ActionResult`1[HidroRec.Backend.Application.DTOs.Common.ApiResponse`1[HidroRec.Backend.Application.DTOs.Auth.UsuarioResumoDto]]] Me(System.Threading.CancellationToken) on controller HidroRec.Backend.Controllers.AuthController (HidroRec.Backend).
2026-03-30 19:21:01.501 -03:00 [INF] Executing OkObjectResult, writing value of type 'HidroRec.Backend.Application.DTOs.Common.ApiResponse`1[[HidroRec.Backend.Application.DTOs.Auth.UsuarioResumoDto, HidroRec.Backend, Version=1.0.0.0, Culture=neutral, PublicKeyToken=null]]'.
2026-03-30 19:21:01.508 -03:00 [INF] Executed action HidroRec.Backend.Controllers.AuthController.Me (HidroRec.Backend) in 54.7408ms
2026-03-30 19:21:01.513 -03:00 [INF] Executed endpoint 'HidroRec.Backend.Controllers.AuthController.Me (HidroRec.Backend)'
2026-03-30 19:21:01.517 -03:00 [INF] HTTP GET /api/auth/me responded 200 in 178.9496 ms
2026-03-30 19:21:01.522 -03:00 [INF] Request finished HTTP/1.1 GET http://localhost:8080/api/auth/me - 200 null application/json; charset=utf-8 192.2392ms
2026-03-30 19:21:01.532 -03:00 [INF] Request starting HTTP/1.1 GET http://localhost:8080/api/admin/auditoria - null null
2026-03-30 19:21:01.532 -03:00 [INF] Request starting HTTP/1.1 GET http://localhost:8080/api/admin/reportes - null null
2026-03-30 19:21:01.532 -03:00 [INF] Request starting HTTP/1.1 GET http://localhost:8080/api/admin/metricas - null null
2026-03-30 19:21:01.532 -03:00 [INF] Request starting HTTP/1.1 GET http://localhost:8080/api/admin/logs - null null
2026-03-30 19:21:01.545 -03:00 [INF] Executing endpoint 'HidroRec.Backend.Controllers.AdminController.GetAuditoria (HidroRec.Backend)'
2026-03-30 19:21:01.551 -03:00 [INF] Executing endpoint 'HidroRec.Backend.Controllers.AdminController.GetReportes (HidroRec.Backend)'
2026-03-30 19:21:01.552 -03:00 [INF] Executing endpoint 'HidroRec.Backend.Controllers.AdminController.GetMetricas (HidroRec.Backend)'
2026-03-30 19:21:01.558 -03:00 [INF] Executing endpoint 'HidroRec.Backend.Controllers.AdminController.GetLogs (HidroRec.Backend)'
2026-03-30 19:21:01.567 -03:00 [INF] Route matched with {action = "GetAuditoria", controller = "Admin"}. Executing controller action with signature System.Threading.Tasks.Task`1[Microsoft.AspNetCore.Mvc.ActionResult`1[HidroRec.Backend.Application.DTOs.Common.ApiResponse`1[System.Collections.Generic.IReadOnlyCollection`1[HidroRec.Backend.Application.DTOs.Admin.AuditoriaDto]]]] GetAuditoria(System.Threading.CancellationToken) on controller HidroRec.Backend.Controllers.AdminController (HidroRec.Backend).
2026-03-30 19:21:01.569 -03:00 [INF] Route matched with {action = "GetReportes", controller = "Admin"}. Executing controller action with signature System.Threading.Tasks.Task`1[Microsoft.AspNetCore.Mvc.ActionResult`1[HidroRec.Backend.Application.DTOs.Common.ApiResponse`1[HidroRec.Backend.Application.DTOs.Common.PagedResultDto`1[HidroRec.Backend.Application.DTOs.Reportes.ReporteAdminItemDto]]]] GetReportes(Int32, Int32, System.String, System.String, System.Threading.CancellationToken) on controller HidroRec.Backend.Controllers.AdminController (HidroRec.Backend).
2026-03-30 19:21:01.569 -03:00 [INF] Route matched with {action = "GetMetricas", controller = "Admin"}. Executing controller action with signature System.Threading.Tasks.Task`1[Microsoft.AspNetCore.Mvc.ActionResult`1[HidroRec.Backend.Application.DTOs.Common.ApiResponse`1[HidroRec.Backend.Application.DTOs.Admin.AdminMetricasDto]]] GetMetricas(System.Threading.CancellationToken) on controller HidroRec.Backend.Controllers.AdminController (HidroRec.Backend).
2026-03-30 19:21:01.575 -03:00 [INF] Route matched with {action = "GetLogs", controller = "Admin"}. Executing controller action with signature System.Threading.Tasks.Task`1[Microsoft.AspNetCore.Mvc.ActionResult`1[HidroRec.Backend.Application.DTOs.Common.ApiResponse`1[System.Collections.Generic.IReadOnlyCollection`1[HidroRec.Backend.Application.DTOs.Admin.LogSistemaDto]]]] GetLogs(System.Threading.CancellationToken) on controller HidroRec.Backend.Controllers.AdminController (HidroRec.Backend).
2026-03-30 19:21:01.621 -03:00 [INF] Executing OkObjectResult, writing value of type 'HidroRec.Backend.Application.DTOs.Common.ApiResponse`1[[System.Collections.Generic.IReadOnlyCollection`1[[HidroRec.Backend.Application.DTOs.Admin.LogSistemaDto, HidroRec.Backend, Version=1.0.0.0, Culture=neutral, PublicKeyToken=null]], System.Private.CoreLib, Version=8.0.0.0, Culture=neutral, PublicKeyToken=7cec85d7bea7798e]]'.
2026-03-30 19:21:01.627 -03:00 [INF] Executed action HidroRec.Backend.Controllers.AdminController.GetLogs (HidroRec.Backend) in 44.9807ms
2026-03-30 19:21:01.629 -03:00 [INF] Executed endpoint 'HidroRec.Backend.Controllers.AdminController.GetLogs (HidroRec.Backend)'
2026-03-30 19:21:01.630 -03:00 [INF] HTTP GET /api/admin/logs responded 200 in 73.1938 ms
2026-03-30 19:21:01.635 -03:00 [INF] Request finished HTTP/1.1 GET http://localhost:8080/api/admin/logs - 200 null application/json; charset=utf-8 102.7416ms
2026-03-30 19:21:01.643 -03:00 [INF] Executing OkObjectResult, writing value of type 'HidroRec.Backend.Application.DTOs.Common.ApiResponse`1[[System.Collections.Generic.IReadOnlyCollection`1[[HidroRec.Backend.Application.DTOs.Admin.AuditoriaDto, HidroRec.Backend, Version=1.0.0.0, Culture=neutral, PublicKeyToken=null]], System.Private.CoreLib, Version=8.0.0.0, Culture=neutral, PublicKeyToken=7cec85d7bea7798e]]'.
2026-03-30 19:21:01.653 -03:00 [INF] Executed action HidroRec.Backend.Controllers.AdminController.GetAuditoria (HidroRec.Backend) in 80.0707ms
2026-03-30 19:21:01.654 -03:00 [INF] Executed endpoint 'HidroRec.Backend.Controllers.AdminController.GetAuditoria (HidroRec.Backend)'
2026-03-30 19:21:01.656 -03:00 [INF] HTTP GET /api/admin/auditoria responded 200 in 118.2392 ms
2026-03-30 19:21:01.660 -03:00 [INF] Request finished HTTP/1.1 GET http://localhost:8080/api/admin/auditoria - 200 null application/json; charset=utf-8 127.4099ms
2026-03-30 19:21:01.701 -03:00 [INF] Executing OkObjectResult, writing value of type 'HidroRec.Backend.Application.DTOs.Common.ApiResponse`1[[HidroRec.Backend.Application.DTOs.Common.PagedResultDto`1[[HidroRec.Backend.Application.DTOs.Reportes.ReporteAdminItemDto, HidroRec.Backend, Version=1.0.0.0, Culture=neutral, PublicKeyToken=null]], HidroRec.Backend, Version=1.0.0.0, Culture=neutral, PublicKeyToken=null]]'.
2026-03-30 19:21:01.745 -03:00 [INF] Executed action HidroRec.Backend.Controllers.AdminController.GetReportes (HidroRec.Backend) in 168.8513ms
2026-03-30 19:21:01.748 -03:00 [INF] Executed endpoint 'HidroRec.Backend.Controllers.AdminController.GetReportes (HidroRec.Backend)'
2026-03-30 19:21:01.749 -03:00 [INF] HTTP GET /api/admin/reportes responded 200 in 201.0959 ms
2026-03-30 19:21:01.754 -03:00 [INF] Request finished HTTP/1.1 GET http://localhost:8080/api/admin/reportes - 200 null application/json; charset=utf-8 221.206ms
2026-03-30 19:21:01.755 -03:00 [INF] Executing OkObjectResult, writing value of type 'HidroRec.Backend.Application.DTOs.Common.ApiResponse`1[[HidroRec.Backend.Application.DTOs.Admin.AdminMetricasDto, HidroRec.Backend, Version=1.0.0.0, Culture=neutral, PublicKeyToken=null]]'.
2026-03-30 19:21:01.764 -03:00 [INF] Executed action HidroRec.Backend.Controllers.AdminController.GetMetricas (HidroRec.Backend) in 184.4184ms
2026-03-30 19:21:01.765 -03:00 [INF] Executed endpoint 'HidroRec.Backend.Controllers.AdminController.GetMetricas (HidroRec.Backend)'
2026-03-30 19:21:01.767 -03:00 [INF] HTTP GET /api/admin/metricas responded 200 in 215.2603 ms
2026-03-30 19:21:01.770 -03:00 [INF] Request finished HTTP/1.1 GET http://localhost:8080/api/admin/metricas - 200 null application/json; charset=utf-8 238.2422ms
2026-03-30 19:21:08.967 -03:00 [INF] Request starting HTTP/1.1 GET http://localhost:8080/alertas.html - null null
2026-03-30 19:21:08.972 -03:00 [INF] Sending file. Request path: '/alertas.html'. Physical path: 'C:\Users\ACPGROUP\Desktop\HTML PURO\hidrorec\frontend\alertas.html'
2026-03-30 19:21:08.975 -03:00 [INF] HTTP GET /alertas.html responded 200 in 4.9022 ms
2026-03-30 19:21:08.980 -03:00 [INF] Request finished HTTP/1.1 GET http://localhost:8080/alertas.html - 200 2940 text/html 12.2732ms
2026-03-30 19:21:08.988 -03:00 [INF] Request starting HTTP/1.1 GET http://localhost:8080/js/alertas.js - null null
2026-03-30 19:21:08.989 -03:00 [INF] Request starting HTTP/1.1 GET http://localhost:8080/css/alertas.css - null null
2026-03-30 19:21:08.993 -03:00 [INF] CORS policy execution successful.
2026-03-30 19:21:08.998 -03:00 [INF] Sending file. Request path: '/css/alertas.css'. Physical path: 'C:\Users\ACPGROUP\Desktop\HTML PURO\hidrorec\frontend\css\alertas.css'
2026-03-30 19:21:08.998 -03:00 [INF] The file /js/alertas.js was not modified
2026-03-30 19:21:09.000 -03:00 [INF] HTTP GET /css/alertas.css responded 200 in 4.7475 ms
2026-03-30 19:21:09.004 -03:00 [INF] HTTP GET /js/alertas.js responded 304 in 10.7527 ms
2026-03-30 19:21:09.008 -03:00 [INF] Request finished HTTP/1.1 GET http://localhost:8080/css/alertas.css - 200 736 text/css 18.9955ms
2026-03-30 19:21:09.013 -03:00 [INF] Request finished HTTP/1.1 GET http://localhost:8080/js/alertas.js - 304 null text/javascript 24.4353ms
2026-03-30 19:21:09.016 -03:00 [INF] Request starting HTTP/1.1 GET http://localhost:8080/api/auth/me - null null
2026-03-30 19:21:09.017 -03:00 [INF] Request starting HTTP/1.1 GET http://localhost:8080/api/alertas/ativos - null null
2026-03-30 19:21:09.031 -03:00 [INF] Executing endpoint 'HidroRec.Backend.Controllers.AuthController.Me (HidroRec.Backend)'
2026-03-30 19:21:09.035 -03:00 [INF] Executing endpoint 'HidroRec.Backend.Controllers.AlertasController.GetAtivos (HidroRec.Backend)'
2026-03-30 19:21:09.038 -03:00 [INF] Route matched with {action = "Me", controller = "Auth"}. Executing controller action with signature System.Threading.Tasks.Task`1[Microsoft.AspNetCore.Mvc.ActionResult`1[HidroRec.Backend.Application.DTOs.Common.ApiResponse`1[HidroRec.Backend.Application.DTOs.Auth.UsuarioResumoDto]]] Me(System.Threading.CancellationToken) on controller HidroRec.Backend.Controllers.AuthController (HidroRec.Backend).
2026-03-30 19:21:09.049 -03:00 [INF] Route matched with {action = "GetAtivos", controller = "Alertas"}. Executing controller action with signature System.Threading.Tasks.Task`1[Microsoft.AspNetCore.Mvc.ActionResult`1[HidroRec.Backend.Application.DTOs.Common.ApiResponse`1[System.Collections.Generic.IReadOnlyCollection`1[HidroRec.Backend.Application.DTOs.Alertas.AlertaDto]]]] GetAtivos(System.String, System.Threading.CancellationToken) on controller HidroRec.Backend.Controllers.AlertasController (HidroRec.Backend).
2026-03-30 19:21:09.065 -03:00 [INF] Executing OkObjectResult, writing value of type 'HidroRec.Backend.Application.DTOs.Common.ApiResponse`1[[HidroRec.Backend.Application.DTOs.Auth.UsuarioResumoDto, HidroRec.Backend, Version=1.0.0.0, Culture=neutral, PublicKeyToken=null]]'.
2026-03-30 19:21:09.068 -03:00 [INF] Executed action HidroRec.Backend.Controllers.AuthController.Me (HidroRec.Backend) in 23.2971ms
2026-03-30 19:21:09.072 -03:00 [INF] Executed endpoint 'HidroRec.Backend.Controllers.AuthController.Me (HidroRec.Backend)'
2026-03-30 19:21:09.075 -03:00 [INF] HTTP GET /api/auth/me responded 200 in 47.8367 ms
2026-03-30 19:21:09.080 -03:00 [INF] Request finished HTTP/1.1 GET http://localhost:8080/api/auth/me - 200 null application/json; charset=utf-8 63.4942ms
2026-03-30 19:21:09.185 -03:00 [INF] Executing OkObjectResult, writing value of type 'HidroRec.Backend.Application.DTOs.Common.ApiResponse`1[[System.Collections.Generic.IReadOnlyCollection`1[[HidroRec.Backend.Application.DTOs.Alertas.AlertaDto, HidroRec.Backend, Version=1.0.0.0, Culture=neutral, PublicKeyToken=null]], System.Private.CoreLib, Version=8.0.0.0, Culture=neutral, PublicKeyToken=7cec85d7bea7798e]]'.
2026-03-30 19:21:09.201 -03:00 [INF] Executed action HidroRec.Backend.Controllers.AlertasController.GetAtivos (HidroRec.Backend) in 147.6178ms
2026-03-30 19:21:09.205 -03:00 [INF] Executed endpoint 'HidroRec.Backend.Controllers.AlertasController.GetAtivos (HidroRec.Backend)'
2026-03-30 19:21:09.209 -03:00 [INF] HTTP GET /api/alertas/ativos responded 200 in 174.8822 ms
2026-03-30 19:21:09.215 -03:00 [INF] Request finished HTTP/1.1 GET http://localhost:8080/api/alertas/ativos - 200 null application/json; charset=utf-8 198.1855ms
2026-03-30 19:21:11.710 -03:00 [INF] Request starting HTTP/1.1 GET http://localhost:8080/reporte.html - null null
2026-03-30 19:21:11.730 -03:00 [INF] Sending file. Request path: '/reporte.html'. Physical path: 'C:\Users\ACPGROUP\Desktop\HTML PURO\hidrorec\frontend\reporte.html'
2026-03-30 19:21:11.731 -03:00 [INF] HTTP GET /reporte.html responded 200 in 17.5279 ms
2026-03-30 19:21:11.734 -03:00 [INF] Request finished HTTP/1.1 GET http://localhost:8080/reporte.html - 200 7199 text/html 23.5456ms
2026-03-30 19:21:11.746 -03:00 [INF] Request starting HTTP/1.1 GET http://localhost:8080/css/reporte.css - null null
2026-03-30 19:21:11.750 -03:00 [INF] Request starting HTTP/1.1 GET http://localhost:8080/js/reporte.js - null null
2026-03-30 19:21:11.753 -03:00 [INF] Sending file. Request path: '/css/reporte.css'. Physical path: 'C:\Users\ACPGROUP\Desktop\HTML PURO\hidrorec\frontend\css\reporte.css'
2026-03-30 19:21:11.755 -03:00 [INF] CORS policy execution successful.
2026-03-30 19:21:11.757 -03:00 [INF] HTTP GET /css/reporte.css responded 200 in 6.0022 ms
2026-03-30 19:21:11.759 -03:00 [INF] The file /js/reporte.js was not modified
2026-03-30 19:21:11.761 -03:00 [INF] Request finished HTTP/1.1 GET http://localhost:8080/css/reporte.css - 200 2475 text/css 14.2225ms
2026-03-30 19:21:11.762 -03:00 [INF] HTTP GET /js/reporte.js responded 304 in 7.3501 ms
2026-03-30 19:21:11.769 -03:00 [INF] Request finished HTTP/1.1 GET http://localhost:8080/js/reporte.js - 304 null text/javascript 19.5173ms
2026-03-30 19:21:11.779 -03:00 [INF] Request starting HTTP/1.1 GET http://localhost:8080/api/auth/me - null null
2026-03-30 19:21:11.785 -03:00 [INF] Executing endpoint 'HidroRec.Backend.Controllers.AuthController.Me (HidroRec.Backend)'
2026-03-30 19:21:11.787 -03:00 [INF] Route matched with {action = "Me", controller = "Auth"}. Executing controller action with signature System.Threading.Tasks.Task`1[Microsoft.AspNetCore.Mvc.ActionResult`1[HidroRec.Backend.Application.DTOs.Common.ApiResponse`1[HidroRec.Backend.Application.DTOs.Auth.UsuarioResumoDto]]] Me(System.Threading.CancellationToken) on controller HidroRec.Backend.Controllers.AuthController (HidroRec.Backend).
2026-03-30 19:21:11.797 -03:00 [INF] Executing OkObjectResult, writing value of type 'HidroRec.Backend.Application.DTOs.Common.ApiResponse`1[[HidroRec.Backend.Application.DTOs.Auth.UsuarioResumoDto, HidroRec.Backend, Version=1.0.0.0, Culture=neutral, PublicKeyToken=null]]'.
2026-03-30 19:21:11.799 -03:00 [INF] Executed action HidroRec.Backend.Controllers.AuthController.Me (HidroRec.Backend) in 8.4603ms
2026-03-30 19:21:11.801 -03:00 [INF] Executed endpoint 'HidroRec.Backend.Controllers.AuthController.Me (HidroRec.Backend)'
2026-03-30 19:21:11.803 -03:00 [INF] HTTP GET /api/auth/me responded 200 in 20.1935 ms
2026-03-30 19:21:11.809 -03:00 [INF] Request finished HTTP/1.1 GET http://localhost:8080/api/auth/me - 200 null application/json; charset=utf-8 30.7126ms
2026-03-30 19:22:00.002 -03:00 [INF] Request starting HTTP/1.1 POST http://localhost:8080/api/reportes - application/json 432
2026-03-30 19:22:00.009 -03:00 [INF] CORS policy execution successful.
2026-03-30 19:22:00.015 -03:00 [INF] Executing endpoint 'HidroRec.Backend.Controllers.ReportesController.Create (HidroRec.Backend)'
2026-03-30 19:22:00.020 -03:00 [INF] Route matched with {action = "Create", controller = "Reportes"}. Executing controller action with signature System.Threading.Tasks.Task`1[Microsoft.AspNetCore.Mvc.ActionResult`1[HidroRec.Backend.Application.DTOs.Common.ApiResponse`1[HidroRec.Backend.Application.DTOs.Reportes.ReporteDto]]] Create(HidroRec.Backend.Application.DTOs.Reportes.CreateReporteRequestDto, System.Threading.CancellationToken) on controller HidroRec.Backend.Controllers.ReportesController (HidroRec.Backend).
2026-03-30 19:22:00.557 -03:00 [INF] Reporte "cd60f4b9-86ef-48cb-89bd-2b8e391f36cb" criado com sucesso
2026-03-30 19:22:00.581 -03:00 [INF] Executing CreatedAtActionResult, writing value of type 'HidroRec.Backend.Application.DTOs.Common.ApiResponse`1[[HidroRec.Backend.Application.DTOs.Reportes.ReporteDto, HidroRec.Backend, Version=1.0.0.0, Culture=neutral, PublicKeyToken=null]]'.
2026-03-30 19:22:00.635 -03:00 [INF] Executed action HidroRec.Backend.Controllers.ReportesController.Create (HidroRec.Backend) in 611.8857ms
2026-03-30 19:22:00.639 -03:00 [INF] Executed endpoint 'HidroRec.Backend.Controllers.ReportesController.Create (HidroRec.Backend)'
2026-03-30 19:22:00.643 -03:00 [INF] HTTP POST /api/reportes responded 201 in 634.6096 ms
2026-03-30 19:22:00.649 -03:00 [INF] Request finished HTTP/1.1 POST http://localhost:8080/api/reportes - 201 null application/json; charset=utf-8 646.6193ms
2026-03-30 19:22:43.453 -03:00 [INF] Request starting HTTP/1.1 GET http://localhost:8080/index.html - null null
2026-03-30 19:22:43.456 -03:00 [INF] The file /index.html was not modified
2026-03-30 19:22:43.459 -03:00 [INF] HTTP GET /index.html responded 304 in 3.2160 ms
2026-03-30 19:22:43.463 -03:00 [INF] Request finished HTTP/1.1 GET http://localhost:8080/index.html - 304 null text/html 10.0301ms
2026-03-30 19:22:43.487 -03:00 [INF] Request starting HTTP/1.1 GET http://localhost:8080/api/auth/me - null null
2026-03-30 19:22:43.492 -03:00 [INF] Executing endpoint 'HidroRec.Backend.Controllers.AuthController.Me (HidroRec.Backend)'
2026-03-30 19:22:43.496 -03:00 [INF] Route matched with {action = "Me", controller = "Auth"}. Executing controller action with signature System.Threading.Tasks.Task`1[Microsoft.AspNetCore.Mvc.ActionResult`1[HidroRec.Backend.Application.DTOs.Common.ApiResponse`1[HidroRec.Backend.Application.DTOs.Auth.UsuarioResumoDto]]] Me(System.Threading.CancellationToken) on controller HidroRec.Backend.Controllers.AuthController (HidroRec.Backend).
2026-03-30 19:22:43.515 -03:00 [INF] Executing OkObjectResult, writing value of type 'HidroRec.Backend.Application.DTOs.Common.ApiResponse`1[[HidroRec.Backend.Application.DTOs.Auth.UsuarioResumoDto, HidroRec.Backend, Version=1.0.0.0, Culture=neutral, PublicKeyToken=null]]'.
2026-03-30 19:22:43.521 -03:00 [INF] Executed action HidroRec.Backend.Controllers.AuthController.Me (HidroRec.Backend) in 16.9637ms
2026-03-30 19:22:43.526 -03:00 [INF] Executed endpoint 'HidroRec.Backend.Controllers.AuthController.Me (HidroRec.Backend)'
2026-03-30 19:22:43.531 -03:00 [INF] HTTP GET /api/auth/me responded 200 in 38.8351 ms
2026-03-30 19:22:43.536 -03:00 [INF] Request finished HTTP/1.1 GET http://localhost:8080/api/auth/me - 200 null application/json; charset=utf-8 48.5025ms
2026-03-30 19:22:43.546 -03:00 [INF] Request starting HTTP/1.1 GET http://localhost:8080/api/dashboard/resumo - null null
2026-03-30 19:22:43.558 -03:00 [INF] Executing endpoint 'HidroRec.Backend.Controllers.DashboardController.GetResumo (HidroRec.Backend)'
2026-03-30 19:22:43.561 -03:00 [INF] Route matched with {action = "GetResumo", controller = "Dashboard"}. Executing controller action with signature System.Threading.Tasks.Task`1[Microsoft.AspNetCore.Mvc.ActionResult`1[HidroRec.Backend.Application.DTOs.Common.ApiResponse`1[HidroRec.Backend.Application.DTOs.Dashboard.DashboardResumoDto]]] GetResumo(System.Threading.CancellationToken) on controller HidroRec.Backend.Controllers.DashboardController (HidroRec.Backend).
2026-03-30 19:22:43.576 -03:00 [INF] Start processing HTTP request GET https://geoportal.apac.pe.gov.br/server/rest/services/met_volume_acumulado_chuva_municipio_24hs/MapServer/0/query?where=nm_mun%20%3D%20%27Recife%27&outFields=nm_mun,horas_24,ultima_leitura_data_hora&returnGeometry=false&f=json
2026-03-30 19:22:43.579 -03:00 [INF] Sending HTTP request GET https://geoportal.apac.pe.gov.br/server/rest/services/met_volume_acumulado_chuva_municipio_24hs/MapServer/0/query?where=nm_mun%20%3D%20%27Recife%27&outFields=nm_mun,horas_24,ultima_leitura_data_hora&returnGeometry=false&f=json
2026-03-30 19:22:43.706 -03:00 [INF] Received HTTP response headers after 121.9677ms - 200
2026-03-30 19:22:43.710 -03:00 [INF] End processing HTTP request after 134.0722ms - 200
2026-03-30 19:22:43.715 -03:00 [INF] Executing OkObjectResult, writing value of type 'HidroRec.Backend.Application.DTOs.Common.ApiResponse`1[[HidroRec.Backend.Application.DTOs.Dashboard.DashboardResumoDto, HidroRec.Backend, Version=1.0.0.0, Culture=neutral, PublicKeyToken=null]]'.
2026-03-30 19:22:43.720 -03:00 [INF] Executed action HidroRec.Backend.Controllers.DashboardController.GetResumo (HidroRec.Backend) in 152.6677ms
2026-03-30 19:22:43.723 -03:00 [INF] Executed endpoint 'HidroRec.Backend.Controllers.DashboardController.GetResumo (HidroRec.Backend)'
2026-03-30 19:22:43.726 -03:00 [INF] HTTP GET /api/dashboard/resumo responded 200 in 169.2397 ms
2026-03-30 19:22:43.732 -03:00 [INF] Request finished HTTP/1.1 GET http://localhost:8080/api/dashboard/resumo - 200 null application/json; charset=utf-8 186.264ms
2026-03-30 19:23:30.629 -03:00 [INF] Request starting HTTP/1.1 GET http://localhost:8080/api/auth/me - null null
2026-03-30 19:23:30.636 -03:00 [INF] Executing endpoint 'HidroRec.Backend.Controllers.AuthController.Me (HidroRec.Backend)'
2026-03-30 19:23:30.639 -03:00 [INF] Route matched with {action = "Me", controller = "Auth"}. Executing controller action with signature System.Threading.Tasks.Task`1[Microsoft.AspNetCore.Mvc.ActionResult`1[HidroRec.Backend.Application.DTOs.Common.ApiResponse`1[HidroRec.Backend.Application.DTOs.Auth.UsuarioResumoDto]]] Me(System.Threading.CancellationToken) on controller HidroRec.Backend.Controllers.AuthController (HidroRec.Backend).
2026-03-30 19:23:30.650 -03:00 [INF] Executing OkObjectResult, writing value of type 'HidroRec.Backend.Application.DTOs.Common.ApiResponse`1[[HidroRec.Backend.Application.DTOs.Auth.UsuarioResumoDto, HidroRec.Backend, Version=1.0.0.0, Culture=neutral, PublicKeyToken=null]]'.
2026-03-30 19:23:30.655 -03:00 [INF] Executed action HidroRec.Backend.Controllers.AuthController.Me (HidroRec.Backend) in 11.7665ms
2026-03-30 19:23:30.659 -03:00 [INF] Executed endpoint 'HidroRec.Backend.Controllers.AuthController.Me (HidroRec.Backend)'
2026-03-30 19:23:30.662 -03:00 [INF] HTTP GET /api/auth/me responded 200 in 27.4476 ms
2026-03-30 19:23:30.667 -03:00 [INF] Request finished HTTP/1.1 GET http://localhost:8080/api/auth/me - 200 null application/json; charset=utf-8 37.8609ms
2026-03-30 19:23:30.672 -03:00 [INF] Request starting HTTP/1.1 GET http://localhost:8080/api/admin/metricas - null null
2026-03-30 19:23:30.672 -03:00 [INF] Request starting HTTP/1.1 GET http://localhost:8080/api/admin/reportes - null null
2026-03-30 19:23:30.672 -03:00 [INF] Request starting HTTP/1.1 GET http://localhost:8080/api/admin/auditoria - null null
2026-03-30 19:23:30.672 -03:00 [INF] Request starting HTTP/1.1 GET http://localhost:8080/api/admin/logs - null null
2026-03-30 19:23:30.678 -03:00 [INF] Executing endpoint 'HidroRec.Backend.Controllers.AdminController.GetMetricas (HidroRec.Backend)'
2026-03-30 19:23:30.685 -03:00 [INF] Executing endpoint 'HidroRec.Backend.Controllers.AdminController.GetReportes (HidroRec.Backend)'
2026-03-30 19:23:30.691 -03:00 [INF] Executing endpoint 'HidroRec.Backend.Controllers.AdminController.GetAuditoria (HidroRec.Backend)'
2026-03-30 19:23:30.708 -03:00 [INF] Route matched with {action = "GetAuditoria", controller = "Admin"}. Executing controller action with signature System.Threading.Tasks.Task`1[Microsoft.AspNetCore.Mvc.ActionResult`1[HidroRec.Backend.Application.DTOs.Common.ApiResponse`1[System.Collections.Generic.IReadOnlyCollection`1[HidroRec.Backend.Application.DTOs.Admin.AuditoriaDto]]]] GetAuditoria(System.Threading.CancellationToken) on controller HidroRec.Backend.Controllers.AdminController (HidroRec.Backend).
2026-03-30 19:23:30.700 -03:00 [INF] Route matched with {action = "GetMetricas", controller = "Admin"}. Executing controller action with signature System.Threading.Tasks.Task`1[Microsoft.AspNetCore.Mvc.ActionResult`1[HidroRec.Backend.Application.DTOs.Common.ApiResponse`1[HidroRec.Backend.Application.DTOs.Admin.AdminMetricasDto]]] GetMetricas(System.Threading.CancellationToken) on controller HidroRec.Backend.Controllers.AdminController (HidroRec.Backend).
2026-03-30 19:23:30.705 -03:00 [INF] Route matched with {action = "GetReportes", controller = "Admin"}. Executing controller action with signature System.Threading.Tasks.Task`1[Microsoft.AspNetCore.Mvc.ActionResult`1[HidroRec.Backend.Application.DTOs.Common.ApiResponse`1[HidroRec.Backend.Application.DTOs.Common.PagedResultDto`1[HidroRec.Backend.Application.DTOs.Reportes.ReporteAdminItemDto]]]] GetReportes(Int32, Int32, System.String, System.String, System.Threading.CancellationToken) on controller HidroRec.Backend.Controllers.AdminController (HidroRec.Backend).
2026-03-30 19:23:30.698 -03:00 [INF] Executing endpoint 'HidroRec.Backend.Controllers.AdminController.GetLogs (HidroRec.Backend)'
2026-03-30 19:23:30.721 -03:00 [INF] Executing OkObjectResult, writing value of type 'HidroRec.Backend.Application.DTOs.Common.ApiResponse`1[[System.Collections.Generic.IReadOnlyCollection`1[[HidroRec.Backend.Application.DTOs.Admin.AuditoriaDto, HidroRec.Backend, Version=1.0.0.0, Culture=neutral, PublicKeyToken=null]], System.Private.CoreLib, Version=8.0.0.0, Culture=neutral, PublicKeyToken=7cec85d7bea7798e]]'.
2026-03-30 19:23:30.727 -03:00 [INF] Route matched with {action = "GetLogs", controller = "Admin"}. Executing controller action with signature System.Threading.Tasks.Task`1[Microsoft.AspNetCore.Mvc.ActionResult`1[HidroRec.Backend.Application.DTOs.Common.ApiResponse`1[System.Collections.Generic.IReadOnlyCollection`1[HidroRec.Backend.Application.DTOs.Admin.LogSistemaDto]]]] GetLogs(System.Threading.CancellationToken) on controller HidroRec.Backend.Controllers.AdminController (HidroRec.Backend).
2026-03-30 19:23:30.730 -03:00 [INF] Executed action HidroRec.Backend.Controllers.AdminController.GetAuditoria (HidroRec.Backend) in 16.5072ms
2026-03-30 19:23:30.736 -03:00 [INF] Executing OkObjectResult, writing value of type 'HidroRec.Backend.Application.DTOs.Common.ApiResponse`1[[HidroRec.Backend.Application.DTOs.Common.PagedResultDto`1[[HidroRec.Backend.Application.DTOs.Reportes.ReporteAdminItemDto, HidroRec.Backend, Version=1.0.0.0, Culture=neutral, PublicKeyToken=null]], HidroRec.Backend, Version=1.0.0.0, Culture=neutral, PublicKeyToken=null]]'.
2026-03-30 19:23:30.736 -03:00 [INF] Executing OkObjectResult, writing value of type 'HidroRec.Backend.Application.DTOs.Common.ApiResponse`1[[HidroRec.Backend.Application.DTOs.Admin.AdminMetricasDto, HidroRec.Backend, Version=1.0.0.0, Culture=neutral, PublicKeyToken=null]]'.
2026-03-30 19:23:30.738 -03:00 [INF] Executed endpoint 'HidroRec.Backend.Controllers.AdminController.GetAuditoria (HidroRec.Backend)'
2026-03-30 19:23:30.739 -03:00 [INF] Executing OkObjectResult, writing value of type 'HidroRec.Backend.Application.DTOs.Common.ApiResponse`1[[System.Collections.Generic.IReadOnlyCollection`1[[HidroRec.Backend.Application.DTOs.Admin.LogSistemaDto, HidroRec.Backend, Version=1.0.0.0, Culture=neutral, PublicKeyToken=null]], System.Private.CoreLib, Version=8.0.0.0, Culture=neutral, PublicKeyToken=7cec85d7bea7798e]]'.
2026-03-30 19:23:30.742 -03:00 [INF] Executed action HidroRec.Backend.Controllers.AdminController.GetReportes (HidroRec.Backend) in 17.2382ms
2026-03-30 19:23:30.745 -03:00 [INF] Executed action HidroRec.Backend.Controllers.AdminController.GetMetricas (HidroRec.Backend) in 25.6011ms
2026-03-30 19:23:30.748 -03:00 [INF] HTTP GET /api/admin/auditoria responded 200 in 57.2207 ms
2026-03-30 19:23:30.752 -03:00 [INF] Executed action HidroRec.Backend.Controllers.AdminController.GetLogs (HidroRec.Backend) in 17.4394ms
2026-03-30 19:23:30.756 -03:00 [INF] Executed endpoint 'HidroRec.Backend.Controllers.AdminController.GetReportes (HidroRec.Backend)'
2026-03-30 19:23:30.760 -03:00 [INF] Executed endpoint 'HidroRec.Backend.Controllers.AdminController.GetMetricas (HidroRec.Backend)'
2026-03-30 19:23:30.765 -03:00 [INF] Request finished HTTP/1.1 GET http://localhost:8080/api/admin/auditoria - 200 null application/json; charset=utf-8 92.8227ms
2026-03-30 19:23:30.768 -03:00 [INF] Executed endpoint 'HidroRec.Backend.Controllers.AdminController.GetLogs (HidroRec.Backend)'
2026-03-30 19:23:30.771 -03:00 [INF] HTTP GET /api/admin/reportes responded 200 in 87.1790 ms
2026-03-30 19:23:30.774 -03:00 [INF] HTTP GET /api/admin/metricas responded 200 in 96.3526 ms
2026-03-30 19:23:30.785 -03:00 [INF] HTTP GET /api/admin/logs responded 200 in 87.9222 ms
2026-03-30 19:23:30.792 -03:00 [INF] Request finished HTTP/1.1 GET http://localhost:8080/api/admin/reportes - 200 null application/json; charset=utf-8 119.7643ms
2026-03-30 19:23:30.797 -03:00 [INF] Request finished HTTP/1.1 GET http://localhost:8080/api/admin/metricas - 200 null application/json; charset=utf-8 124.521ms
2026-03-30 19:23:30.803 -03:00 [INF] Request finished HTTP/1.1 GET http://localhost:8080/api/admin/logs - 200 null application/json; charset=utf-8 130.3313ms
2026-03-30 19:23:37.174 -03:00 [INF] Request starting HTTP/1.1 GET http://localhost:8080/api/auth/me - null null
2026-03-30 19:23:37.180 -03:00 [INF] Executing endpoint 'HidroRec.Backend.Controllers.AuthController.Me (HidroRec.Backend)'
2026-03-30 19:23:37.183 -03:00 [INF] Route matched with {action = "Me", controller = "Auth"}. Executing controller action with signature System.Threading.Tasks.Task`1[Microsoft.AspNetCore.Mvc.ActionResult`1[HidroRec.Backend.Application.DTOs.Common.ApiResponse`1[HidroRec.Backend.Application.DTOs.Auth.UsuarioResumoDto]]] Me(System.Threading.CancellationToken) on controller HidroRec.Backend.Controllers.AuthController (HidroRec.Backend).
2026-03-30 19:23:37.195 -03:00 [INF] Executing OkObjectResult, writing value of type 'HidroRec.Backend.Application.DTOs.Common.ApiResponse`1[[HidroRec.Backend.Application.DTOs.Auth.UsuarioResumoDto, HidroRec.Backend, Version=1.0.0.0, Culture=neutral, PublicKeyToken=null]]'.
2026-03-30 19:23:37.201 -03:00 [INF] Executed action HidroRec.Backend.Controllers.AuthController.Me (HidroRec.Backend) in 13.5632ms
2026-03-30 19:23:37.206 -03:00 [INF] Executed endpoint 'HidroRec.Backend.Controllers.AuthController.Me (HidroRec.Backend)'
2026-03-30 19:23:37.210 -03:00 [INF] HTTP GET /api/auth/me responded 200 in 31.6573 ms
2026-03-30 19:23:37.215 -03:00 [INF] Request finished HTTP/1.1 GET http://localhost:8080/api/auth/me - 200 null application/json; charset=utf-8 40.9022ms
2026-03-30 19:23:44.397 -03:00 [INF] Request starting HTTP/1.1 GET http://localhost:8080/api/auth/me - null null
2026-03-30 19:23:44.402 -03:00 [INF] Executing endpoint 'HidroRec.Backend.Controllers.AuthController.Me (HidroRec.Backend)'
2026-03-30 19:23:44.403 -03:00 [INF] Route matched with {action = "Me", controller = "Auth"}. Executing controller action with signature System.Threading.Tasks.Task`1[Microsoft.AspNetCore.Mvc.ActionResult`1[HidroRec.Backend.Application.DTOs.Common.ApiResponse`1[HidroRec.Backend.Application.DTOs.Auth.UsuarioResumoDto]]] Me(System.Threading.CancellationToken) on controller HidroRec.Backend.Controllers.AuthController (HidroRec.Backend).
2026-03-30 19:23:44.413 -03:00 [INF] Executing OkObjectResult, writing value of type 'HidroRec.Backend.Application.DTOs.Common.ApiResponse`1[[HidroRec.Backend.Application.DTOs.Auth.UsuarioResumoDto, HidroRec.Backend, Version=1.0.0.0, Culture=neutral, PublicKeyToken=null]]'.
2026-03-30 19:23:44.419 -03:00 [INF] Executed action HidroRec.Backend.Controllers.AuthController.Me (HidroRec.Backend) in 11.2944ms
2026-03-30 19:23:44.424 -03:00 [INF] Executed endpoint 'HidroRec.Backend.Controllers.AuthController.Me (HidroRec.Backend)'
2026-03-30 19:23:44.427 -03:00 [INF] HTTP GET /api/auth/me responded 200 in 25.6041 ms
2026-03-30 19:23:44.437 -03:00 [INF] Request finished HTTP/1.1 GET http://localhost:8080/api/auth/me - 200 null application/json; charset=utf-8 40.1497ms
2026-03-30 19:23:44.446 -03:00 [INF] Request starting HTTP/1.1 GET http://localhost:8080/api/dashboard/resumo - null null
2026-03-30 19:23:44.458 -03:00 [INF] Executing endpoint 'HidroRec.Backend.Controllers.DashboardController.GetResumo (HidroRec.Backend)'
2026-03-30 19:23:44.462 -03:00 [INF] Route matched with {action = "GetResumo", controller = "Dashboard"}. Executing controller action with signature System.Threading.Tasks.Task`1[Microsoft.AspNetCore.Mvc.ActionResult`1[HidroRec.Backend.Application.DTOs.Common.ApiResponse`1[HidroRec.Backend.Application.DTOs.Dashboard.DashboardResumoDto]]] GetResumo(System.Threading.CancellationToken) on controller HidroRec.Backend.Controllers.DashboardController (HidroRec.Backend).
2026-03-30 19:23:44.493 -03:00 [INF] Start processing HTTP request GET https://geoportal.apac.pe.gov.br/server/rest/services/met_volume_acumulado_chuva_municipio_24hs/MapServer/0/query?where=nm_mun%20%3D%20%27Recife%27&outFields=nm_mun,horas_24,ultima_leitura_data_hora&returnGeometry=false&f=json
2026-03-30 19:23:44.497 -03:00 [INF] Sending HTTP request GET https://geoportal.apac.pe.gov.br/server/rest/services/met_volume_acumulado_chuva_municipio_24hs/MapServer/0/query?where=nm_mun%20%3D%20%27Recife%27&outFields=nm_mun,horas_24,ultima_leitura_data_hora&returnGeometry=false&f=json
2026-03-30 19:23:44.596 -03:00 [INF] Received HTTP response headers after 92.9743ms - 200
2026-03-30 19:23:44.600 -03:00 [INF] End processing HTTP request after 107.5956ms - 200
2026-03-30 19:23:44.605 -03:00 [INF] Executing OkObjectResult, writing value of type 'HidroRec.Backend.Application.DTOs.Common.ApiResponse`1[[HidroRec.Backend.Application.DTOs.Dashboard.DashboardResumoDto, HidroRec.Backend, Version=1.0.0.0, Culture=neutral, PublicKeyToken=null]]'.
2026-03-30 19:23:44.609 -03:00 [INF] Executed action HidroRec.Backend.Controllers.DashboardController.GetResumo (HidroRec.Backend) in 141.2407ms
2026-03-30 19:23:44.612 -03:00 [INF] Executed endpoint 'HidroRec.Backend.Controllers.DashboardController.GetResumo (HidroRec.Backend)'
2026-03-30 19:23:44.616 -03:00 [INF] HTTP GET /api/dashboard/resumo responded 200 in 159.3480 ms
2026-03-30 19:23:44.623 -03:00 [INF] Request finished HTTP/1.1 GET http://localhost:8080/api/dashboard/resumo - 200 null application/json; charset=utf-8 176.2331ms
2026-03-30 19:26:50.866 -03:00 [INF] Request starting HTTP/1.1 GET http://localhost:8080/api/auth/me - null null
2026-03-30 19:26:50.868 -03:00 [INF] Request starting HTTP/1.1 GET http://localhost:8080/api/alertas/ativos - null null
2026-03-30 19:26:50.877 -03:00 [INF] Executing endpoint 'HidroRec.Backend.Controllers.AuthController.Me (HidroRec.Backend)'
2026-03-30 19:26:50.882 -03:00 [INF] Executing endpoint 'HidroRec.Backend.Controllers.AlertasController.GetAtivos (HidroRec.Backend)'
2026-03-30 19:26:50.885 -03:00 [INF] Route matched with {action = "Me", controller = "Auth"}. Executing controller action with signature System.Threading.Tasks.Task`1[Microsoft.AspNetCore.Mvc.ActionResult`1[HidroRec.Backend.Application.DTOs.Common.ApiResponse`1[HidroRec.Backend.Application.DTOs.Auth.UsuarioResumoDto]]] Me(System.Threading.CancellationToken) on controller HidroRec.Backend.Controllers.AuthController (HidroRec.Backend).
2026-03-30 19:26:50.889 -03:00 [INF] Route matched with {action = "GetAtivos", controller = "Alertas"}. Executing controller action with signature System.Threading.Tasks.Task`1[Microsoft.AspNetCore.Mvc.ActionResult`1[HidroRec.Backend.Application.DTOs.Common.ApiResponse`1[System.Collections.Generic.IReadOnlyCollection`1[HidroRec.Backend.Application.DTOs.Alertas.AlertaDto]]]] GetAtivos(System.String, System.Threading.CancellationToken) on controller HidroRec.Backend.Controllers.AlertasController (HidroRec.Backend).
2026-03-30 19:26:50.904 -03:00 [INF] Executing OkObjectResult, writing value of type 'HidroRec.Backend.Application.DTOs.Common.ApiResponse`1[[HidroRec.Backend.Application.DTOs.Auth.UsuarioResumoDto, HidroRec.Backend, Version=1.0.0.0, Culture=neutral, PublicKeyToken=null]]'.
2026-03-30 19:26:50.908 -03:00 [INF] Executing OkObjectResult, writing value of type 'HidroRec.Backend.Application.DTOs.Common.ApiResponse`1[[System.Collections.Generic.IReadOnlyCollection`1[[HidroRec.Backend.Application.DTOs.Alertas.AlertaDto, HidroRec.Backend, Version=1.0.0.0, Culture=neutral, PublicKeyToken=null]], System.Private.CoreLib, Version=8.0.0.0, Culture=neutral, PublicKeyToken=7cec85d7bea7798e]]'.
2026-03-30 19:26:50.909 -03:00 [INF] Executed action HidroRec.Backend.Controllers.AuthController.Me (HidroRec.Backend) in 12.8685ms
2026-03-30 19:26:50.912 -03:00 [INF] Executed action HidroRec.Backend.Controllers.AlertasController.GetAtivos (HidroRec.Backend) in 11.603ms
2026-03-30 19:26:50.915 -03:00 [INF] Executed endpoint 'HidroRec.Backend.Controllers.AuthController.Me (HidroRec.Backend)'
2026-03-30 19:26:50.920 -03:00 [INF] Executed endpoint 'HidroRec.Backend.Controllers.AlertasController.GetAtivos (HidroRec.Backend)'
2026-03-30 19:26:50.923 -03:00 [INF] HTTP GET /api/auth/me responded 200 in 47.8892 ms
2026-03-30 19:26:50.925 -03:00 [INF] HTTP GET /api/alertas/ativos responded 200 in 44.2002 ms
2026-03-30 19:26:50.930 -03:00 [INF] Request finished HTTP/1.1 GET http://localhost:8080/api/auth/me - 200 null application/json; charset=utf-8 63.8026ms
2026-03-30 19:26:50.934 -03:00 [INF] Request finished HTTP/1.1 GET http://localhost:8080/api/alertas/ativos - 200 null application/json; charset=utf-8 66.2679ms
2026-03-30 19:26:57.260 -03:00 [INF] Request starting HTTP/1.1 GET http://localhost:8080/api/auth/me - null null
2026-03-30 19:26:57.266 -03:00 [INF] Executing endpoint 'HidroRec.Backend.Controllers.AuthController.Me (HidroRec.Backend)'
2026-03-30 19:26:57.268 -03:00 [INF] Route matched with {action = "Me", controller = "Auth"}. Executing controller action with signature System.Threading.Tasks.Task`1[Microsoft.AspNetCore.Mvc.ActionResult`1[HidroRec.Backend.Application.DTOs.Common.ApiResponse`1[HidroRec.Backend.Application.DTOs.Auth.UsuarioResumoDto]]] Me(System.Threading.CancellationToken) on controller HidroRec.Backend.Controllers.AuthController (HidroRec.Backend).
2026-03-30 19:26:57.281 -03:00 [INF] Executing OkObjectResult, writing value of type 'HidroRec.Backend.Application.DTOs.Common.ApiResponse`1[[HidroRec.Backend.Application.DTOs.Auth.UsuarioResumoDto, HidroRec.Backend, Version=1.0.0.0, Culture=neutral, PublicKeyToken=null]]'.
2026-03-30 19:26:57.285 -03:00 [INF] Executed action HidroRec.Backend.Controllers.AuthController.Me (HidroRec.Backend) in 12.9883ms
2026-03-30 19:26:57.290 -03:00 [INF] Executed endpoint 'HidroRec.Backend.Controllers.AuthController.Me (HidroRec.Backend)'
2026-03-30 19:26:57.293 -03:00 [INF] HTTP GET /api/auth/me responded 200 in 28.2607 ms
2026-03-30 19:26:57.299 -03:00 [INF] Request finished HTTP/1.1 GET http://localhost:8080/api/auth/me - 200 null application/json; charset=utf-8 38.5598ms
2026-03-30 19:26:57.308 -03:00 [INF] Request starting HTTP/1.1 GET http://localhost:8080/api/dashboard/resumo - null null
2026-03-30 19:26:57.314 -03:00 [INF] Executing endpoint 'HidroRec.Backend.Controllers.DashboardController.GetResumo (HidroRec.Backend)'
2026-03-30 19:26:57.317 -03:00 [INF] Route matched with {action = "GetResumo", controller = "Dashboard"}. Executing controller action with signature System.Threading.Tasks.Task`1[Microsoft.AspNetCore.Mvc.ActionResult`1[HidroRec.Backend.Application.DTOs.Common.ApiResponse`1[HidroRec.Backend.Application.DTOs.Dashboard.DashboardResumoDto]]] GetResumo(System.Threading.CancellationToken) on controller HidroRec.Backend.Controllers.DashboardController (HidroRec.Backend).
2026-03-30 19:26:57.330 -03:00 [INF] Start processing HTTP request GET https://geoportal.apac.pe.gov.br/server/rest/services/met_volume_acumulado_chuva_municipio_24hs/MapServer/0/query?where=nm_mun%20%3D%20%27Recife%27&outFields=nm_mun,horas_24,ultima_leitura_data_hora&returnGeometry=false&f=json
2026-03-30 19:26:57.334 -03:00 [INF] Sending HTTP request GET https://geoportal.apac.pe.gov.br/server/rest/services/met_volume_acumulado_chuva_municipio_24hs/MapServer/0/query?where=nm_mun%20%3D%20%27Recife%27&outFields=nm_mun,horas_24,ultima_leitura_data_hora&returnGeometry=false&f=json
2026-03-30 19:26:57.416 -03:00 [INF] Received HTTP response headers after 77.0082ms - 200
2026-03-30 19:26:57.420 -03:00 [INF] End processing HTTP request after 89.8043ms - 200
2026-03-30 19:26:57.424 -03:00 [INF] Executing OkObjectResult, writing value of type 'HidroRec.Backend.Application.DTOs.Common.ApiResponse`1[[HidroRec.Backend.Application.DTOs.Dashboard.DashboardResumoDto, HidroRec.Backend, Version=1.0.0.0, Culture=neutral, PublicKeyToken=null]]'.
2026-03-30 19:26:57.429 -03:00 [INF] Executed action HidroRec.Backend.Controllers.DashboardController.GetResumo (HidroRec.Backend) in 106.0934ms
2026-03-30 19:26:57.431 -03:00 [INF] Executed endpoint 'HidroRec.Backend.Controllers.DashboardController.GetResumo (HidroRec.Backend)'
2026-03-30 19:26:57.434 -03:00 [INF] HTTP GET /api/dashboard/resumo responded 200 in 120.2634 ms
2026-03-30 19:26:57.439 -03:00 [INF] Request finished HTTP/1.1 GET http://localhost:8080/api/dashboard/resumo - 200 null application/json; charset=utf-8 131.7428ms
