2026-03-31 13:10:23.980 -03:00 [INF] User profile is available. Using 'C:\Users\ACPGROUP\AppData\Local\ASP.NET\DataProtection-Keys' as key repository and Windows DPAPI to encrypt keys at rest.
2026-03-31 13:10:24.116 -03:00 [INF] Now listening on: http://localhost:8080
2026-03-31 13:10:24.119 -03:00 [INF] Application started. Press Ctrl+C to shut down.
2026-03-31 13:10:24.122 -03:00 [INF] Hosting environment: Development
2026-03-31 13:10:24.124 -03:00 [INF] Content root path: C:\Users\ACPGROUP\Desktop\HTML PURO\hidrorec\backend
2026-03-31 13:10:31.287 -03:00 [INF] Request starting HTTP/1.1 GET http://localhost:8080/ - null null
2026-03-31 13:10:31.491 -03:00 [INF] Executing endpoint 'HTTP: GET /'
2026-03-31 13:10:31.520 -03:00 [INF] Executed endpoint 'HTTP: GET /'
2026-03-31 13:10:31.532 -03:00 [INF] HTTP GET / responded 200 in 166.4387 ms
2026-03-31 13:10:31.548 -03:00 [INF] Request finished HTTP/1.1 GET http://localhost:8080/ - 200 null text/html; charset=utf-8 265.1238ms
2026-03-31 13:10:31.574 -03:00 [INF] Request starting HTTP/1.1 GET http://localhost:8080/css/global.css - null null
2026-03-31 13:10:31.576 -03:00 [INF] Request starting HTTP/1.1 GET http://localhost:8080/css/layout.css - null null
2026-03-31 13:10:31.577 -03:00 [INF] Request starting HTTP/1.1 GET http://localhost:8080/css/components.css - null null
2026-03-31 13:10:31.579 -03:00 [INF] Request starting HTTP/1.1 GET http://localhost:8080/css/dashboard.css - null null
2026-03-31 13:10:31.579 -03:00 [INF] Request starting HTTP/1.1 GET http://localhost:8080/css/mapa.css - null null
2026-03-31 13:10:31.579 -03:00 [INF] Request starting HTTP/1.1 GET http://localhost:8080/js/dashboard.js - null null
2026-03-31 13:10:31.607 -03:00 [INF] Sending file. Request path: '/css/global.css'. Physical path: 'C:\Users\ACPGROUP\Desktop\HTML PURO\hidrorec\frontend\css\global.css'
2026-03-31 13:10:31.607 -03:00 [INF] Sending file. Request path: '/css/components.css'. Physical path: 'C:\Users\ACPGROUP\Desktop\HTML PURO\hidrorec\frontend\css\components.css'
2026-03-31 13:10:31.607 -03:00 [INF] Sending file. Request path: '/css/layout.css'. Physical path: 'C:\Users\ACPGROUP\Desktop\HTML PURO\hidrorec\frontend\css\layout.css'
2026-03-31 13:10:31.614 -03:00 [INF] Sending file. Request path: '/css/mapa.css'. Physical path: 'C:\Users\ACPGROUP\Desktop\HTML PURO\hidrorec\frontend\css\mapa.css'
2026-03-31 13:10:31.621 -03:00 [INF] HTTP GET /css/global.css responded 200 in 35.6099 ms
2026-03-31 13:10:31.623 -03:00 [INF] HTTP GET /css/components.css responded 200 in 26.7210 ms
2026-03-31 13:10:31.624 -03:00 [INF] CORS policy execution successful.
2026-03-31 13:10:31.629 -03:00 [INF] HTTP GET /css/layout.css responded 200 in 38.9506 ms
2026-03-31 13:10:31.632 -03:00 [INF] HTTP GET /css/mapa.css responded 200 in 20.7920 ms
2026-03-31 13:10:31.637 -03:00 [INF] Sending file. Request path: '/css/dashboard.css'. Physical path: 'C:\Users\ACPGROUP\Desktop\HTML PURO\hidrorec\frontend\css\dashboard.css'
2026-03-31 13:10:31.638 -03:00 [INF] Request finished HTTP/1.1 GET http://localhost:8080/css/global.css - 200 2602 text/css 64.3075ms
2026-03-31 13:10:31.642 -03:00 [INF] Request finished HTTP/1.1 GET http://localhost:8080/css/components.css - 200 6519 text/css 65.2381ms
2026-03-31 13:10:31.649 -03:00 [INF] Request finished HTTP/1.1 GET http://localhost:8080/css/layout.css - 200 3105 text/css 73.2461ms
2026-03-31 13:10:31.653 -03:00 [INF] Request finished HTTP/1.1 GET http://localhost:8080/css/mapa.css - 200 2088 text/css 73.8204ms
2026-03-31 13:10:31.655 -03:00 [INF] HTTP GET /css/dashboard.css responded 200 in 49.1153 ms
2026-03-31 13:10:31.679 -03:00 [INF] Request starting HTTP/1.1 GET http://localhost:8080/assets/logo/logo-hidrorec.png?v=20260330-1505 - null null
2026-03-31 13:10:31.694 -03:00 [INF] Request finished HTTP/1.1 GET http://localhost:8080/css/dashboard.css - 200 4530 text/css 114.79ms
2026-03-31 13:10:31.700 -03:00 [INF] Sending file. Request path: '/js/dashboard.js'. Physical path: 'C:\Users\ACPGROUP\Desktop\HTML PURO\hidrorec\frontend\js\dashboard.js'
2026-03-31 13:10:31.713 -03:00 [INF] Request starting HTTP/1.1 GET http://localhost:8080/js/mapa.js - null null
2026-03-31 13:10:31.713 -03:00 [INF] Request starting HTTP/1.1 GET http://localhost:8080/js/utils.js - null null
2026-03-31 13:10:31.719 -03:00 [INF] Sending file. Request path: '/assets/logo/logo-hidrorec.png'. Physical path: 'C:\Users\ACPGROUP\Desktop\HTML PURO\hidrorec\frontend\assets\logo\logo-hidrorec.png'
2026-03-31 13:10:31.779 -03:00 [INF] Request starting HTTP/1.1 GET http://localhost:8080/js/api.js - null null
2026-03-31 13:10:31.798 -03:00 [INF] HTTP GET /js/dashboard.js responded 200 in 182.1180 ms
2026-03-31 13:10:31.804 -03:00 [INF] CORS policy execution successful.
2026-03-31 13:10:31.810 -03:00 [INF] CORS policy execution successful.
2026-03-31 13:10:31.813 -03:00 [INF] HTTP GET /assets/logo/logo-hidrorec.png responded 200 in 114.4674 ms
2026-03-31 13:10:31.823 -03:00 [INF] CORS policy execution successful.
2026-03-31 13:10:31.829 -03:00 [INF] Request finished HTTP/1.1 GET http://localhost:8080/js/dashboard.js - 200 2606 text/javascript 249.0657ms
2026-03-31 13:10:31.841 -03:00 [INF] Request finished HTTP/1.1 GET http://localhost:8080/assets/logo/logo-hidrorec.png?v=20260330-1505 - 200 378256 image/png 162.2105ms
2026-03-31 13:10:31.847 -03:00 [INF] Sending file. Request path: '/js/utils.js'. Physical path: 'C:\Users\ACPGROUP\Desktop\HTML PURO\hidrorec\frontend\js\utils.js'
2026-03-31 13:10:31.848 -03:00 [INF] Sending file. Request path: '/js/api.js'. Physical path: 'C:\Users\ACPGROUP\Desktop\HTML PURO\hidrorec\frontend\js\api.js'
2026-03-31 13:10:31.850 -03:00 [INF] Request starting HTTP/1.1 GET http://localhost:8080/js/app.js - null null
2026-03-31 13:10:31.865 -03:00 [INF] HTTP GET /js/utils.js responded 200 in 55.8528 ms
2026-03-31 13:10:31.869 -03:00 [INF] HTTP GET /js/api.js responded 200 in 46.2885 ms
2026-03-31 13:10:31.877 -03:00 [INF] CORS policy execution successful.
2026-03-31 13:10:31.883 -03:00 [INF] Request finished HTTP/1.1 GET http://localhost:8080/js/utils.js - 200 4855 text/javascript 169.4907ms
2026-03-31 13:10:31.887 -03:00 [INF] Request finished HTTP/1.1 GET http://localhost:8080/js/api.js - 200 6469 text/javascript 108.2913ms
2026-03-31 13:10:31.892 -03:00 [INF] Sending file. Request path: '/js/app.js'. Physical path: 'C:\Users\ACPGROUP\Desktop\HTML PURO\hidrorec\frontend\js\app.js'
2026-03-31 13:10:31.897 -03:00 [INF] Sending file. Request path: '/js/mapa.js'. Physical path: 'C:\Users\ACPGROUP\Desktop\HTML PURO\hidrorec\frontend\js\mapa.js'
2026-03-31 13:10:31.904 -03:00 [INF] HTTP GET /js/app.js responded 200 in 26.3890 ms
2026-03-31 13:10:31.904 -03:00 [INF] Request starting HTTP/1.1 GET http://localhost:8080/api/dashboard/resumo - null null
2026-03-31 13:10:31.905 -03:00 [INF] HTTP GET /js/mapa.js responded 200 in 101.8672 ms
2026-03-31 13:10:31.912 -03:00 [INF] Request finished HTTP/1.1 GET http://localhost:8080/js/app.js - 200 878 text/javascript 61.8248ms
2026-03-31 13:10:31.924 -03:00 [INF] Executing endpoint 'HidroRec.Backend.Controllers.DashboardController.GetResumo (HidroRec.Backend)'
2026-03-31 13:10:31.925 -03:00 [INF] Request finished HTTP/1.1 GET http://localhost:8080/js/mapa.js - 200 1133 text/javascript 212.1917ms
2026-03-31 13:10:31.944 -03:00 [INF] Request starting HTTP/1.1 GET http://localhost:8080/favicon.ico - null null
2026-03-31 13:10:31.957 -03:00 [INF] HTTP GET /favicon.ico responded 404 in 6.1410 ms
2026-03-31 13:10:31.961 -03:00 [INF] Request finished HTTP/1.1 GET http://localhost:8080/favicon.ico - 404 0 null 17.0093ms
2026-03-31 13:10:31.971 -03:00 [INF] Request reached the end of the middleware pipeline without being handled by application code. Request path: GET http://localhost:8080/favicon.ico, Response status code: 404
2026-03-31 13:10:31.982 -03:00 [INF] Route matched with {action = "GetResumo", controller = "Dashboard"}. Executing controller action with signature System.Threading.Tasks.Task`1[Microsoft.AspNetCore.Mvc.ActionResult`1[HidroRec.Backend.Application.DTOs.Common.ApiResponse`1[HidroRec.Backend.Application.DTOs.Dashboard.DashboardResumoDto]]] GetResumo(System.Threading.CancellationToken) on controller HidroRec.Backend.Controllers.DashboardController (HidroRec.Backend).
2026-03-31 13:10:32.297 -03:00 [WRN] The query uses the 'First'/'FirstOrDefault' operator without 'OrderBy' and filter operators. This may lead to unpredictable results.
2026-03-31 13:10:32.626 -03:00 [INF] Start processing HTTP request GET https://geoportal.apac.pe.gov.br/server/rest/services/met_volume_acumulado_chuva_municipio_24hs/MapServer/0/query?where=nm_mun%20%3D%20%27Recife%27&outFields=nm_mun,horas_24,ultima_leitura_data_hora&returnGeometry=false&f=json
2026-03-31 13:10:32.632 -03:00 [INF] Sending HTTP request GET https://geoportal.apac.pe.gov.br/server/rest/services/met_volume_acumulado_chuva_municipio_24hs/MapServer/0/query?where=nm_mun%20%3D%20%27Recife%27&outFields=nm_mun,horas_24,ultima_leitura_data_hora&returnGeometry=false&f=json
2026-03-31 13:10:32.986 -03:00 [INF] Received HTTP response headers after 344.746ms - 200
2026-03-31 13:10:32.991 -03:00 [INF] End processing HTTP request after 367.418ms - 200
2026-03-31 13:10:33.099 -03:00 [INF] Executing OkObjectResult, writing value of type 'HidroRec.Backend.Application.DTOs.Common.ApiResponse`1[[HidroRec.Backend.Application.DTOs.Dashboard.DashboardResumoDto, HidroRec.Backend, Version=1.0.0.0, Culture=neutral, PublicKeyToken=null]]'.
2026-03-31 13:10:33.183 -03:00 [INF] Executed action HidroRec.Backend.Controllers.DashboardController.GetResumo (HidroRec.Backend) in 1188.7558ms
2026-03-31 13:10:33.189 -03:00 [INF] Executed endpoint 'HidroRec.Backend.Controllers.DashboardController.GetResumo (HidroRec.Backend)'
2026-03-31 13:10:33.194 -03:00 [INF] HTTP GET /api/dashboard/resumo responded 200 in 1273.1151 ms
2026-03-31 13:10:33.210 -03:00 [INF] Request finished HTTP/1.1 GET http://localhost:8080/api/dashboard/resumo - 200 null application/json; charset=utf-8 1305.4456ms
2026-03-31 13:12:35.936 -03:00 [INF] Request starting HTTP/1.1 GET http://localhost:8080/ - null null
2026-03-31 13:12:35.940 -03:00 [INF] Executing endpoint 'HTTP: GET /'
2026-03-31 13:12:35.945 -03:00 [INF] Executed endpoint 'HTTP: GET /'
2026-03-31 13:12:35.949 -03:00 [INF] HTTP GET / responded 200 in 9.1801 ms
2026-03-31 13:12:35.955 -03:00 [INF] Request finished HTTP/1.1 GET http://localhost:8080/ - 200 null text/html; charset=utf-8 19.0483ms
2026-03-31 13:12:35.967 -03:00 [INF] Request starting HTTP/1.1 GET http://localhost:8080/api/dashboard/resumo - null null
2026-03-31 13:12:35.978 -03:00 [INF] Executing endpoint 'HidroRec.Backend.Controllers.DashboardController.GetResumo (HidroRec.Backend)'
2026-03-31 13:12:35.981 -03:00 [INF] Route matched with {action = "GetResumo", controller = "Dashboard"}. Executing controller action with signature System.Threading.Tasks.Task`1[Microsoft.AspNetCore.Mvc.ActionResult`1[HidroRec.Backend.Application.DTOs.Common.ApiResponse`1[HidroRec.Backend.Application.DTOs.Dashboard.DashboardResumoDto]]] GetResumo(System.Threading.CancellationToken) on controller HidroRec.Backend.Controllers.DashboardController (HidroRec.Backend).
2026-03-31 13:12:36.194 -03:00 [INF] Start processing HTTP request GET https://geoportal.apac.pe.gov.br/server/rest/services/met_volume_acumulado_chuva_municipio_24hs/MapServer/0/query?where=nm_mun%20%3D%20%27Recife%27&outFields=nm_mun,horas_24,ultima_leitura_data_hora&returnGeometry=false&f=json
2026-03-31 13:12:36.198 -03:00 [INF] Sending HTTP request GET https://geoportal.apac.pe.gov.br/server/rest/services/met_volume_acumulado_chuva_municipio_24hs/MapServer/0/query?where=nm_mun%20%3D%20%27Recife%27&outFields=nm_mun,horas_24,ultima_leitura_data_hora&returnGeometry=false&f=json
2026-03-31 13:12:36.354 -03:00 [INF] Received HTTP response headers after 151.3181ms - 200
2026-03-31 13:12:36.359 -03:00 [INF] End processing HTTP request after 165.5738ms - 200
2026-03-31 13:12:36.369 -03:00 [INF] Executing OkObjectResult, writing value of type 'HidroRec.Backend.Application.DTOs.Common.ApiResponse`1[[HidroRec.Backend.Application.DTOs.Dashboard.DashboardResumoDto, HidroRec.Backend, Version=1.0.0.0, Culture=neutral, PublicKeyToken=null]]'.
2026-03-31 13:12:36.375 -03:00 [INF] Executed action HidroRec.Backend.Controllers.DashboardController.GetResumo (HidroRec.Backend) in 386.0381ms
2026-03-31 13:12:36.378 -03:00 [INF] Executed endpoint 'HidroRec.Backend.Controllers.DashboardController.GetResumo (HidroRec.Backend)'
2026-03-31 13:12:36.382 -03:00 [INF] HTTP GET /api/dashboard/resumo responded 200 in 404.1423 ms
2026-03-31 13:12:36.389 -03:00 [INF] Request finished HTTP/1.1 GET http://localhost:8080/api/dashboard/resumo - 200 null application/json; charset=utf-8 422.7663ms
2026-03-31 13:12:54.284 -03:00 [INF] Request starting HTTP/1.1 GET http://localhost:8080/ - null null
2026-03-31 13:12:54.289 -03:00 [INF] Executing endpoint 'HTTP: GET /'
2026-03-31 13:12:54.297 -03:00 [INF] Executed endpoint 'HTTP: GET /'
2026-03-31 13:12:54.302 -03:00 [INF] HTTP GET / responded 200 in 13.0289 ms
2026-03-31 13:12:54.307 -03:00 [INF] Request finished HTTP/1.1 GET http://localhost:8080/ - 200 null text/html; charset=utf-8 22.4015ms
2026-03-31 13:12:54.319 -03:00 [INF] Request starting HTTP/1.1 GET http://localhost:8080/api/dashboard/resumo - null null
2026-03-31 13:12:54.325 -03:00 [INF] Executing endpoint 'HidroRec.Backend.Controllers.DashboardController.GetResumo (HidroRec.Backend)'
2026-03-31 13:12:54.329 -03:00 [INF] Route matched with {action = "GetResumo", controller = "Dashboard"}. Executing controller action with signature System.Threading.Tasks.Task`1[Microsoft.AspNetCore.Mvc.ActionResult`1[HidroRec.Backend.Application.DTOs.Common.ApiResponse`1[HidroRec.Backend.Application.DTOs.Dashboard.DashboardResumoDto]]] GetResumo(System.Threading.CancellationToken) on controller HidroRec.Backend.Controllers.DashboardController (HidroRec.Backend).
2026-03-31 13:12:54.359 -03:00 [INF] Start processing HTTP request GET https://geoportal.apac.pe.gov.br/server/rest/services/met_volume_acumulado_chuva_municipio_24hs/MapServer/0/query?where=nm_mun%20%3D%20%27Recife%27&outFields=nm_mun,horas_24,ultima_leitura_data_hora&returnGeometry=false&f=json
2026-03-31 13:12:54.361 -03:00 [INF] Sending HTTP request GET https://geoportal.apac.pe.gov.br/server/rest/services/met_volume_acumulado_chuva_municipio_24hs/MapServer/0/query?where=nm_mun%20%3D%20%27Recife%27&outFields=nm_mun,horas_24,ultima_leitura_data_hora&returnGeometry=false&f=json
2026-03-31 13:12:54.423 -03:00 [INF] Received HTTP response headers after 57.8172ms - 200
2026-03-31 13:12:54.428 -03:00 [INF] End processing HTTP request after 68.7428ms - 200
2026-03-31 13:12:54.432 -03:00 [INF] Executing OkObjectResult, writing value of type 'HidroRec.Backend.Application.DTOs.Common.ApiResponse`1[[HidroRec.Backend.Application.DTOs.Dashboard.DashboardResumoDto, HidroRec.Backend, Version=1.0.0.0, Culture=neutral, PublicKeyToken=null]]'.
2026-03-31 13:12:54.436 -03:00 [INF] Executed action HidroRec.Backend.Controllers.DashboardController.GetResumo (HidroRec.Backend) in 100.9239ms
2026-03-31 13:12:54.440 -03:00 [INF] Executed endpoint 'HidroRec.Backend.Controllers.DashboardController.GetResumo (HidroRec.Backend)'
2026-03-31 13:12:54.444 -03:00 [INF] HTTP GET /api/dashboard/resumo responded 200 in 119.0234 ms
2026-03-31 13:12:54.449 -03:00 [INF] Request finished HTTP/1.1 GET http://localhost:8080/api/dashboard/resumo - 200 null application/json; charset=utf-8 130.3088ms
2026-03-31 13:13:02.639 -03:00 [INF] Application is shutting down...
2026-03-31 13:17:33.581 -03:00 [INF] User profile is available. Using 'C:\Users\ACPGROUP\AppData\Local\ASP.NET\DataProtection-Keys' as key repository and Windows DPAPI to encrypt keys at rest.
2026-03-31 13:17:33.677 -03:00 [INF] Now listening on: http://localhost:8080
2026-03-31 13:17:33.681 -03:00 [INF] Application started. Press Ctrl+C to shut down.
2026-03-31 13:17:33.683 -03:00 [INF] Hosting environment: Development
2026-03-31 13:17:33.684 -03:00 [INF] Content root path: C:\Users\ACPGROUP\Desktop\HTML PURO\hidrorec\backend
2026-03-31 13:17:39.306 -03:00 [INF] Request starting HTTP/1.1 GET http://localhost:8080/ - null null
2026-03-31 13:17:39.465 -03:00 [INF] Executing endpoint 'HTTP: GET /'
2026-03-31 13:17:39.486 -03:00 [INF] Executed endpoint 'HTTP: GET /'
2026-03-31 13:17:39.494 -03:00 [INF] HTTP GET / responded 200 in 124.8894 ms
2026-03-31 13:17:39.502 -03:00 [INF] Request finished HTTP/1.1 GET http://localhost:8080/ - 200 null text/html; charset=utf-8 200.4589ms
2026-03-31 13:17:39.511 -03:00 [INF] Request starting HTTP/1.1 GET http://localhost:8080/js/api.js - null null
2026-03-31 13:17:39.511 -03:00 [INF] Request starting HTTP/1.1 GET http://localhost:8080/js/utils.js - null null
2026-03-31 13:17:39.511 -03:00 [INF] Request starting HTTP/1.1 GET http://localhost:8080/js/app.js - null null
2026-03-31 13:17:39.513 -03:00 [INF] Request starting HTTP/1.1 GET http://localhost:8080/css/dashboard.css - null null
2026-03-31 13:17:39.532 -03:00 [INF] CORS policy execution successful.
2026-03-31 13:17:39.532 -03:00 [INF] CORS policy execution successful.
2026-03-31 13:17:39.534 -03:00 [INF] CORS policy execution successful.
2026-03-31 13:17:39.553 -03:00 [INF] The file /js/api.js was not modified
2026-03-31 13:17:39.553 -03:00 [INF] The file /js/utils.js was not modified
2026-03-31 13:17:39.553 -03:00 [INF] The file /js/app.js was not modified
2026-03-31 13:17:39.560 -03:00 [INF] HTTP GET /js/api.js responded 304 in 37.1887 ms
2026-03-31 13:17:39.560 -03:00 [INF] Sending file. Request path: '/css/dashboard.css'. Physical path: 'C:\Users\ACPGROUP\Desktop\HTML PURO\hidrorec\frontend\css\dashboard.css'
2026-03-31 13:17:39.562 -03:00 [INF] HTTP GET /js/utils.js responded 304 in 34.0083 ms
2026-03-31 13:17:39.565 -03:00 [INF] HTTP GET /js/app.js responded 304 in 30.9733 ms
2026-03-31 13:17:39.572 -03:00 [INF] Request finished HTTP/1.1 GET http://localhost:8080/js/api.js - 304 null text/javascript 60.4422ms
2026-03-31 13:17:39.576 -03:00 [INF] HTTP GET /css/dashboard.css responded 200 in 33.4420 ms
2026-03-31 13:17:39.586 -03:00 [INF] Request finished HTTP/1.1 GET http://localhost:8080/js/app.js - 304 null text/javascript 74.2149ms
2026-03-31 13:17:39.581 -03:00 [INF] Request finished HTTP/1.1 GET http://localhost:8080/js/utils.js - 304 null text/javascript 69.9494ms
2026-03-31 13:17:39.598 -03:00 [INF] Request starting HTTP/1.1 GET http://localhost:8080/api/dashboard/resumo - null null
2026-03-31 13:17:39.606 -03:00 [INF] Request finished HTTP/1.1 GET http://localhost:8080/css/dashboard.css - 200 4308 text/css 92.2359ms
2026-03-31 13:17:39.635 -03:00 [INF] Executing endpoint 'HidroRec.Backend.Controllers.DashboardController.GetResumo (HidroRec.Backend)'
2026-03-31 13:17:39.690 -03:00 [INF] Route matched with {action = "GetResumo", controller = "Dashboard"}. Executing controller action with signature System.Threading.Tasks.Task`1[Microsoft.AspNetCore.Mvc.ActionResult`1[HidroRec.Backend.Application.DTOs.Common.ApiResponse`1[HidroRec.Backend.Application.DTOs.Dashboard.DashboardResumoDto]]] GetResumo(System.Threading.CancellationToken) on controller HidroRec.Backend.Controllers.DashboardController (HidroRec.Backend).
2026-03-31 13:17:40.037 -03:00 [WRN] The query uses the 'First'/'FirstOrDefault' operator without 'OrderBy' and filter operators. This may lead to unpredictable results.
2026-03-31 13:17:40.375 -03:00 [INF] Start processing HTTP request GET https://geoportal.apac.pe.gov.br/server/rest/services/met_volume_acumulado_chuva_municipio_24hs/MapServer/0/query?where=nm_mun%20%3D%20%27Recife%27&outFields=nm_mun,horas_24,ultima_leitura_data_hora&returnGeometry=false&f=json
2026-03-31 13:17:40.380 -03:00 [INF] Sending HTTP request GET https://geoportal.apac.pe.gov.br/server/rest/services/met_volume_acumulado_chuva_municipio_24hs/MapServer/0/query?where=nm_mun%20%3D%20%27Recife%27&outFields=nm_mun,horas_24,ultima_leitura_data_hora&returnGeometry=false&f=json
2026-03-31 13:17:41.878 -03:00 [INF] Received HTTP response headers after 1484.4282ms - 200
2026-03-31 13:17:41.884 -03:00 [INF] End processing HTTP request after 1511.4169ms - 200
2026-03-31 13:17:42.017 -03:00 [INF] Executing OkObjectResult, writing value of type 'HidroRec.Backend.Application.DTOs.Common.ApiResponse`1[[HidroRec.Backend.Application.DTOs.Dashboard.DashboardResumoDto, HidroRec.Backend, Version=1.0.0.0, Culture=neutral, PublicKeyToken=null]]'.
2026-03-31 13:17:42.105 -03:00 [INF] Executed action HidroRec.Backend.Controllers.DashboardController.GetResumo (HidroRec.Backend) in 2404.07ms
2026-03-31 13:17:42.110 -03:00 [INF] Executed endpoint 'HidroRec.Backend.Controllers.DashboardController.GetResumo (HidroRec.Backend)'
2026-03-31 13:17:42.116 -03:00 [INF] HTTP GET /api/dashboard/resumo responded 200 in 2483.3171 ms
2026-03-31 13:17:42.130 -03:00 [INF] Request finished HTTP/1.1 GET http://localhost:8080/api/dashboard/resumo - 200 null application/json; charset=utf-8 2532.7341ms
2026-03-31 13:22:20.799 -03:00 [INF] Request starting HTTP/1.1 GET http://localhost:8080/previsoes.html - null null
2026-03-31 13:22:20.813 -03:00 [INF] Sending file. Request path: '/previsoes.html'. Physical path: 'C:\Users\ACPGROUP\Desktop\HTML PURO\hidrorec\frontend\previsoes.html'
2026-03-31 13:22:20.815 -03:00 [INF] HTTP GET /previsoes.html responded 200 in 10.9931 ms
2026-03-31 13:22:20.824 -03:00 [INF] Request finished HTTP/1.1 GET http://localhost:8080/previsoes.html - 200 2656 text/html 24.8695ms
2026-03-31 13:22:20.828 -03:00 [INF] Request starting HTTP/1.1 GET http://localhost:8080/css/previsoes.css - null null
2026-03-31 13:22:20.832 -03:00 [INF] Request starting HTTP/1.1 GET http://localhost:8080/js/previsoes.js - null null
2026-03-31 13:22:20.838 -03:00 [INF] CORS policy execution successful.
2026-03-31 13:22:20.839 -03:00 [INF] Sending file. Request path: '/css/previsoes.css'. Physical path: 'C:\Users\ACPGROUP\Desktop\HTML PURO\hidrorec\frontend\css\previsoes.css'
2026-03-31 13:22:20.845 -03:00 [INF] HTTP GET /css/previsoes.css responded 200 in 10.1975 ms
2026-03-31 13:22:20.852 -03:00 [INF] Request finished HTTP/1.1 GET http://localhost:8080/css/previsoes.css - 200 586 text/css 23.315ms
2026-03-31 13:22:20.887 -03:00 [INF] Sending file. Request path: '/js/previsoes.js'. Physical path: 'C:\Users\ACPGROUP\Desktop\HTML PURO\hidrorec\frontend\js\previsoes.js'
2026-03-31 13:22:20.890 -03:00 [INF] HTTP GET /js/previsoes.js responded 200 in 52.2607 ms
2026-03-31 13:22:20.892 -03:00 [INF] Request starting HTTP/1.1 GET http://localhost:8080/js/api.js - null null
2026-03-31 13:22:20.892 -03:00 [INF] Request starting HTTP/1.1 GET http://localhost:8080/js/utils.js - null null
2026-03-31 13:22:20.894 -03:00 [INF] Request finished HTTP/1.1 GET http://localhost:8080/js/previsoes.js - 200 1338 text/javascript 61.9099ms
2026-03-31 13:22:20.901 -03:00 [INF] CORS policy execution successful.
2026-03-31 13:22:20.907 -03:00 [INF] CORS policy execution successful.
2026-03-31 13:22:20.918 -03:00 [INF] Request starting HTTP/1.1 GET http://localhost:8080/js/app.js - null null
2026-03-31 13:22:20.921 -03:00 [INF] The file /js/api.js was not modified
2026-03-31 13:22:20.924 -03:00 [INF] The file /js/utils.js was not modified
2026-03-31 13:22:20.930 -03:00 [INF] CORS policy execution successful.
2026-03-31 13:22:20.933 -03:00 [INF] HTTP GET /js/api.js responded 304 in 31.7881 ms
2026-03-31 13:22:20.936 -03:00 [INF] HTTP GET /js/utils.js responded 304 in 28.7408 ms
2026-03-31 13:22:20.939 -03:00 [INF] The file /js/app.js was not modified
2026-03-31 13:22:20.944 -03:00 [INF] Request finished HTTP/1.1 GET http://localhost:8080/js/api.js - 304 null text/javascript 52.0257ms
2026-03-31 13:22:20.949 -03:00 [INF] Request finished HTTP/1.1 GET http://localhost:8080/js/utils.js - 304 null text/javascript 56.8199ms
2026-03-31 13:22:20.952 -03:00 [INF] HTTP GET /js/app.js responded 304 in 22.2526 ms
2026-03-31 13:22:20.975 -03:00 [INF] Request finished HTTP/1.1 GET http://localhost:8080/js/app.js - 304 null text/javascript 57.2496ms
2026-03-31 13:22:20.983 -03:00 [INF] Request starting HTTP/1.1 GET http://localhost:8080/api/previsoes - null null
2026-03-31 13:22:20.999 -03:00 [INF] Executing endpoint 'HidroRec.Backend.Controllers.PrevisoesController.GetResumo (HidroRec.Backend)'
2026-03-31 13:22:21.017 -03:00 [INF] Route matched with {action = "GetResumo", controller = "Previsoes"}. Executing controller action with signature System.Threading.Tasks.Task`1[Microsoft.AspNetCore.Mvc.ActionResult`1[HidroRec.Backend.Application.DTOs.Common.ApiResponse`1[HidroRec.Backend.Application.DTOs.Previsoes.PrevisaoResumoDto]]] GetResumo(System.Threading.CancellationToken) on controller HidroRec.Backend.Controllers.PrevisoesController (HidroRec.Backend).
2026-03-31 13:22:21.032 -03:00 [INF] Start processing HTTP request GET https://geoportal.apac.pe.gov.br/server/rest/services/met_volume_acumulado_chuva_municipio_24hs/MapServer/0/query?where=nm_mun%20%3D%20%27Recife%27&outFields=nm_mun,horas_24,ultima_leitura_data_hora&returnGeometry=false&f=json
2026-03-31 13:22:21.036 -03:00 [INF] Sending HTTP request GET https://geoportal.apac.pe.gov.br/server/rest/services/met_volume_acumulado_chuva_municipio_24hs/MapServer/0/query?where=nm_mun%20%3D%20%27Recife%27&outFields=nm_mun,horas_24,ultima_leitura_data_hora&returnGeometry=false&f=json
2026-03-31 13:22:21.176 -03:00 [INF] Received HTTP response headers after 136.0111ms - 200
2026-03-31 13:22:21.180 -03:00 [INF] End processing HTTP request after 147.9407ms - 200
2026-03-31 13:22:21.189 -03:00 [INF] Executing OkObjectResult, writing value of type 'HidroRec.Backend.Application.DTOs.Common.ApiResponse`1[[HidroRec.Backend.Application.DTOs.Previsoes.PrevisaoResumoDto, HidroRec.Backend, Version=1.0.0.0, Culture=neutral, PublicKeyToken=null]]'.
2026-03-31 13:22:21.213 -03:00 [INF] Executed action HidroRec.Backend.Controllers.PrevisoesController.GetResumo (HidroRec.Backend) in 189.8987ms
2026-03-31 13:22:21.217 -03:00 [INF] Executed endpoint 'HidroRec.Backend.Controllers.PrevisoesController.GetResumo (HidroRec.Backend)'
2026-03-31 13:22:21.222 -03:00 [INF] HTTP GET /api/previsoes responded 200 in 228.8058 ms
2026-03-31 13:22:21.231 -03:00 [INF] Request finished HTTP/1.1 GET http://localhost:8080/api/previsoes - 200 null application/json; charset=utf-8 248.9446ms
2026-03-31 13:22:49.253 -03:00 [INF] Request starting HTTP/1.1 GET http://localhost:8080/alertas.html - null null
2026-03-31 13:22:49.261 -03:00 [INF] Sending file. Request path: '/alertas.html'. Physical path: 'C:\Users\ACPGROUP\Desktop\HTML PURO\hidrorec\frontend\alertas.html'
2026-03-31 13:22:49.264 -03:00 [INF] HTTP GET /alertas.html responded 200 in 4.3174 ms
2026-03-31 13:22:49.268 -03:00 [INF] Request finished HTTP/1.1 GET http://localhost:8080/alertas.html - 200 3027 text/html 15.6125ms
2026-03-31 13:22:49.285 -03:00 [INF] Request starting HTTP/1.1 GET http://localhost:8080/css/alertas.css - null null
2026-03-31 13:22:49.289 -03:00 [INF] Request starting HTTP/1.1 GET http://localhost:8080/js/alertas.js - null null
2026-03-31 13:22:49.297 -03:00 [INF] Sending file. Request path: '/css/alertas.css'. Physical path: 'C:\Users\ACPGROUP\Desktop\HTML PURO\hidrorec\frontend\css\alertas.css'
2026-03-31 13:22:49.299 -03:00 [INF] CORS policy execution successful.
2026-03-31 13:22:49.301 -03:00 [INF] HTTP GET /css/alertas.css responded 200 in 9.3287 ms
2026-03-31 13:22:49.308 -03:00 [INF] Request finished HTTP/1.1 GET http://localhost:8080/css/alertas.css - 200 736 text/css 23.1523ms
2026-03-31 13:22:49.346 -03:00 [INF] Sending file. Request path: '/js/alertas.js'. Physical path: 'C:\Users\ACPGROUP\Desktop\HTML PURO\hidrorec\frontend\js\alertas.js'
2026-03-31 13:22:49.349 -03:00 [INF] HTTP GET /js/alertas.js responded 200 in 50.5186 ms
2026-03-31 13:22:49.351 -03:00 [INF] Request starting HTTP/1.1 GET http://localhost:8080/api/alertas/ativos - null null
2026-03-31 13:22:49.352 -03:00 [INF] Request finished HTTP/1.1 GET http://localhost:8080/js/alertas.js - 200 1404 text/javascript 63.7694ms
2026-03-31 13:22:49.360 -03:00 [INF] Executing endpoint 'HidroRec.Backend.Controllers.AlertasController.GetAtivos (HidroRec.Backend)'
2026-03-31 13:22:49.378 -03:00 [INF] Route matched with {action = "GetAtivos", controller = "Alertas"}. Executing controller action with signature System.Threading.Tasks.Task`1[Microsoft.AspNetCore.Mvc.ActionResult`1[HidroRec.Backend.Application.DTOs.Common.ApiResponse`1[System.Collections.Generic.IReadOnlyCollection`1[HidroRec.Backend.Application.DTOs.Alertas.AlertaDto]]]] GetAtivos(System.String, System.Threading.CancellationToken) on controller HidroRec.Backend.Controllers.AlertasController (HidroRec.Backend).
2026-03-31 13:22:49.919 -03:00 [INF] Executing OkObjectResult, writing value of type 'HidroRec.Backend.Application.DTOs.Common.ApiResponse`1[[System.Collections.Generic.IReadOnlyCollection`1[[HidroRec.Backend.Application.DTOs.Alertas.AlertaDto, HidroRec.Backend, Version=1.0.0.0, Culture=neutral, PublicKeyToken=null]], System.Private.CoreLib, Version=8.0.0.0, Culture=neutral, PublicKeyToken=7cec85d7bea7798e]]'.
2026-03-31 13:22:49.936 -03:00 [INF] Executed action HidroRec.Backend.Controllers.AlertasController.GetAtivos (HidroRec.Backend) in 550.8565ms
2026-03-31 13:22:49.942 -03:00 [INF] Executed endpoint 'HidroRec.Backend.Controllers.AlertasController.GetAtivos (HidroRec.Backend)'
2026-03-31 13:22:49.946 -03:00 [INF] HTTP GET /api/alertas/ativos responded 200 in 587.1030 ms
2026-03-31 13:22:49.954 -03:00 [INF] Request finished HTTP/1.1 GET http://localhost:8080/api/alertas/ativos - 200 null application/json; charset=utf-8 602.5219ms
2026-03-31 13:22:58.163 -03:00 [INF] Request starting HTTP/1.1 GET http://localhost:8080/reporte.html - null null
2026-03-31 13:22:58.168 -03:00 [INF] Sending file. Request path: '/reporte.html'. Physical path: 'C:\Users\ACPGROUP\Desktop\HTML PURO\hidrorec\frontend\reporte.html'
2026-03-31 13:22:58.170 -03:00 [INF] HTTP GET /reporte.html responded 200 in 3.7089 ms
2026-03-31 13:22:58.174 -03:00 [INF] Request finished HTTP/1.1 GET http://localhost:8080/reporte.html - 200 7286 text/html 10.656ms
2026-03-31 13:22:58.194 -03:00 [INF] Request starting HTTP/1.1 GET http://localhost:8080/js/reporte.js - null null
2026-03-31 13:22:58.194 -03:00 [INF] Request starting HTTP/1.1 GET http://localhost:8080/css/reporte.css - null null
2026-03-31 13:22:58.202 -03:00 [INF] CORS policy execution successful.
2026-03-31 13:22:58.216 -03:00 [INF] Sending file. Request path: '/css/reporte.css'. Physical path: 'C:\Users\ACPGROUP\Desktop\HTML PURO\hidrorec\frontend\css\reporte.css'
2026-03-31 13:22:58.221 -03:00 [INF] HTTP GET /css/reporte.css responded 200 in 9.4099 ms
2026-03-31 13:22:58.226 -03:00 [INF] Request finished HTTP/1.1 GET http://localhost:8080/css/reporte.css - 200 2475 text/css 31.5142ms
2026-03-31 13:22:58.281 -03:00 [INF] Sending file. Request path: '/js/reporte.js'. Physical path: 'C:\Users\ACPGROUP\Desktop\HTML PURO\hidrorec\frontend\js\reporte.js'
2026-03-31 13:22:58.284 -03:00 [INF] HTTP GET /js/reporte.js responded 200 in 82.6429 ms
2026-03-31 13:22:58.289 -03:00 [INF] Request finished HTTP/1.1 GET http://localhost:8080/js/reporte.js - 200 4018 text/javascript 94.8733ms
2026-03-31 13:27:22.642 -03:00 [INF] Request starting HTTP/1.1 POST http://localhost:8080/api/reportes - application/json 443
2026-03-31 13:27:22.649 -03:00 [INF] CORS policy execution successful.
2026-03-31 13:27:22.652 -03:00 [INF] Executing endpoint 'HidroRec.Backend.Controllers.ReportesController.Create (HidroRec.Backend)'
2026-03-31 13:27:22.664 -03:00 [INF] Route matched with {action = "Create", controller = "Reportes"}. Executing controller action with signature System.Threading.Tasks.Task`1[Microsoft.AspNetCore.Mvc.ActionResult`1[HidroRec.Backend.Application.DTOs.Common.ApiResponse`1[HidroRec.Backend.Application.DTOs.Reportes.ReporteDto]]] Create(HidroRec.Backend.Application.DTOs.Reportes.CreateReporteRequestDto, System.Threading.CancellationToken) on controller HidroRec.Backend.Controllers.ReportesController (HidroRec.Backend).
2026-03-31 13:27:23.795 -03:00 [INF] Reporte "64845b8d-0ac3-4011-a052-4e98d7959428" criado com sucesso
2026-03-31 13:27:23.824 -03:00 [INF] Executing CreatedAtActionResult, writing value of type 'HidroRec.Backend.Application.DTOs.Common.ApiResponse`1[[HidroRec.Backend.Application.DTOs.Reportes.ReporteDto, HidroRec.Backend, Version=1.0.0.0, Culture=neutral, PublicKeyToken=null]]'.
2026-03-31 13:27:23.914 -03:00 [INF] Executed action HidroRec.Backend.Controllers.ReportesController.Create (HidroRec.Backend) in 1245.4149ms
2026-03-31 13:27:23.918 -03:00 [INF] Executed endpoint 'HidroRec.Backend.Controllers.ReportesController.Create (HidroRec.Backend)'
2026-03-31 13:27:23.923 -03:00 [INF] HTTP POST /api/reportes responded 201 in 1274.7415 ms
2026-03-31 13:27:23.930 -03:00 [INF] Request finished HTTP/1.1 POST http://localhost:8080/api/reportes - 201 null application/json; charset=utf-8 1288.5346ms
2026-03-31 13:27:27.737 -03:00 [INF] Request starting HTTP/1.1 GET http://localhost:8080/index.html - null null
2026-03-31 13:27:27.744 -03:00 [INF] Sending file. Request path: '/index.html'. Physical path: 'C:\Users\ACPGROUP\Desktop\HTML PURO\hidrorec\frontend\index.html'
2026-03-31 13:27:27.746 -03:00 [INF] HTTP GET /index.html responded 200 in 4.8071 ms
2026-03-31 13:27:27.750 -03:00 [INF] Request finished HTTP/1.1 GET http://localhost:8080/index.html - 200 8301 text/html 12.9237ms
2026-03-31 13:27:27.763 -03:00 [INF] Request starting HTTP/1.1 GET http://localhost:8080/css/dashboard.css - null null
2026-03-31 13:27:27.770 -03:00 [INF] Request starting HTTP/1.1 GET http://localhost:8080/js/app.js - null null
2026-03-31 13:27:27.770 -03:00 [INF] Request starting HTTP/1.1 GET http://localhost:8080/js/api.js - null null
2026-03-31 13:27:27.771 -03:00 [INF] Request starting HTTP/1.1 GET http://localhost:8080/js/utils.js - null null
2026-03-31 13:27:27.772 -03:00 [INF] The file /css/dashboard.css was not modified
2026-03-31 13:27:27.778 -03:00 [INF] CORS policy execution successful.
2026-03-31 13:27:27.785 -03:00 [INF] CORS policy execution successful.
2026-03-31 13:27:27.794 -03:00 [INF] CORS policy execution successful.
2026-03-31 13:27:27.798 -03:00 [INF] HTTP GET /css/dashboard.css responded 304 in 26.7048 ms
2026-03-31 13:27:27.801 -03:00 [INF] The file /js/app.js was not modified
2026-03-31 13:27:27.804 -03:00 [INF] The file /js/api.js was not modified
2026-03-31 13:27:27.806 -03:00 [INF] The file /js/utils.js was not modified
2026-03-31 13:27:27.810 -03:00 [INF] Request finished HTTP/1.1 GET http://localhost:8080/css/dashboard.css - 304 null text/css 47.2274ms
2026-03-31 13:27:27.813 -03:00 [INF] HTTP GET /js/app.js responded 304 in 34.7152 ms
2026-03-31 13:27:27.816 -03:00 [INF] HTTP GET /js/api.js responded 304 in 30.5525 ms
2026-03-31 13:27:27.817 -03:00 [INF] HTTP GET /js/utils.js responded 304 in 23.0201 ms
2026-03-31 13:27:27.826 -03:00 [INF] Request finished HTTP/1.1 GET http://localhost:8080/js/app.js - 304 null text/javascript 56.605ms
2026-03-31 13:27:27.829 -03:00 [INF] Request finished HTTP/1.1 GET http://localhost:8080/js/api.js - 304 null text/javascript 59.0588ms
2026-03-31 13:27:27.833 -03:00 [INF] Request finished HTTP/1.1 GET http://localhost:8080/js/utils.js - 304 null text/javascript 62.1809ms
2026-03-31 13:27:27.838 -03:00 [INF] Request starting HTTP/1.1 GET http://localhost:8080/api/dashboard/resumo - null null
2026-03-31 13:27:27.864 -03:00 [INF] Executing endpoint 'HidroRec.Backend.Controllers.DashboardController.GetResumo (HidroRec.Backend)'
2026-03-31 13:27:27.867 -03:00 [INF] Route matched with {action = "GetResumo", controller = "Dashboard"}. Executing controller action with signature System.Threading.Tasks.Task`1[Microsoft.AspNetCore.Mvc.ActionResult`1[HidroRec.Backend.Application.DTOs.Common.ApiResponse`1[HidroRec.Backend.Application.DTOs.Dashboard.DashboardResumoDto]]] GetResumo(System.Threading.CancellationToken) on controller HidroRec.Backend.Controllers.DashboardController (HidroRec.Backend).
2026-03-31 13:27:27.901 -03:00 [INF] Start processing HTTP request GET https://geoportal.apac.pe.gov.br/server/rest/services/met_volume_acumulado_chuva_municipio_24hs/MapServer/0/query?where=nm_mun%20%3D%20%27Recife%27&outFields=nm_mun,horas_24,ultima_leitura_data_hora&returnGeometry=false&f=json
2026-03-31 13:27:27.905 -03:00 [INF] Sending HTTP request GET https://geoportal.apac.pe.gov.br/server/rest/services/met_volume_acumulado_chuva_municipio_24hs/MapServer/0/query?where=nm_mun%20%3D%20%27Recife%27&outFields=nm_mun,horas_24,ultima_leitura_data_hora&returnGeometry=false&f=json
2026-03-31 13:27:28.053 -03:00 [INF] Received HTTP response headers after 144.3484ms - 200
2026-03-31 13:27:28.058 -03:00 [INF] End processing HTTP request after 156.9121ms - 200
2026-03-31 13:27:28.064 -03:00 [INF] Executing OkObjectResult, writing value of type 'HidroRec.Backend.Application.DTOs.Common.ApiResponse`1[[HidroRec.Backend.Application.DTOs.Dashboard.DashboardResumoDto, HidroRec.Backend, Version=1.0.0.0, Culture=neutral, PublicKeyToken=null]]'.
2026-03-31 13:27:28.073 -03:00 [INF] Executed action HidroRec.Backend.Controllers.DashboardController.GetResumo (HidroRec.Backend) in 200.0336ms
2026-03-31 13:27:28.078 -03:00 [INF] Executed endpoint 'HidroRec.Backend.Controllers.DashboardController.GetResumo (HidroRec.Backend)'
2026-03-31 13:27:28.080 -03:00 [INF] HTTP GET /api/dashboard/resumo responded 200 in 217.0987 ms
2026-03-31 13:27:28.089 -03:00 [INF] Request finished HTTP/1.1 GET http://localhost:8080/api/dashboard/resumo - 200 null application/json; charset=utf-8 251.157ms
2026-03-31 13:27:33.499 -03:00 [INF] Request starting HTTP/1.1 GET http://localhost:8080/api/alertas/ativos - null null
2026-03-31 13:27:33.504 -03:00 [INF] Executing endpoint 'HidroRec.Backend.Controllers.AlertasController.GetAtivos (HidroRec.Backend)'
2026-03-31 13:27:33.506 -03:00 [INF] Route matched with {action = "GetAtivos", controller = "Alertas"}. Executing controller action with signature System.Threading.Tasks.Task`1[Microsoft.AspNetCore.Mvc.ActionResult`1[HidroRec.Backend.Application.DTOs.Common.ApiResponse`1[System.Collections.Generic.IReadOnlyCollection`1[HidroRec.Backend.Application.DTOs.Alertas.AlertaDto]]]] GetAtivos(System.String, System.Threading.CancellationToken) on controller HidroRec.Backend.Controllers.AlertasController (HidroRec.Backend).
2026-03-31 13:27:33.525 -03:00 [INF] Executing OkObjectResult, writing value of type 'HidroRec.Backend.Application.DTOs.Common.ApiResponse`1[[System.Collections.Generic.IReadOnlyCollection`1[[HidroRec.Backend.Application.DTOs.Alertas.AlertaDto, HidroRec.Backend, Version=1.0.0.0, Culture=neutral, PublicKeyToken=null]], System.Private.CoreLib, Version=8.0.0.0, Culture=neutral, PublicKeyToken=7cec85d7bea7798e]]'.
2026-03-31 13:27:33.530 -03:00 [INF] Executed action HidroRec.Backend.Controllers.AlertasController.GetAtivos (HidroRec.Backend) in 20.5317ms
2026-03-31 13:27:33.535 -03:00 [INF] Executed endpoint 'HidroRec.Backend.Controllers.AlertasController.GetAtivos (HidroRec.Backend)'
2026-03-31 13:27:33.540 -03:00 [INF] HTTP GET /api/alertas/ativos responded 200 in 35.9666 ms
2026-03-31 13:27:33.549 -03:00 [INF] Request finished HTTP/1.1 GET http://localhost:8080/api/alertas/ativos - 200 null application/json; charset=utf-8 49.6023ms
2026-03-31 13:27:42.448 -03:00 [INF] Request starting HTTP/1.1 GET http://localhost:8080/previsoes.html - null null
2026-03-31 13:27:42.452 -03:00 [INF] The file /previsoes.html was not modified
2026-03-31 13:27:42.453 -03:00 [INF] HTTP GET /previsoes.html responded 304 in 1.8640 ms
2026-03-31 13:27:42.456 -03:00 [INF] Request finished HTTP/1.1 GET http://localhost:8080/previsoes.html - 304 null text/html 7.6348ms
2026-03-31 13:27:42.479 -03:00 [INF] Request starting HTTP/1.1 GET http://localhost:8080/api/previsoes - null null
2026-03-31 13:27:42.485 -03:00 [INF] Executing endpoint 'HidroRec.Backend.Controllers.PrevisoesController.GetResumo (HidroRec.Backend)'
2026-03-31 13:27:42.488 -03:00 [INF] Route matched with {action = "GetResumo", controller = "Previsoes"}. Executing controller action with signature System.Threading.Tasks.Task`1[Microsoft.AspNetCore.Mvc.ActionResult`1[HidroRec.Backend.Application.DTOs.Common.ApiResponse`1[HidroRec.Backend.Application.DTOs.Previsoes.PrevisaoResumoDto]]] GetResumo(System.Threading.CancellationToken) on controller HidroRec.Backend.Controllers.PrevisoesController (HidroRec.Backend).
2026-03-31 13:27:42.498 -03:00 [INF] Start processing HTTP request GET https://geoportal.apac.pe.gov.br/server/rest/services/met_volume_acumulado_chuva_municipio_24hs/MapServer/0/query?where=nm_mun%20%3D%20%27Recife%27&outFields=nm_mun,horas_24,ultima_leitura_data_hora&returnGeometry=false&f=json
2026-03-31 13:27:42.502 -03:00 [INF] Sending HTTP request GET https://geoportal.apac.pe.gov.br/server/rest/services/met_volume_acumulado_chuva_municipio_24hs/MapServer/0/query?where=nm_mun%20%3D%20%27Recife%27&outFields=nm_mun,horas_24,ultima_leitura_data_hora&returnGeometry=false&f=json
2026-03-31 13:27:42.571 -03:00 [INF] Received HTTP response headers after 63.2951ms - 200
2026-03-31 13:27:42.575 -03:00 [INF] End processing HTTP request after 76.4005ms - 200
2026-03-31 13:27:42.580 -03:00 [INF] Executing OkObjectResult, writing value of type 'HidroRec.Backend.Application.DTOs.Common.ApiResponse`1[[HidroRec.Backend.Application.DTOs.Previsoes.PrevisaoResumoDto, HidroRec.Backend, Version=1.0.0.0, Culture=neutral, PublicKeyToken=null]]'.
2026-03-31 13:27:42.585 -03:00 [INF] Executed action HidroRec.Backend.Controllers.PrevisoesController.GetResumo (HidroRec.Backend) in 90.3427ms
2026-03-31 13:27:42.588 -03:00 [INF] Executed endpoint 'HidroRec.Backend.Controllers.PrevisoesController.GetResumo (HidroRec.Backend)'
2026-03-31 13:27:42.592 -03:00 [INF] HTTP GET /api/previsoes responded 200 in 106.4998 ms
2026-03-31 13:27:42.599 -03:00 [INF] Request finished HTTP/1.1 GET http://localhost:8080/api/previsoes - 200 null application/json; charset=utf-8 118.643ms
2026-03-31 13:27:44.220 -03:00 [INF] Request starting HTTP/1.1 GET http://localhost:8080/api/dashboard/resumo - null null
2026-03-31 13:27:44.224 -03:00 [INF] Executing endpoint 'HidroRec.Backend.Controllers.DashboardController.GetResumo (HidroRec.Backend)'
2026-03-31 13:27:44.227 -03:00 [INF] Route matched with {action = "GetResumo", controller = "Dashboard"}. Executing controller action with signature System.Threading.Tasks.Task`1[Microsoft.AspNetCore.Mvc.ActionResult`1[HidroRec.Backend.Application.DTOs.Common.ApiResponse`1[HidroRec.Backend.Application.DTOs.Dashboard.DashboardResumoDto]]] GetResumo(System.Threading.CancellationToken) on controller HidroRec.Backend.Controllers.DashboardController (HidroRec.Backend).
2026-03-31 13:27:44.248 -03:00 [INF] Start processing HTTP request GET https://geoportal.apac.pe.gov.br/server/rest/services/met_volume_acumulado_chuva_municipio_24hs/MapServer/0/query?where=nm_mun%20%3D%20%27Recife%27&outFields=nm_mun,horas_24,ultima_leitura_data_hora&returnGeometry=false&f=json
2026-03-31 13:27:44.253 -03:00 [INF] Sending HTTP request GET https://geoportal.apac.pe.gov.br/server/rest/services/met_volume_acumulado_chuva_municipio_24hs/MapServer/0/query?where=nm_mun%20%3D%20%27Recife%27&outFields=nm_mun,horas_24,ultima_leitura_data_hora&returnGeometry=false&f=json
2026-03-31 13:27:44.310 -03:00 [INF] Received HTTP response headers after 53.0955ms - 200
2026-03-31 13:27:44.313 -03:00 [INF] End processing HTTP request after 65.6424ms - 200
2026-03-31 13:27:44.318 -03:00 [INF] Executing OkObjectResult, writing value of type 'HidroRec.Backend.Application.DTOs.Common.ApiResponse`1[[HidroRec.Backend.Application.DTOs.Dashboard.DashboardResumoDto, HidroRec.Backend, Version=1.0.0.0, Culture=neutral, PublicKeyToken=null]]'.
2026-03-31 13:27:44.323 -03:00 [INF] Executed action HidroRec.Backend.Controllers.DashboardController.GetResumo (HidroRec.Backend) in 93.978ms
2026-03-31 13:27:44.328 -03:00 [INF] Executed endpoint 'HidroRec.Backend.Controllers.DashboardController.GetResumo (HidroRec.Backend)'
2026-03-31 13:27:44.332 -03:00 [INF] HTTP GET /api/dashboard/resumo responded 200 in 108.1606 ms
2026-03-31 13:27:44.339 -03:00 [INF] Request finished HTTP/1.1 GET http://localhost:8080/api/dashboard/resumo - 200 null application/json; charset=utf-8 118.9968ms
2026-03-31 13:28:34.391 -03:00 [INF] Request starting HTTP/1.1 GET http://localhost:8080/admin.html - null null
2026-03-31 13:28:34.397 -03:00 [INF] Sending file. Request path: '/admin.html'. Physical path: 'C:\Users\ACPGROUP\Desktop\HTML PURO\hidrorec\frontend\admin.html'
2026-03-31 13:28:34.399 -03:00 [INF] HTTP GET /admin.html responded 200 in 3.5394 ms
2026-03-31 13:28:34.404 -03:00 [INF] Request finished HTTP/1.1 GET http://localhost:8080/admin.html - 200 6664 text/html 12.9325ms
2026-03-31 13:28:34.418 -03:00 [INF] Request starting HTTP/1.1 GET http://localhost:8080/css/admin.css - null null
2026-03-31 13:28:34.421 -03:00 [INF] Request starting HTTP/1.1 GET http://localhost:8080/js/admin.js - null null
2026-03-31 13:28:34.428 -03:00 [INF] CORS policy execution successful.
2026-03-31 13:28:34.453 -03:00 [INF] Sending file. Request path: '/css/admin.css'. Physical path: 'C:\Users\ACPGROUP\Desktop\HTML PURO\hidrorec\frontend\css\admin.css'
2026-03-31 13:28:34.456 -03:00 [INF] HTTP GET /css/admin.css responded 200 in 33.6781 ms
2026-03-31 13:28:34.462 -03:00 [INF] Request finished HTTP/1.1 GET http://localhost:8080/css/admin.css - 200 2339 text/css 43.9987ms
2026-03-31 13:28:34.502 -03:00 [INF] Sending file. Request path: '/js/admin.js'. Physical path: 'C:\Users\ACPGROUP\Desktop\HTML PURO\hidrorec\frontend\js\admin.js'
2026-03-31 13:28:34.506 -03:00 [INF] HTTP GET /js/admin.js responded 200 in 78.4532 ms
2026-03-31 13:28:34.514 -03:00 [INF] Request finished HTTP/1.1 GET http://localhost:8080/js/admin.js - 200 7192 text/javascript 92.9165ms
2026-03-31 13:28:40.391 -03:00 [INF] Request starting HTTP/1.1 GET http://localhost:8080/acesso.html - null null
2026-03-31 13:28:40.398 -03:00 [INF] Sending file. Request path: '/acesso.html'. Physical path: 'C:\Users\ACPGROUP\Desktop\HTML PURO\hidrorec\frontend\acesso.html'
2026-03-31 13:28:40.405 -03:00 [INF] HTTP GET /acesso.html responded 200 in 9.1725 ms
2026-03-31 13:28:40.409 -03:00 [INF] Request finished HTTP/1.1 GET http://localhost:8080/acesso.html - 200 7717 text/html 18.4587ms
2026-03-31 13:28:40.419 -03:00 [INF] Request starting HTTP/1.1 GET http://localhost:8080/css/acesso.css - null null
2026-03-31 13:28:40.424 -03:00 [INF] Request starting HTTP/1.1 GET http://localhost:8080/js/acesso.js - null null
2026-03-31 13:28:40.431 -03:00 [INF] CORS policy execution successful.
2026-03-31 13:28:40.451 -03:00 [INF] Sending file. Request path: '/css/acesso.css'. Physical path: 'C:\Users\ACPGROUP\Desktop\HTML PURO\hidrorec\frontend\css\acesso.css'
2026-03-31 13:28:40.455 -03:00 [INF] HTTP GET /css/acesso.css responded 200 in 30.3118 ms
2026-03-31 13:28:40.460 -03:00 [INF] Request finished HTTP/1.1 GET http://localhost:8080/css/acesso.css - 200 2038 text/css 40.4618ms
2026-03-31 13:28:40.522 -03:00 [INF] Sending file. Request path: '/js/acesso.js'. Physical path: 'C:\Users\ACPGROUP\Desktop\HTML PURO\hidrorec\frontend\js\acesso.js'
2026-03-31 13:28:40.526 -03:00 [INF] HTTP GET /js/acesso.js responded 200 in 95.3877 ms
2026-03-31 13:28:40.533 -03:00 [INF] Request finished HTTP/1.1 GET http://localhost:8080/js/acesso.js - 200 3472 text/javascript 109.0474ms
2026-03-31 13:28:46.566 -03:00 [INF] Request starting HTTP/1.1 POST http://localhost:8080/api/auth/login - application/json 56
2026-03-31 13:28:46.570 -03:00 [INF] CORS policy execution successful.
2026-03-31 13:28:46.602 -03:00 [INF] Executing endpoint 'HidroRec.Backend.Controllers.AuthController.Login (HidroRec.Backend)'
2026-03-31 13:28:46.615 -03:00 [INF] Route matched with {action = "Login", controller = "Auth"}. Executing controller action with signature System.Threading.Tasks.Task`1[Microsoft.AspNetCore.Mvc.ActionResult`1[HidroRec.Backend.Application.DTOs.Common.ApiResponse`1[HidroRec.Backend.Application.DTOs.Auth.AuthResponseDto]]] Login(HidroRec.Backend.Application.DTOs.Auth.LoginRequestDto, System.Threading.CancellationToken) on controller HidroRec.Backend.Controllers.AuthController (HidroRec.Backend).
2026-03-31 13:28:46.914 -03:00 [INF] Executing OkObjectResult, writing value of type 'HidroRec.Backend.Application.DTOs.Common.ApiResponse`1[[HidroRec.Backend.Application.DTOs.Auth.AuthResponseDto, HidroRec.Backend, Version=1.0.0.0, Culture=neutral, PublicKeyToken=null]]'.
2026-03-31 13:28:46.923 -03:00 [INF] Executed action HidroRec.Backend.Controllers.AuthController.Login (HidroRec.Backend) in 300.9944ms
2026-03-31 13:28:46.927 -03:00 [INF] Executed endpoint 'HidroRec.Backend.Controllers.AuthController.Login (HidroRec.Backend)'
2026-03-31 13:28:46.932 -03:00 [INF] HTTP POST /api/auth/login responded 200 in 362.7278 ms
2026-03-31 13:28:46.938 -03:00 [INF] Request finished HTTP/1.1 POST http://localhost:8080/api/auth/login - 200 null application/json; charset=utf-8 371.3848ms
2026-03-31 13:28:47.695 -03:00 [INF] Request starting HTTP/1.1 GET http://localhost:8080/api/auth/me - null null
2026-03-31 13:28:47.788 -03:00 [INF] Executing endpoint 'HidroRec.Backend.Controllers.AuthController.Me (HidroRec.Backend)'
2026-03-31 13:28:47.800 -03:00 [INF] Route matched with {action = "Me", controller = "Auth"}. Executing controller action with signature System.Threading.Tasks.Task`1[Microsoft.AspNetCore.Mvc.ActionResult`1[HidroRec.Backend.Application.DTOs.Common.ApiResponse`1[HidroRec.Backend.Application.DTOs.Auth.UsuarioResumoDto]]] Me(System.Threading.CancellationToken) on controller HidroRec.Backend.Controllers.AuthController (HidroRec.Backend).
2026-03-31 13:28:47.842 -03:00 [INF] Executing OkObjectResult, writing value of type 'HidroRec.Backend.Application.DTOs.Common.ApiResponse`1[[HidroRec.Backend.Application.DTOs.Auth.UsuarioResumoDto, HidroRec.Backend, Version=1.0.0.0, Culture=neutral, PublicKeyToken=null]]'.
2026-03-31 13:28:47.850 -03:00 [INF] Executed action HidroRec.Backend.Controllers.AuthController.Me (HidroRec.Backend) in 43.1464ms
2026-03-31 13:28:47.853 -03:00 [INF] Executed endpoint 'HidroRec.Backend.Controllers.AuthController.Me (HidroRec.Backend)'
2026-03-31 13:28:47.857 -03:00 [INF] HTTP GET /api/auth/me responded 200 in 156.5532 ms
2026-03-31 13:28:47.863 -03:00 [INF] Request finished HTTP/1.1 GET http://localhost:8080/api/auth/me - 200 null application/json; charset=utf-8 167.2479ms
2026-03-31 13:28:47.866 -03:00 [INF] Request starting HTTP/1.1 GET http://localhost:8080/api/admin/reportes - null null
2026-03-31 13:28:47.870 -03:00 [INF] Request starting HTTP/1.1 GET http://localhost:8080/api/admin/metricas - null null
2026-03-31 13:28:47.882 -03:00 [INF] Request starting HTTP/1.1 GET http://localhost:8080/api/admin/logs - null null
2026-03-31 13:28:47.882 -03:00 [INF] Request starting HTTP/1.1 GET http://localhost:8080/api/admin/auditoria - null null
2026-03-31 13:28:47.882 -03:00 [INF] Executing endpoint 'HidroRec.Backend.Controllers.AdminController.GetReportes (HidroRec.Backend)'
2026-03-31 13:28:47.886 -03:00 [INF] Executing endpoint 'HidroRec.Backend.Controllers.AdminController.GetMetricas (HidroRec.Backend)'
2026-03-31 13:28:47.891 -03:00 [INF] Executing endpoint 'HidroRec.Backend.Controllers.AdminController.GetLogs (HidroRec.Backend)'
2026-03-31 13:28:47.902 -03:00 [INF] Executing endpoint 'HidroRec.Backend.Controllers.AdminController.GetAuditoria (HidroRec.Backend)'
2026-03-31 13:28:47.914 -03:00 [INF] Route matched with {action = "GetReportes", controller = "Admin"}. Executing controller action with signature System.Threading.Tasks.Task`1[Microsoft.AspNetCore.Mvc.ActionResult`1[HidroRec.Backend.Application.DTOs.Common.ApiResponse`1[HidroRec.Backend.Application.DTOs.Common.PagedResultDto`1[HidroRec.Backend.Application.DTOs.Reportes.ReporteAdminItemDto]]]] GetReportes(Int32, Int32, System.String, System.String, System.Threading.CancellationToken) on controller HidroRec.Backend.Controllers.AdminController (HidroRec.Backend).
2026-03-31 13:28:47.919 -03:00 [INF] Route matched with {action = "GetMetricas", controller = "Admin"}. Executing controller action with signature System.Threading.Tasks.Task`1[Microsoft.AspNetCore.Mvc.ActionResult`1[HidroRec.Backend.Application.DTOs.Common.ApiResponse`1[HidroRec.Backend.Application.DTOs.Admin.AdminMetricasDto]]] GetMetricas(System.Threading.CancellationToken) on controller HidroRec.Backend.Controllers.AdminController (HidroRec.Backend).
2026-03-31 13:28:47.923 -03:00 [INF] Route matched with {action = "GetLogs", controller = "Admin"}. Executing controller action with signature System.Threading.Tasks.Task`1[Microsoft.AspNetCore.Mvc.ActionResult`1[HidroRec.Backend.Application.DTOs.Common.ApiResponse`1[System.Collections.Generic.IReadOnlyCollection`1[HidroRec.Backend.Application.DTOs.Admin.LogSistemaDto]]]] GetLogs(System.Threading.CancellationToken) on controller HidroRec.Backend.Controllers.AdminController (HidroRec.Backend).
2026-03-31 13:28:47.926 -03:00 [INF] Route matched with {action = "GetAuditoria", controller = "Admin"}. Executing controller action with signature System.Threading.Tasks.Task`1[Microsoft.AspNetCore.Mvc.ActionResult`1[HidroRec.Backend.Application.DTOs.Common.ApiResponse`1[System.Collections.Generic.IReadOnlyCollection`1[HidroRec.Backend.Application.DTOs.Admin.AuditoriaDto]]]] GetAuditoria(System.Threading.CancellationToken) on controller HidroRec.Backend.Controllers.AdminController (HidroRec.Backend).
2026-03-31 13:28:47.992 -03:00 [INF] Executing OkObjectResult, writing value of type 'HidroRec.Backend.Application.DTOs.Common.ApiResponse`1[[System.Collections.Generic.IReadOnlyCollection`1[[HidroRec.Backend.Application.DTOs.Admin.AuditoriaDto, HidroRec.Backend, Version=1.0.0.0, Culture=neutral, PublicKeyToken=null]], System.Private.CoreLib, Version=8.0.0.0, Culture=neutral, PublicKeyToken=7cec85d7bea7798e]]'.
2026-03-31 13:28:48.002 -03:00 [INF] Executed action HidroRec.Backend.Controllers.AdminController.GetAuditoria (HidroRec.Backend) in 61.6831ms
2026-03-31 13:28:48.005 -03:00 [INF] Executed endpoint 'HidroRec.Backend.Controllers.AdminController.GetAuditoria (HidroRec.Backend)'
2026-03-31 13:28:48.008 -03:00 [INF] HTTP GET /api/admin/auditoria responded 200 in 108.2634 ms
2026-03-31 13:28:48.014 -03:00 [INF] Request finished HTTP/1.1 GET http://localhost:8080/api/admin/auditoria - 200 null application/json; charset=utf-8 131.9012ms
2026-03-31 13:28:48.016 -03:00 [INF] Executing OkObjectResult, writing value of type 'HidroRec.Backend.Application.DTOs.Common.ApiResponse`1[[System.Collections.Generic.IReadOnlyCollection`1[[HidroRec.Backend.Application.DTOs.Admin.LogSistemaDto, HidroRec.Backend, Version=1.0.0.0, Culture=neutral, PublicKeyToken=null]], System.Private.CoreLib, Version=8.0.0.0, Culture=neutral, PublicKeyToken=7cec85d7bea7798e]]'.
2026-03-31 13:28:48.033 -03:00 [INF] Executed action HidroRec.Backend.Controllers.AdminController.GetLogs (HidroRec.Backend) in 97.1935ms
2026-03-31 13:28:48.035 -03:00 [INF] Executed endpoint 'HidroRec.Backend.Controllers.AdminController.GetLogs (HidroRec.Backend)'
2026-03-31 13:28:48.038 -03:00 [INF] HTTP GET /api/admin/logs responded 200 in 147.7839 ms
2026-03-31 13:28:48.043 -03:00 [INF] Executing OkObjectResult, writing value of type 'HidroRec.Backend.Application.DTOs.Common.ApiResponse`1[[HidroRec.Backend.Application.DTOs.Common.PagedResultDto`1[[HidroRec.Backend.Application.DTOs.Reportes.ReporteAdminItemDto, HidroRec.Backend, Version=1.0.0.0, Culture=neutral, PublicKeyToken=null]], HidroRec.Backend, Version=1.0.0.0, Culture=neutral, PublicKeyToken=null]]'.
2026-03-31 13:28:48.044 -03:00 [INF] Request finished HTTP/1.1 GET http://localhost:8080/api/admin/logs - 200 null application/json; charset=utf-8 161.5317ms
2026-03-31 13:28:48.050 -03:00 [INF] Executing OkObjectResult, writing value of type 'HidroRec.Backend.Application.DTOs.Common.ApiResponse`1[[HidroRec.Backend.Application.DTOs.Admin.AdminMetricasDto, HidroRec.Backend, Version=1.0.0.0, Culture=neutral, PublicKeyToken=null]]'.
2026-03-31 13:28:48.058 -03:00 [INF] Executed action HidroRec.Backend.Controllers.AdminController.GetReportes (HidroRec.Backend) in 133.7741ms
2026-03-31 13:28:48.062 -03:00 [INF] Executed endpoint 'HidroRec.Backend.Controllers.AdminController.GetReportes (HidroRec.Backend)'
2026-03-31 13:28:48.064 -03:00 [INF] Executed action HidroRec.Backend.Controllers.AdminController.GetMetricas (HidroRec.Backend) in 132.8942ms
2026-03-31 13:28:48.065 -03:00 [INF] HTTP GET /api/admin/reportes responded 200 in 189.6973 ms
2026-03-31 13:28:48.068 -03:00 [INF] Executed endpoint 'HidroRec.Backend.Controllers.AdminController.GetMetricas (HidroRec.Backend)'
2026-03-31 13:28:48.073 -03:00 [INF] Request finished HTTP/1.1 GET http://localhost:8080/api/admin/reportes - 200 null application/json; charset=utf-8 206.3357ms
2026-03-31 13:28:48.075 -03:00 [INF] HTTP GET /api/admin/metricas responded 200 in 192.6590 ms
2026-03-31 13:28:48.087 -03:00 [INF] Request finished HTTP/1.1 GET http://localhost:8080/api/admin/metricas - 200 null application/json; charset=utf-8 217.4852ms
2026-03-31 13:29:58.605 -03:00 [INF] Request starting HTTP/1.1 GET http://localhost:8080/conta.html - null null
2026-03-31 13:29:58.610 -03:00 [INF] Sending file. Request path: '/conta.html'. Physical path: 'C:\Users\ACPGROUP\Desktop\HTML PURO\hidrorec\frontend\conta.html'
2026-03-31 13:29:58.612 -03:00 [INF] HTTP GET /conta.html responded 200 in 3.6308 ms
2026-03-31 13:29:58.618 -03:00 [INF] Request finished HTTP/1.1 GET http://localhost:8080/conta.html - 200 6653 text/html 13.6143ms
2026-03-31 13:29:58.633 -03:00 [INF] Request starting HTTP/1.1 GET http://localhost:8080/css/conta.css - null null
2026-03-31 13:29:58.642 -03:00 [INF] Request starting HTTP/1.1 GET http://localhost:8080/js/conta.js - null null
2026-03-31 13:29:58.644 -03:00 [INF] Sending file. Request path: '/css/conta.css'. Physical path: 'C:\Users\ACPGROUP\Desktop\HTML PURO\hidrorec\frontend\css\conta.css'
2026-03-31 13:29:58.651 -03:00 [INF] CORS policy execution successful.
2026-03-31 13:29:58.654 -03:00 [INF] HTTP GET /css/conta.css responded 200 in 13.6302 ms
2026-03-31 13:29:58.657 -03:00 [INF] Sending file. Request path: '/js/conta.js'. Physical path: 'C:\Users\ACPGROUP\Desktop\HTML PURO\hidrorec\frontend\js\conta.js'
2026-03-31 13:29:58.663 -03:00 [INF] HTTP GET /js/conta.js responded 200 in 12.4307 ms
2026-03-31 13:29:58.660 -03:00 [INF] Request finished HTTP/1.1 GET http://localhost:8080/css/conta.css - 200 1100 text/css 27.3077ms
2026-03-31 13:29:58.665 -03:00 [INF] Request finished HTTP/1.1 GET http://localhost:8080/js/conta.js - 200 4552 text/javascript 22.9868ms
2026-03-31 13:29:58.675 -03:00 [INF] Request starting HTTP/1.1 GET http://localhost:8080/api/auth/me - null null
2026-03-31 13:29:58.692 -03:00 [INF] Executing endpoint 'HidroRec.Backend.Controllers.AuthController.Me (HidroRec.Backend)'
2026-03-31 13:29:58.695 -03:00 [INF] Route matched with {action = "Me", controller = "Auth"}. Executing controller action with signature System.Threading.Tasks.Task`1[Microsoft.AspNetCore.Mvc.ActionResult`1[HidroRec.Backend.Application.DTOs.Common.ApiResponse`1[HidroRec.Backend.Application.DTOs.Auth.UsuarioResumoDto]]] Me(System.Threading.CancellationToken) on controller HidroRec.Backend.Controllers.AuthController (HidroRec.Backend).
2026-03-31 13:29:58.716 -03:00 [INF] Executing OkObjectResult, writing value of type 'HidroRec.Backend.Application.DTOs.Common.ApiResponse`1[[HidroRec.Backend.Application.DTOs.Auth.UsuarioResumoDto, HidroRec.Backend, Version=1.0.0.0, Culture=neutral, PublicKeyToken=null]]'.
2026-03-31 13:29:58.720 -03:00 [INF] Executed action HidroRec.Backend.Controllers.AuthController.Me (HidroRec.Backend) in 16.6048ms
2026-03-31 13:29:58.724 -03:00 [INF] Executed endpoint 'HidroRec.Backend.Controllers.AuthController.Me (HidroRec.Backend)'
2026-03-31 13:29:58.727 -03:00 [INF] HTTP GET /api/auth/me responded 200 in 36.9041 ms
2026-03-31 13:29:58.732 -03:00 [INF] Request finished HTTP/1.1 GET http://localhost:8080/api/auth/me - 200 null application/json; charset=utf-8 57.2476ms
2026-03-31 13:29:58.743 -03:00 [INF] Request starting HTTP/1.1 GET http://localhost:8080/api/usuarios/me/reportes?page=1&pageSize=6 - null null
2026-03-31 13:29:58.750 -03:00 [INF] Executing endpoint 'HidroRec.Backend.Controllers.UsuariosController.GetOwnReportes (HidroRec.Backend)'
2026-03-31 13:29:58.766 -03:00 [INF] Route matched with {action = "GetOwnReportes", controller = "Usuarios"}. Executing controller action with signature System.Threading.Tasks.Task`1[Microsoft.AspNetCore.Mvc.ActionResult`1[HidroRec.Backend.Application.DTOs.Common.ApiResponse`1[HidroRec.Backend.Application.DTOs.Common.PagedResultDto`1[HidroRec.Backend.Application.DTOs.Reportes.ReporteAdminItemDto]]]] GetOwnReportes(Int32, Int32, System.Threading.CancellationToken) on controller HidroRec.Backend.Controllers.UsuariosController (HidroRec.Backend).
2026-03-31 13:29:58.846 -03:00 [INF] Executing OkObjectResult, writing value of type 'HidroRec.Backend.Application.DTOs.Common.ApiResponse`1[[HidroRec.Backend.Application.DTOs.Common.PagedResultDto`1[[HidroRec.Backend.Application.DTOs.Reportes.ReporteAdminItemDto, HidroRec.Backend, Version=1.0.0.0, Culture=neutral, PublicKeyToken=null]], HidroRec.Backend, Version=1.0.0.0, Culture=neutral, PublicKeyToken=null]]'.
2026-03-31 13:29:58.851 -03:00 [INF] Executed action HidroRec.Backend.Controllers.UsuariosController.GetOwnReportes (HidroRec.Backend) in 77.6023ms
2026-03-31 13:29:58.855 -03:00 [INF] Executed endpoint 'HidroRec.Backend.Controllers.UsuariosController.GetOwnReportes (HidroRec.Backend)'
2026-03-31 13:29:58.858 -03:00 [INF] HTTP GET /api/usuarios/me/reportes responded 200 in 108.7353 ms
2026-03-31 13:29:58.864 -03:00 [INF] Request finished HTTP/1.1 GET http://localhost:8080/api/usuarios/me/reportes?page=1&pageSize=6 - 200 null application/json; charset=utf-8 120.9593ms
2026-03-31 13:30:07.726 -03:00 [INF] Request starting HTTP/1.1 GET http://localhost:8080/index.html - null null
2026-03-31 13:30:07.733 -03:00 [INF] The file /index.html was not modified
2026-03-31 13:30:07.735 -03:00 [INF] HTTP GET /index.html responded 304 in 3.5087 ms
2026-03-31 13:30:07.741 -03:00 [INF] Request finished HTTP/1.1 GET http://localhost:8080/index.html - 304 null text/html 15.3011ms
2026-03-31 13:30:07.762 -03:00 [INF] Request starting HTTP/1.1 GET http://localhost:8080/css/dashboard.css - null null
2026-03-31 13:30:07.769 -03:00 [INF] The file /css/dashboard.css was not modified
2026-03-31 13:30:07.776 -03:00 [INF] HTTP GET /css/dashboard.css responded 304 in 8.4395 ms
2026-03-31 13:30:07.783 -03:00 [INF] Request finished HTTP/1.1 GET http://localhost:8080/css/dashboard.css - 304 null text/css 20.8815ms
2026-03-31 13:30:07.788 -03:00 [INF] Request starting HTTP/1.1 GET http://localhost:8080/api/auth/me - null null
2026-03-31 13:30:07.799 -03:00 [INF] Executing endpoint 'HidroRec.Backend.Controllers.AuthController.Me (HidroRec.Backend)'
2026-03-31 13:30:07.802 -03:00 [INF] Route matched with {action = "Me", controller = "Auth"}. Executing controller action with signature System.Threading.Tasks.Task`1[Microsoft.AspNetCore.Mvc.ActionResult`1[HidroRec.Backend.Application.DTOs.Common.ApiResponse`1[HidroRec.Backend.Application.DTOs.Auth.UsuarioResumoDto]]] Me(System.Threading.CancellationToken) on controller HidroRec.Backend.Controllers.AuthController (HidroRec.Backend).
2026-03-31 13:30:07.814 -03:00 [INF] Executing OkObjectResult, writing value of type 'HidroRec.Backend.Application.DTOs.Common.ApiResponse`1[[HidroRec.Backend.Application.DTOs.Auth.UsuarioResumoDto, HidroRec.Backend, Version=1.0.0.0, Culture=neutral, PublicKeyToken=null]]'.
2026-03-31 13:30:07.818 -03:00 [INF] Executed action HidroRec.Backend.Controllers.AuthController.Me (HidroRec.Backend) in 10.1433ms
2026-03-31 13:30:07.823 -03:00 [INF] Executed endpoint 'HidroRec.Backend.Controllers.AuthController.Me (HidroRec.Backend)'
2026-03-31 13:30:07.826 -03:00 [INF] HTTP GET /api/auth/me responded 200 in 28.4164 ms
2026-03-31 13:30:07.833 -03:00 [INF] Request finished HTTP/1.1 GET http://localhost:8080/api/auth/me - 200 null application/json; charset=utf-8 44.718ms
2026-03-31 13:30:07.845 -03:00 [INF] Request starting HTTP/1.1 GET http://localhost:8080/api/dashboard/resumo - null null
2026-03-31 13:30:07.851 -03:00 [INF] Executing endpoint 'HidroRec.Backend.Controllers.DashboardController.GetResumo (HidroRec.Backend)'
2026-03-31 13:30:07.854 -03:00 [INF] Route matched with {action = "GetResumo", controller = "Dashboard"}. Executing controller action with signature System.Threading.Tasks.Task`1[Microsoft.AspNetCore.Mvc.ActionResult`1[HidroRec.Backend.Application.DTOs.Common.ApiResponse`1[HidroRec.Backend.Application.DTOs.Dashboard.DashboardResumoDto]]] GetResumo(System.Threading.CancellationToken) on controller HidroRec.Backend.Controllers.DashboardController (HidroRec.Backend).
2026-03-31 13:30:07.878 -03:00 [INF] Start processing HTTP request GET https://geoportal.apac.pe.gov.br/server/rest/services/met_volume_acumulado_chuva_municipio_24hs/MapServer/0/query?where=nm_mun%20%3D%20%27Recife%27&outFields=nm_mun,horas_24,ultima_leitura_data_hora&returnGeometry=false&f=json
2026-03-31 13:30:07.882 -03:00 [INF] Sending HTTP request GET https://geoportal.apac.pe.gov.br/server/rest/services/met_volume_acumulado_chuva_municipio_24hs/MapServer/0/query?where=nm_mun%20%3D%20%27Recife%27&outFields=nm_mun,horas_24,ultima_leitura_data_hora&returnGeometry=false&f=json
2026-03-31 13:30:08.077 -03:00 [INF] Received HTTP response headers after 191.8608ms - 200
2026-03-31 13:30:08.081 -03:00 [INF] End processing HTTP request after 203.1983ms - 200
2026-03-31 13:30:08.086 -03:00 [INF] Executing OkObjectResult, writing value of type 'HidroRec.Backend.Application.DTOs.Common.ApiResponse`1[[HidroRec.Backend.Application.DTOs.Dashboard.DashboardResumoDto, HidroRec.Backend, Version=1.0.0.0, Culture=neutral, PublicKeyToken=null]]'.
2026-03-31 13:30:08.092 -03:00 [INF] Executed action HidroRec.Backend.Controllers.DashboardController.GetResumo (HidroRec.Backend) in 229.0138ms
2026-03-31 13:30:08.094 -03:00 [INF] Executed endpoint 'HidroRec.Backend.Controllers.DashboardController.GetResumo (HidroRec.Backend)'
2026-03-31 13:30:08.096 -03:00 [INF] HTTP GET /api/dashboard/resumo responded 200 in 245.3711 ms
2026-03-31 13:30:08.102 -03:00 [INF] Request finished HTTP/1.1 GET http://localhost:8080/api/dashboard/resumo - 200 null application/json; charset=utf-8 257.2625ms
2026-03-31 13:30:33.498 -03:00 [INF] Request starting HTTP/1.1 GET http://localhost:8080/api/auth/me - null null
2026-03-31 13:30:33.503 -03:00 [INF] Executing endpoint 'HidroRec.Backend.Controllers.AuthController.Me (HidroRec.Backend)'
2026-03-31 13:30:33.504 -03:00 [INF] Route matched with {action = "Me", controller = "Auth"}. Executing controller action with signature System.Threading.Tasks.Task`1[Microsoft.AspNetCore.Mvc.ActionResult`1[HidroRec.Backend.Application.DTOs.Common.ApiResponse`1[HidroRec.Backend.Application.DTOs.Auth.UsuarioResumoDto]]] Me(System.Threading.CancellationToken) on controller HidroRec.Backend.Controllers.AuthController (HidroRec.Backend).
2026-03-31 13:30:33.514 -03:00 [INF] Executing OkObjectResult, writing value of type 'HidroRec.Backend.Application.DTOs.Common.ApiResponse`1[[HidroRec.Backend.Application.DTOs.Auth.UsuarioResumoDto, HidroRec.Backend, Version=1.0.0.0, Culture=neutral, PublicKeyToken=null]]'.
2026-03-31 13:30:33.517 -03:00 [INF] Executed action HidroRec.Backend.Controllers.AuthController.Me (HidroRec.Backend) in 10.0385ms
2026-03-31 13:30:33.519 -03:00 [INF] Executed endpoint 'HidroRec.Backend.Controllers.AuthController.Me (HidroRec.Backend)'
2026-03-31 13:30:33.522 -03:00 [INF] HTTP GET /api/auth/me responded 200 in 19.8510 ms
2026-03-31 13:30:33.530 -03:00 [INF] Request finished HTTP/1.1 GET http://localhost:8080/api/auth/me - 200 null application/json; charset=utf-8 31.6976ms
2026-03-31 13:30:33.534 -03:00 [INF] Request starting HTTP/1.1 GET http://localhost:8080/api/admin/reportes - null null
2026-03-31 13:30:33.534 -03:00 [INF] Request starting HTTP/1.1 GET http://localhost:8080/api/admin/auditoria - null null
2026-03-31 13:30:33.535 -03:00 [INF] Request starting HTTP/1.1 GET http://localhost:8080/api/admin/logs - null null
2026-03-31 13:30:33.535 -03:00 [INF] Request starting HTTP/1.1 GET http://localhost:8080/api/admin/metricas - null null
2026-03-31 13:30:33.540 -03:00 [INF] Executing endpoint 'HidroRec.Backend.Controllers.AdminController.GetReportes (HidroRec.Backend)'
2026-03-31 13:30:33.549 -03:00 [INF] Executing endpoint 'HidroRec.Backend.Controllers.AdminController.GetAuditoria (HidroRec.Backend)'
2026-03-31 13:30:33.557 -03:00 [INF] Executing endpoint 'HidroRec.Backend.Controllers.AdminController.GetLogs (HidroRec.Backend)'
2026-03-31 13:30:33.564 -03:00 [INF] Executing endpoint 'HidroRec.Backend.Controllers.AdminController.GetMetricas (HidroRec.Backend)'
2026-03-31 13:30:33.565 -03:00 [INF] Route matched with {action = "GetReportes", controller = "Admin"}. Executing controller action with signature System.Threading.Tasks.Task`1[Microsoft.AspNetCore.Mvc.ActionResult`1[HidroRec.Backend.Application.DTOs.Common.ApiResponse`1[HidroRec.Backend.Application.DTOs.Common.PagedResultDto`1[HidroRec.Backend.Application.DTOs.Reportes.ReporteAdminItemDto]]]] GetReportes(Int32, Int32, System.String, System.String, System.Threading.CancellationToken) on controller HidroRec.Backend.Controllers.AdminController (HidroRec.Backend).
2026-03-31 13:30:33.568 -03:00 [INF] Route matched with {action = "GetAuditoria", controller = "Admin"}. Executing controller action with signature System.Threading.Tasks.Task`1[Microsoft.AspNetCore.Mvc.ActionResult`1[HidroRec.Backend.Application.DTOs.Common.ApiResponse`1[System.Collections.Generic.IReadOnlyCollection`1[HidroRec.Backend.Application.DTOs.Admin.AuditoriaDto]]]] GetAuditoria(System.Threading.CancellationToken) on controller HidroRec.Backend.Controllers.AdminController (HidroRec.Backend).
2026-03-31 13:30:33.570 -03:00 [INF] Route matched with {action = "GetLogs", controller = "Admin"}. Executing controller action with signature System.Threading.Tasks.Task`1[Microsoft.AspNetCore.Mvc.ActionResult`1[HidroRec.Backend.Application.DTOs.Common.ApiResponse`1[System.Collections.Generic.IReadOnlyCollection`1[HidroRec.Backend.Application.DTOs.Admin.LogSistemaDto]]]] GetLogs(System.Threading.CancellationToken) on controller HidroRec.Backend.Controllers.AdminController (HidroRec.Backend).
2026-03-31 13:30:33.573 -03:00 [INF] Route matched with {action = "GetMetricas", controller = "Admin"}. Executing controller action with signature System.Threading.Tasks.Task`1[Microsoft.AspNetCore.Mvc.ActionResult`1[HidroRec.Backend.Application.DTOs.Common.ApiResponse`1[HidroRec.Backend.Application.DTOs.Admin.AdminMetricasDto]]] GetMetricas(System.Threading.CancellationToken) on controller HidroRec.Backend.Controllers.AdminController (HidroRec.Backend).
2026-03-31 13:30:33.592 -03:00 [INF] Executing OkObjectResult, writing value of type 'HidroRec.Backend.Application.DTOs.Common.ApiResponse`1[[System.Collections.Generic.IReadOnlyCollection`1[[HidroRec.Backend.Application.DTOs.Admin.AuditoriaDto, HidroRec.Backend, Version=1.0.0.0, Culture=neutral, PublicKeyToken=null]], System.Private.CoreLib, Version=8.0.0.0, Culture=neutral, PublicKeyToken=7cec85d7bea7798e]]'.
2026-03-31 13:30:33.592 -03:00 [INF] Executing OkObjectResult, writing value of type 'HidroRec.Backend.Application.DTOs.Common.ApiResponse`1[[HidroRec.Backend.Application.DTOs.Common.PagedResultDto`1[[HidroRec.Backend.Application.DTOs.Reportes.ReporteAdminItemDto, HidroRec.Backend, Version=1.0.0.0, Culture=neutral, PublicKeyToken=null]], HidroRec.Backend, Version=1.0.0.0, Culture=neutral, PublicKeyToken=null]]'.
2026-03-31 13:30:33.595 -03:00 [INF] Executing OkObjectResult, writing value of type 'HidroRec.Backend.Application.DTOs.Common.ApiResponse`1[[System.Collections.Generic.IReadOnlyCollection`1[[HidroRec.Backend.Application.DTOs.Admin.LogSistemaDto, HidroRec.Backend, Version=1.0.0.0, Culture=neutral, PublicKeyToken=null]], System.Private.CoreLib, Version=8.0.0.0, Culture=neutral, PublicKeyToken=7cec85d7bea7798e]]'.
2026-03-31 13:30:33.598 -03:00 [INF] Executed action HidroRec.Backend.Controllers.AdminController.GetAuditoria (HidroRec.Backend) in 13.0273ms
2026-03-31 13:30:33.600 -03:00 [INF] Executed action HidroRec.Backend.Controllers.AdminController.GetReportes (HidroRec.Backend) in 20.6868ms
2026-03-31 13:30:33.603 -03:00 [INF] Executed action HidroRec.Backend.Controllers.AdminController.GetLogs (HidroRec.Backend) in 12.9083ms
2026-03-31 13:30:33.606 -03:00 [INF] Executed endpoint 'HidroRec.Backend.Controllers.AdminController.GetAuditoria (HidroRec.Backend)'
2026-03-31 13:30:33.609 -03:00 [INF] Executed endpoint 'HidroRec.Backend.Controllers.AdminController.GetReportes (HidroRec.Backend)'
2026-03-31 13:30:33.611 -03:00 [INF] Executing OkObjectResult, writing value of type 'HidroRec.Backend.Application.DTOs.Common.ApiResponse`1[[HidroRec.Backend.Application.DTOs.Admin.AdminMetricasDto, HidroRec.Backend, Version=1.0.0.0, Culture=neutral, PublicKeyToken=null]]'.
2026-03-31 13:30:33.613 -03:00 [INF] Executed endpoint 'HidroRec.Backend.Controllers.AdminController.GetLogs (HidroRec.Backend)'
2026-03-31 13:30:33.614 -03:00 [INF] HTTP GET /api/admin/auditoria responded 200 in 66.3455 ms
2026-03-31 13:30:33.618 -03:00 [INF] HTTP GET /api/admin/reportes responded 200 in 78.1163 ms
2026-03-31 13:30:33.622 -03:00 [INF] Executed action HidroRec.Backend.Controllers.AdminController.GetMetricas (HidroRec.Backend) in 28.234ms
2026-03-31 13:30:33.624 -03:00 [INF] HTTP GET /api/admin/logs responded 200 in 67.3994 ms
2026-03-31 13:30:33.629 -03:00 [INF] Request finished HTTP/1.1 GET http://localhost:8080/api/admin/auditoria - 200 null application/json; charset=utf-8 94.9612ms
2026-03-31 13:30:33.634 -03:00 [INF] Request finished HTTP/1.1 GET http://localhost:8080/api/admin/reportes - 200 null application/json; charset=utf-8 100.1054ms
2026-03-31 13:30:33.637 -03:00 [INF] Executed endpoint 'HidroRec.Backend.Controllers.AdminController.GetMetricas (HidroRec.Backend)'
2026-03-31 13:30:33.642 -03:00 [INF] Request finished HTTP/1.1 GET http://localhost:8080/api/admin/logs - 200 null application/json; charset=utf-8 107.4859ms
2026-03-31 13:30:33.661 -03:00 [INF] HTTP GET /api/admin/metricas responded 200 in 98.0173 ms
2026-03-31 13:30:33.676 -03:00 [INF] Request finished HTTP/1.1 GET http://localhost:8080/api/admin/metricas - 200 null application/json; charset=utf-8 140.3606ms
2026-03-31 13:30:36.950 -03:00 [INF] Request starting HTTP/1.1 GET http://localhost:8080/api/auth/me - null null
2026-03-31 13:30:36.955 -03:00 [INF] Executing endpoint 'HidroRec.Backend.Controllers.AuthController.Me (HidroRec.Backend)'
2026-03-31 13:30:36.957 -03:00 [INF] Route matched with {action = "Me", controller = "Auth"}. Executing controller action with signature System.Threading.Tasks.Task`1[Microsoft.AspNetCore.Mvc.ActionResult`1[HidroRec.Backend.Application.DTOs.Common.ApiResponse`1[HidroRec.Backend.Application.DTOs.Auth.UsuarioResumoDto]]] Me(System.Threading.CancellationToken) on controller HidroRec.Backend.Controllers.AuthController (HidroRec.Backend).
2026-03-31 13:30:36.968 -03:00 [INF] Executing OkObjectResult, writing value of type 'HidroRec.Backend.Application.DTOs.Common.ApiResponse`1[[HidroRec.Backend.Application.DTOs.Auth.UsuarioResumoDto, HidroRec.Backend, Version=1.0.0.0, Culture=neutral, PublicKeyToken=null]]'.
2026-03-31 13:30:36.972 -03:00 [INF] Executed action HidroRec.Backend.Controllers.AuthController.Me (HidroRec.Backend) in 11.1669ms
2026-03-31 13:30:36.974 -03:00 [INF] Executed endpoint 'HidroRec.Backend.Controllers.AuthController.Me (HidroRec.Backend)'
2026-03-31 13:30:36.977 -03:00 [INF] HTTP GET /api/auth/me responded 200 in 22.7877 ms
2026-03-31 13:30:36.983 -03:00 [INF] Request finished HTTP/1.1 GET http://localhost:8080/api/auth/me - 200 null application/json; charset=utf-8 32.6666ms
2026-03-31 13:30:36.989 -03:00 [INF] Request starting HTTP/1.1 GET http://localhost:8080/api/dashboard/resumo - null null
2026-03-31 13:30:36.997 -03:00 [INF] Executing endpoint 'HidroRec.Backend.Controllers.DashboardController.GetResumo (HidroRec.Backend)'
2026-03-31 13:30:37.002 -03:00 [INF] Route matched with {action = "GetResumo", controller = "Dashboard"}. Executing controller action with signature System.Threading.Tasks.Task`1[Microsoft.AspNetCore.Mvc.ActionResult`1[HidroRec.Backend.Application.DTOs.Common.ApiResponse`1[HidroRec.Backend.Application.DTOs.Dashboard.DashboardResumoDto]]] GetResumo(System.Threading.CancellationToken) on controller HidroRec.Backend.Controllers.DashboardController (HidroRec.Backend).
2026-03-31 13:30:37.019 -03:00 [INF] Start processing HTTP request GET https://geoportal.apac.pe.gov.br/server/rest/services/met_volume_acumulado_chuva_municipio_24hs/MapServer/0/query?where=nm_mun%20%3D%20%27Recife%27&outFields=nm_mun,horas_24,ultima_leitura_data_hora&returnGeometry=false&f=json
2026-03-31 13:30:37.023 -03:00 [INF] Sending HTTP request GET https://geoportal.apac.pe.gov.br/server/rest/services/met_volume_acumulado_chuva_municipio_24hs/MapServer/0/query?where=nm_mun%20%3D%20%27Recife%27&outFields=nm_mun,horas_24,ultima_leitura_data_hora&returnGeometry=false&f=json
2026-03-31 13:30:37.084 -03:00 [INF] Received HTTP response headers after 56.7053ms - 200
2026-03-31 13:30:37.087 -03:00 [INF] End processing HTTP request after 68.5624ms - 200
2026-03-31 13:30:37.091 -03:00 [INF] Executing OkObjectResult, writing value of type 'HidroRec.Backend.Application.DTOs.Common.ApiResponse`1[[HidroRec.Backend.Application.DTOs.Dashboard.DashboardResumoDto, HidroRec.Backend, Version=1.0.0.0, Culture=neutral, PublicKeyToken=null]]'.
2026-03-31 13:30:37.095 -03:00 [INF] Executed action HidroRec.Backend.Controllers.DashboardController.GetResumo (HidroRec.Backend) in 86.8ms
2026-03-31 13:30:37.099 -03:00 [INF] Executed endpoint 'HidroRec.Backend.Controllers.DashboardController.GetResumo (HidroRec.Backend)'
2026-03-31 13:30:37.102 -03:00 [INF] HTTP GET /api/dashboard/resumo responded 200 in 105.3269 ms
2026-03-31 13:30:37.108 -03:00 [INF] Request finished HTTP/1.1 GET http://localhost:8080/api/dashboard/resumo - 200 null application/json; charset=utf-8 119.0101ms
2026-03-31 13:35:37.560 -03:00 [INF] Request starting HTTP/1.1 GET http://localhost:8080/index.html - null null
2026-03-31 13:35:37.567 -03:00 [INF] Sending file. Request path: '/index.html'. Physical path: 'C:\Users\ACPGROUP\Desktop\HTML PURO\hidrorec\frontend\index.html'
2026-03-31 13:35:37.569 -03:00 [INF] HTTP GET /index.html responded 200 in 5.4127 ms
2026-03-31 13:35:37.575 -03:00 [INF] Request finished HTTP/1.1 GET http://localhost:8080/index.html - 200 9186 text/html 15.3523ms
2026-03-31 13:35:37.593 -03:00 [INF] Request starting HTTP/1.1 GET http://localhost:8080/css/dashboard.css - null null
2026-03-31 13:35:37.596 -03:00 [INF] Request starting HTTP/1.1 GET http://localhost:8080/js/app.js - null null
2026-03-31 13:35:37.597 -03:00 [INF] Request starting HTTP/1.1 GET http://localhost:8080/js/api.js - null null
2026-03-31 13:35:37.597 -03:00 [INF] Request starting HTTP/1.1 GET http://localhost:8080/js/utils.js - null null
2026-03-31 13:35:37.604 -03:00 [INF] Sending file. Request path: '/css/dashboard.css'. Physical path: 'C:\Users\ACPGROUP\Desktop\HTML PURO\hidrorec\frontend\css\dashboard.css'
2026-03-31 13:35:37.606 -03:00 [INF] CORS policy execution successful.
2026-03-31 13:35:37.615 -03:00 [INF] CORS policy execution successful.
2026-03-31 13:35:37.621 -03:00 [INF] CORS policy execution successful.
2026-03-31 13:35:37.623 -03:00 [INF] HTTP GET /css/dashboard.css responded 200 in 20.2766 ms
2026-03-31 13:35:37.625 -03:00 [INF] The file /js/app.js was not modified
2026-03-31 13:35:37.627 -03:00 [INF] The file /js/api.js was not modified
2026-03-31 13:35:37.630 -03:00 [INF] The file /js/utils.js was not modified
2026-03-31 13:35:37.635 -03:00 [INF] Request finished HTTP/1.1 GET http://localhost:8080/css/dashboard.css - 200 4858 text/css 41.8073ms
2026-03-31 13:35:37.637 -03:00 [INF] HTTP GET /js/app.js responded 304 in 30.9352 ms
2026-03-31 13:35:37.638 -03:00 [INF] HTTP GET /js/api.js responded 304 in 23.9572 ms
2026-03-31 13:35:37.641 -03:00 [INF] HTTP GET /js/utils.js responded 304 in 20.4210 ms
2026-03-31 13:35:37.652 -03:00 [INF] Request finished HTTP/1.1 GET http://localhost:8080/js/app.js - 304 null text/javascript 56.1029ms
2026-03-31 13:35:37.656 -03:00 [INF] Request finished HTTP/1.1 GET http://localhost:8080/js/api.js - 304 null text/javascript 59.1264ms
2026-03-31 13:35:37.660 -03:00 [INF] Request finished HTTP/1.1 GET http://localhost:8080/js/utils.js - 304 null text/javascript 63.1388ms
2026-03-31 13:35:37.666 -03:00 [INF] Request starting HTTP/1.1 GET http://localhost:8080/api/auth/me - null null
2026-03-31 13:35:37.687 -03:00 [INF] Executing endpoint 'HidroRec.Backend.Controllers.AuthController.Me (HidroRec.Backend)'
2026-03-31 13:35:37.690 -03:00 [INF] Route matched with {action = "Me", controller = "Auth"}. Executing controller action with signature System.Threading.Tasks.Task`1[Microsoft.AspNetCore.Mvc.ActionResult`1[HidroRec.Backend.Application.DTOs.Common.ApiResponse`1[HidroRec.Backend.Application.DTOs.Auth.UsuarioResumoDto]]] Me(System.Threading.CancellationToken) on controller HidroRec.Backend.Controllers.AuthController (HidroRec.Backend).
2026-03-31 13:35:37.702 -03:00 [INF] Executing OkObjectResult, writing value of type 'HidroRec.Backend.Application.DTOs.Common.ApiResponse`1[[HidroRec.Backend.Application.DTOs.Auth.UsuarioResumoDto, HidroRec.Backend, Version=1.0.0.0, Culture=neutral, PublicKeyToken=null]]'.
2026-03-31 13:35:37.705 -03:00 [INF] Executed action HidroRec.Backend.Controllers.AuthController.Me (HidroRec.Backend) in 10.4564ms
2026-03-31 13:35:37.708 -03:00 [INF] Executed endpoint 'HidroRec.Backend.Controllers.AuthController.Me (HidroRec.Backend)'
2026-03-31 13:35:37.711 -03:00 [INF] HTTP GET /api/auth/me responded 200 in 25.1897 ms
2026-03-31 13:35:37.716 -03:00 [INF] Request finished HTTP/1.1 GET http://localhost:8080/api/auth/me - 200 null application/json; charset=utf-8 50.0217ms
2026-03-31 13:35:37.721 -03:00 [INF] Request starting HTTP/1.1 GET http://localhost:8080/api/dashboard/resumo - null null
2026-03-31 13:35:37.729 -03:00 [INF] Executing endpoint 'HidroRec.Backend.Controllers.DashboardController.GetResumo (HidroRec.Backend)'
2026-03-31 13:35:37.732 -03:00 [INF] Route matched with {action = "GetResumo", controller = "Dashboard"}. Executing controller action with signature System.Threading.Tasks.Task`1[Microsoft.AspNetCore.Mvc.ActionResult`1[HidroRec.Backend.Application.DTOs.Common.ApiResponse`1[HidroRec.Backend.Application.DTOs.Dashboard.DashboardResumoDto]]] GetResumo(System.Threading.CancellationToken) on controller HidroRec.Backend.Controllers.DashboardController (HidroRec.Backend).
2026-03-31 13:35:37.747 -03:00 [INF] Start processing HTTP request GET https://geoportal.apac.pe.gov.br/server/rest/services/met_volume_acumulado_chuva_municipio_24hs/MapServer/0/query?where=nm_mun%20%3D%20%27Recife%27&outFields=nm_mun,horas_24,ultima_leitura_data_hora&returnGeometry=false&f=json
2026-03-31 13:35:37.751 -03:00 [INF] Sending HTTP request GET https://geoportal.apac.pe.gov.br/server/rest/services/met_volume_acumulado_chuva_municipio_24hs/MapServer/0/query?where=nm_mun%20%3D%20%27Recife%27&outFields=nm_mun,horas_24,ultima_leitura_data_hora&returnGeometry=false&f=json
2026-03-31 13:35:37.937 -03:00 [INF] Received HTTP response headers after 184.5475ms - 200
2026-03-31 13:35:37.942 -03:00 [INF] End processing HTTP request after 194.3623ms - 200
2026-03-31 13:35:37.947 -03:00 [INF] Executing OkObjectResult, writing value of type 'HidroRec.Backend.Application.DTOs.Common.ApiResponse`1[[HidroRec.Backend.Application.DTOs.Dashboard.DashboardResumoDto, HidroRec.Backend, Version=1.0.0.0, Culture=neutral, PublicKeyToken=null]]'.
2026-03-31 13:35:37.952 -03:00 [INF] Executed action HidroRec.Backend.Controllers.DashboardController.GetResumo (HidroRec.Backend) in 215.6353ms
2026-03-31 13:35:37.954 -03:00 [INF] Executed endpoint 'HidroRec.Backend.Controllers.DashboardController.GetResumo (HidroRec.Backend)'
2026-03-31 13:35:37.957 -03:00 [INF] HTTP GET /api/dashboard/resumo responded 200 in 228.9363 ms
2026-03-31 13:35:37.963 -03:00 [INF] Request finished HTTP/1.1 GET http://localhost:8080/api/dashboard/resumo - 200 null application/json; charset=utf-8 241.5367ms
2026-03-31 13:38:32.877 -03:00 [INF] Request starting HTTP/1.1 GET http://localhost:8080/index.html - null null
2026-03-31 13:38:32.884 -03:00 [INF] Sending file. Request path: '/index.html'. Physical path: 'C:\Users\ACPGROUP\Desktop\HTML PURO\hidrorec\frontend\index.html'
2026-03-31 13:38:32.896 -03:00 [INF] HTTP GET /index.html responded 200 in 13.2612 ms
2026-03-31 13:38:32.899 -03:00 [INF] Request finished HTTP/1.1 GET http://localhost:8080/index.html - 200 5966 text/html 22.851ms
2026-03-31 13:38:32.909 -03:00 [INF] Request starting HTTP/1.1 GET http://localhost:8080/css/dashboard.css - null null
2026-03-31 13:38:32.916 -03:00 [INF] Sending file. Request path: '/css/dashboard.css'. Physical path: 'C:\Users\ACPGROUP\Desktop\HTML PURO\hidrorec\frontend\css\dashboard.css'
2026-03-31 13:38:32.919 -03:00 [INF] HTTP GET /css/dashboard.css responded 200 in 4.0658 ms
2026-03-31 13:38:32.928 -03:00 [INF] Request finished HTTP/1.1 GET http://localhost:8080/css/dashboard.css - 200 3179 text/css 19.3083ms
2026-03-31 13:38:32.935 -03:00 [INF] Request starting HTTP/1.1 GET http://localhost:8080/api/auth/me - null null
2026-03-31 13:38:32.938 -03:00 [INF] Executing endpoint 'HidroRec.Backend.Controllers.AuthController.Me (HidroRec.Backend)'
2026-03-31 13:38:32.943 -03:00 [INF] Route matched with {action = "Me", controller = "Auth"}. Executing controller action with signature System.Threading.Tasks.Task`1[Microsoft.AspNetCore.Mvc.ActionResult`1[HidroRec.Backend.Application.DTOs.Common.ApiResponse`1[HidroRec.Backend.Application.DTOs.Auth.UsuarioResumoDto]]] Me(System.Threading.CancellationToken) on controller HidroRec.Backend.Controllers.AuthController (HidroRec.Backend).
2026-03-31 13:38:32.954 -03:00 [INF] Executing OkObjectResult, writing value of type 'HidroRec.Backend.Application.DTOs.Common.ApiResponse`1[[HidroRec.Backend.Application.DTOs.Auth.UsuarioResumoDto, HidroRec.Backend, Version=1.0.0.0, Culture=neutral, PublicKeyToken=null]]'.
2026-03-31 13:38:32.961 -03:00 [INF] Executed action HidroRec.Backend.Controllers.AuthController.Me (HidroRec.Backend) in 14.7495ms
2026-03-31 13:38:32.967 -03:00 [INF] Executed endpoint 'HidroRec.Backend.Controllers.AuthController.Me (HidroRec.Backend)'
2026-03-31 13:38:32.969 -03:00 [INF] HTTP GET /api/auth/me responded 200 in 32.1242 ms
2026-03-31 13:38:32.974 -03:00 [INF] Request finished HTTP/1.1 GET http://localhost:8080/api/auth/me - 200 null application/json; charset=utf-8 39.4379ms
2026-03-31 13:38:32.981 -03:00 [INF] Request starting HTTP/1.1 GET http://localhost:8080/api/dashboard/resumo - null null
2026-03-31 13:38:32.986 -03:00 [INF] Executing endpoint 'HidroRec.Backend.Controllers.DashboardController.GetResumo (HidroRec.Backend)'
2026-03-31 13:38:32.992 -03:00 [INF] Route matched with {action = "GetResumo", controller = "Dashboard"}. Executing controller action with signature System.Threading.Tasks.Task`1[Microsoft.AspNetCore.Mvc.ActionResult`1[HidroRec.Backend.Application.DTOs.Common.ApiResponse`1[HidroRec.Backend.Application.DTOs.Dashboard.DashboardResumoDto]]] GetResumo(System.Threading.CancellationToken) on controller HidroRec.Backend.Controllers.DashboardController (HidroRec.Backend).
2026-03-31 13:38:33.013 -03:00 [INF] Start processing HTTP request GET https://geoportal.apac.pe.gov.br/server/rest/services/met_volume_acumulado_chuva_municipio_24hs/MapServer/0/query?where=nm_mun%20%3D%20%27Recife%27&outFields=nm_mun,horas_24,ultima_leitura_data_hora&returnGeometry=false&f=json
2026-03-31 13:38:33.016 -03:00 [INF] Sending HTTP request GET https://geoportal.apac.pe.gov.br/server/rest/services/met_volume_acumulado_chuva_municipio_24hs/MapServer/0/query?where=nm_mun%20%3D%20%27Recife%27&outFields=nm_mun,horas_24,ultima_leitura_data_hora&returnGeometry=false&f=json
2026-03-31 13:38:34.223 -03:00 [INF] Received HTTP response headers after 1204.1086ms - 200
2026-03-31 13:38:34.227 -03:00 [INF] End processing HTTP request after 1214.2499ms - 200
2026-03-31 13:38:34.232 -03:00 [INF] Executing OkObjectResult, writing value of type 'HidroRec.Backend.Application.DTOs.Common.ApiResponse`1[[HidroRec.Backend.Application.DTOs.Dashboard.DashboardResumoDto, HidroRec.Backend, Version=1.0.0.0, Culture=neutral, PublicKeyToken=null]]'.
2026-03-31 13:38:34.237 -03:00 [INF] Executed action HidroRec.Backend.Controllers.DashboardController.GetResumo (HidroRec.Backend) in 1240.8571ms
2026-03-31 13:38:34.243 -03:00 [INF] Executed endpoint 'HidroRec.Backend.Controllers.DashboardController.GetResumo (HidroRec.Backend)'
2026-03-31 13:38:34.248 -03:00 [INF] HTTP GET /api/dashboard/resumo responded 200 in 1262.4653 ms
2026-03-31 13:38:34.256 -03:00 [INF] Request finished HTTP/1.1 GET http://localhost:8080/api/dashboard/resumo - 200 null application/json; charset=utf-8 1275.1486ms
2026-03-31 13:40:05.323 -03:00 [INF] Request starting HTTP/1.1 GET http://localhost:8080/index.html - null null
2026-03-31 13:40:05.328 -03:00 [INF] The file /index.html was not modified
2026-03-31 13:40:05.329 -03:00 [INF] HTTP GET /index.html responded 304 in 1.8383 ms
2026-03-31 13:40:05.334 -03:00 [INF] Request finished HTTP/1.1 GET http://localhost:8080/index.html - 304 null text/html 10.7856ms
2026-03-31 13:40:05.363 -03:00 [INF] Request starting HTTP/1.1 GET http://localhost:8080/css/dashboard.css - null null
2026-03-31 13:40:05.451 -03:00 [INF] The file /css/dashboard.css was not modified
2026-03-31 13:40:05.454 -03:00 [INF] HTTP GET /css/dashboard.css responded 304 in 3.8003 ms
2026-03-31 13:40:05.460 -03:00 [INF] Request finished HTTP/1.1 GET http://localhost:8080/css/dashboard.css - 304 null text/css 96.7561ms
2026-03-31 13:40:05.463 -03:00 [INF] Request starting HTTP/1.1 GET http://localhost:8080/api/auth/me - null null
2026-03-31 13:40:05.505 -03:00 [INF] Executing endpoint 'HidroRec.Backend.Controllers.AuthController.Me (HidroRec.Backend)'
2026-03-31 13:40:05.513 -03:00 [INF] Route matched with {action = "Me", controller = "Auth"}. Executing controller action with signature System.Threading.Tasks.Task`1[Microsoft.AspNetCore.Mvc.ActionResult`1[HidroRec.Backend.Application.DTOs.Common.ApiResponse`1[HidroRec.Backend.Application.DTOs.Auth.UsuarioResumoDto]]] Me(System.Threading.CancellationToken) on controller HidroRec.Backend.Controllers.AuthController (HidroRec.Backend).
2026-03-31 13:40:05.528 -03:00 [INF] Executing OkObjectResult, writing value of type 'HidroRec.Backend.Application.DTOs.Common.ApiResponse`1[[HidroRec.Backend.Application.DTOs.Auth.UsuarioResumoDto, HidroRec.Backend, Version=1.0.0.0, Culture=neutral, PublicKeyToken=null]]'.
2026-03-31 13:40:05.531 -03:00 [INF] Executed action HidroRec.Backend.Controllers.AuthController.Me (HidroRec.Backend) in 12.1223ms
2026-03-31 13:40:05.533 -03:00 [INF] Executed endpoint 'HidroRec.Backend.Controllers.AuthController.Me (HidroRec.Backend)'
2026-03-31 13:40:05.536 -03:00 [INF] HTTP GET /api/auth/me responded 200 in 31.4182 ms
2026-03-31 13:40:05.542 -03:00 [INF] Request finished HTTP/1.1 GET http://localhost:8080/api/auth/me - 200 null application/json; charset=utf-8 78.9659ms
2026-03-31 13:40:05.547 -03:00 [INF] Request starting HTTP/1.1 GET http://localhost:8080/api/dashboard/resumo - null null
2026-03-31 13:40:05.555 -03:00 [INF] Executing endpoint 'HidroRec.Backend.Controllers.DashboardController.GetResumo (HidroRec.Backend)'
2026-03-31 13:40:05.558 -03:00 [INF] Route matched with {action = "GetResumo", controller = "Dashboard"}. Executing controller action with signature System.Threading.Tasks.Task`1[Microsoft.AspNetCore.Mvc.ActionResult`1[HidroRec.Backend.Application.DTOs.Common.ApiResponse`1[HidroRec.Backend.Application.DTOs.Dashboard.DashboardResumoDto]]] GetResumo(System.Threading.CancellationToken) on controller HidroRec.Backend.Controllers.DashboardController (HidroRec.Backend).
2026-03-31 13:40:05.573 -03:00 [INF] Start processing HTTP request GET https://geoportal.apac.pe.gov.br/server/rest/services/met_volume_acumulado_chuva_municipio_24hs/MapServer/0/query?where=nm_mun%20%3D%20%27Recife%27&outFields=nm_mun,horas_24,ultima_leitura_data_hora&returnGeometry=false&f=json
2026-03-31 13:40:05.575 -03:00 [INF] Sending HTTP request GET https://geoportal.apac.pe.gov.br/server/rest/services/met_volume_acumulado_chuva_municipio_24hs/MapServer/0/query?where=nm_mun%20%3D%20%27Recife%27&outFields=nm_mun,horas_24,ultima_leitura_data_hora&returnGeometry=false&f=json
2026-03-31 13:40:08.043 -03:00 [INF] Received HTTP response headers after 2465.4554ms - 200
2026-03-31 13:40:08.047 -03:00 [INF] End processing HTTP request after 2474.7599ms - 200
2026-03-31 13:40:08.053 -03:00 [INF] Executing OkObjectResult, writing value of type 'HidroRec.Backend.Application.DTOs.Common.ApiResponse`1[[HidroRec.Backend.Application.DTOs.Dashboard.DashboardResumoDto, HidroRec.Backend, Version=1.0.0.0, Culture=neutral, PublicKeyToken=null]]'.
2026-03-31 13:40:08.061 -03:00 [INF] Executed action HidroRec.Backend.Controllers.DashboardController.GetResumo (HidroRec.Backend) in 2498.721ms
2026-03-31 13:40:08.063 -03:00 [INF] Executed endpoint 'HidroRec.Backend.Controllers.DashboardController.GetResumo (HidroRec.Backend)'
2026-03-31 13:40:08.068 -03:00 [INF] HTTP GET /api/dashboard/resumo responded 200 in 2514.6583 ms
2026-03-31 13:40:08.073 -03:00 [INF] Request finished HTTP/1.1 GET http://localhost:8080/api/dashboard/resumo - 200 null application/json; charset=utf-8 2525.2187ms
2026-03-31 13:45:31.270 -03:00 [INF] Request starting HTTP/1.1 GET http://localhost:8080/index.html - null null
2026-03-31 13:45:31.274 -03:00 [INF] The file /index.html was not modified
2026-03-31 13:45:31.277 -03:00 [INF] HTTP GET /index.html responded 304 in 2.9738 ms
2026-03-31 13:45:31.284 -03:00 [INF] Request finished HTTP/1.1 GET http://localhost:8080/index.html - 304 null text/html 13.7062ms
2026-03-31 13:45:31.302 -03:00 [INF] Request starting HTTP/1.1 GET http://localhost:8080/css/dashboard.css - null null
2026-03-31 13:45:31.304 -03:00 [INF] Request starting HTTP/1.1 GET http://localhost:8080/js/app.js - null null
2026-03-31 13:45:31.306 -03:00 [INF] Request starting HTTP/1.1 GET http://localhost:8080/js/api.js - null null
2026-03-31 13:45:31.307 -03:00 [INF] Request starting HTTP/1.1 GET http://localhost:8080/js/utils.js - null null
2026-03-31 13:45:31.310 -03:00 [INF] The file /css/dashboard.css was not modified
2026-03-31 13:45:31.313 -03:00 [INF] CORS policy execution successful.
2026-03-31 13:45:31.321 -03:00 [INF] CORS policy execution successful.
2026-03-31 13:45:31.330 -03:00 [INF] CORS policy execution successful.
2026-03-31 13:45:31.333 -03:00 [INF] HTTP GET /css/dashboard.css responded 304 in 23.3274 ms
2026-03-31 13:45:31.336 -03:00 [INF] The file /js/app.js was not modified
2026-03-31 13:45:31.339 -03:00 [INF] The file /js/api.js was not modified
2026-03-31 13:45:31.341 -03:00 [INF] The file /js/utils.js was not modified
2026-03-31 13:45:31.345 -03:00 [INF] Request finished HTTP/1.1 GET http://localhost:8080/css/dashboard.css - 304 null text/css 42.8752ms
2026-03-31 13:45:31.348 -03:00 [INF] HTTP GET /js/app.js responded 304 in 34.8172 ms
2026-03-31 13:45:31.350 -03:00 [INF] HTTP GET /js/api.js responded 304 in 28.3629 ms
2026-03-31 13:45:31.353 -03:00 [INF] HTTP GET /js/utils.js responded 304 in 22.9906 ms
2026-03-31 13:45:31.361 -03:00 [INF] Request finished HTTP/1.1 GET http://localhost:8080/js/app.js - 304 null text/javascript 56.804ms
2026-03-31 13:45:31.365 -03:00 [INF] Request finished HTTP/1.1 GET http://localhost:8080/js/api.js - 304 null text/javascript 58.3133ms
2026-03-31 13:45:31.370 -03:00 [INF] Request finished HTTP/1.1 GET http://localhost:8080/js/utils.js - 304 null text/javascript 62.9955ms
2026-03-31 13:45:31.377 -03:00 [INF] Request starting HTTP/1.1 GET http://localhost:8080/api/auth/me - null null
2026-03-31 13:45:31.396 -03:00 [INF] Executing endpoint 'HidroRec.Backend.Controllers.AuthController.Me (HidroRec.Backend)'
2026-03-31 13:45:31.399 -03:00 [INF] Route matched with {action = "Me", controller = "Auth"}. Executing controller action with signature System.Threading.Tasks.Task`1[Microsoft.AspNetCore.Mvc.ActionResult`1[HidroRec.Backend.Application.DTOs.Common.ApiResponse`1[HidroRec.Backend.Application.DTOs.Auth.UsuarioResumoDto]]] Me(System.Threading.CancellationToken) on controller HidroRec.Backend.Controllers.AuthController (HidroRec.Backend).
2026-03-31 13:45:31.411 -03:00 [INF] Executing OkObjectResult, writing value of type 'HidroRec.Backend.Application.DTOs.Common.ApiResponse`1[[HidroRec.Backend.Application.DTOs.Auth.UsuarioResumoDto, HidroRec.Backend, Version=1.0.0.0, Culture=neutral, PublicKeyToken=null]]'.
2026-03-31 13:45:31.415 -03:00 [INF] Executed action HidroRec.Backend.Controllers.AuthController.Me (HidroRec.Backend) in 11.0141ms
2026-03-31 13:45:31.418 -03:00 [INF] Executed endpoint 'HidroRec.Backend.Controllers.AuthController.Me (HidroRec.Backend)'
2026-03-31 13:45:31.421 -03:00 [INF] HTTP GET /api/auth/me responded 200 in 26.9806 ms
2026-03-31 13:45:31.426 -03:00 [INF] Request finished HTTP/1.1 GET http://localhost:8080/api/auth/me - 200 null application/json; charset=utf-8 49.0133ms
2026-03-31 13:45:31.432 -03:00 [INF] Request starting HTTP/1.1 GET http://localhost:8080/api/dashboard/resumo - null null
2026-03-31 13:45:31.440 -03:00 [INF] Executing endpoint 'HidroRec.Backend.Controllers.DashboardController.GetResumo (HidroRec.Backend)'
2026-03-31 13:45:31.443 -03:00 [INF] Route matched with {action = "GetResumo", controller = "Dashboard"}. Executing controller action with signature System.Threading.Tasks.Task`1[Microsoft.AspNetCore.Mvc.ActionResult`1[HidroRec.Backend.Application.DTOs.Common.ApiResponse`1[HidroRec.Backend.Application.DTOs.Dashboard.DashboardResumoDto]]] GetResumo(System.Threading.CancellationToken) on controller HidroRec.Backend.Controllers.DashboardController (HidroRec.Backend).
2026-03-31 13:45:31.459 -03:00 [INF] Start processing HTTP request GET https://geoportal.apac.pe.gov.br/server/rest/services/met_volume_acumulado_chuva_municipio_24hs/MapServer/0/query?where=nm_mun%20%3D%20%27Recife%27&outFields=nm_mun,horas_24,ultima_leitura_data_hora&returnGeometry=false&f=json
2026-03-31 13:45:31.462 -03:00 [INF] Sending HTTP request GET https://geoportal.apac.pe.gov.br/server/rest/services/met_volume_acumulado_chuva_municipio_24hs/MapServer/0/query?where=nm_mun%20%3D%20%27Recife%27&outFields=nm_mun,horas_24,ultima_leitura_data_hora&returnGeometry=false&f=json
2026-03-31 13:45:31.867 -03:00 [INF] Received HTTP response headers after 402.5322ms - 200
2026-03-31 13:45:31.872 -03:00 [INF] End processing HTTP request after 413.2588ms - 200
2026-03-31 13:45:31.876 -03:00 [INF] Executing OkObjectResult, writing value of type 'HidroRec.Backend.Application.DTOs.Common.ApiResponse`1[[HidroRec.Backend.Application.DTOs.Dashboard.DashboardResumoDto, HidroRec.Backend, Version=1.0.0.0, Culture=neutral, PublicKeyToken=null]]'.
2026-03-31 13:45:31.882 -03:00 [INF] Executed action HidroRec.Backend.Controllers.DashboardController.GetResumo (HidroRec.Backend) in 433.9099ms
2026-03-31 13:45:31.885 -03:00 [INF] Executed endpoint 'HidroRec.Backend.Controllers.DashboardController.GetResumo (HidroRec.Backend)'
2026-03-31 13:45:31.888 -03:00 [INF] HTTP GET /api/dashboard/resumo responded 200 in 448.4941 ms
2026-03-31 13:45:31.893 -03:00 [INF] Request finished HTTP/1.1 GET http://localhost:8080/api/dashboard/resumo - 200 null application/json; charset=utf-8 460.6771ms
2026-03-31 13:46:32.573 -03:00 [INF] Request starting HTTP/1.1 GET http://localhost:8080/index.html - null null
2026-03-31 13:46:32.576 -03:00 [INF] The file /index.html was not modified
2026-03-31 13:46:32.577 -03:00 [INF] HTTP GET /index.html responded 304 in 1.6345 ms
2026-03-31 13:46:32.578 -03:00 [INF] Request finished HTTP/1.1 GET http://localhost:8080/index.html - 304 null text/html 4.9875ms
2026-03-31 13:46:32.601 -03:00 [INF] Request starting HTTP/1.1 GET http://localhost:8080/css/dashboard.css - null null
2026-03-31 13:46:32.608 -03:00 [INF] The file /css/dashboard.css was not modified
2026-03-31 13:46:32.611 -03:00 [INF] HTTP GET /css/dashboard.css responded 304 in 4.1949 ms
2026-03-31 13:46:32.615 -03:00 [INF] Request finished HTTP/1.1 GET http://localhost:8080/css/dashboard.css - 304 null text/css 14.3525ms
2026-03-31 13:46:32.619 -03:00 [INF] Request starting HTTP/1.1 GET http://localhost:8080/api/auth/me - null null
2026-03-31 13:46:32.627 -03:00 [INF] Executing endpoint 'HidroRec.Backend.Controllers.AuthController.Me (HidroRec.Backend)'
2026-03-31 13:46:32.629 -03:00 [INF] Route matched with {action = "Me", controller = "Auth"}. Executing controller action with signature System.Threading.Tasks.Task`1[Microsoft.AspNetCore.Mvc.ActionResult`1[HidroRec.Backend.Application.DTOs.Common.ApiResponse`1[HidroRec.Backend.Application.DTOs.Auth.UsuarioResumoDto]]] Me(System.Threading.CancellationToken) on controller HidroRec.Backend.Controllers.AuthController (HidroRec.Backend).
2026-03-31 13:46:32.639 -03:00 [INF] Executing OkObjectResult, writing value of type 'HidroRec.Backend.Application.DTOs.Common.ApiResponse`1[[HidroRec.Backend.Application.DTOs.Auth.UsuarioResumoDto, HidroRec.Backend, Version=1.0.0.0, Culture=neutral, PublicKeyToken=null]]'.
2026-03-31 13:46:32.643 -03:00 [INF] Executed action HidroRec.Backend.Controllers.AuthController.Me (HidroRec.Backend) in 10.955ms
2026-03-31 13:46:32.647 -03:00 [INF] Executed endpoint 'HidroRec.Backend.Controllers.AuthController.Me (HidroRec.Backend)'
2026-03-31 13:46:32.650 -03:00 [INF] HTTP GET /api/auth/me responded 200 in 24.2430 ms
2026-03-31 13:46:32.655 -03:00 [INF] Request finished HTTP/1.1 GET http://localhost:8080/api/auth/me - 200 null application/json; charset=utf-8 36.0946ms
2026-03-31 13:46:32.663 -03:00 [INF] Request starting HTTP/1.1 GET http://localhost:8080/api/dashboard/resumo - null null
2026-03-31 13:46:32.670 -03:00 [INF] Executing endpoint 'HidroRec.Backend.Controllers.DashboardController.GetResumo (HidroRec.Backend)'
2026-03-31 13:46:32.674 -03:00 [INF] Route matched with {action = "GetResumo", controller = "Dashboard"}. Executing controller action with signature System.Threading.Tasks.Task`1[Microsoft.AspNetCore.Mvc.ActionResult`1[HidroRec.Backend.Application.DTOs.Common.ApiResponse`1[HidroRec.Backend.Application.DTOs.Dashboard.DashboardResumoDto]]] GetResumo(System.Threading.CancellationToken) on controller HidroRec.Backend.Controllers.DashboardController (HidroRec.Backend).
2026-03-31 13:46:32.690 -03:00 [INF] Start processing HTTP request GET https://geoportal.apac.pe.gov.br/server/rest/services/met_volume_acumulado_chuva_municipio_24hs/MapServer/0/query?where=nm_mun%20%3D%20%27Recife%27&outFields=nm_mun,horas_24,ultima_leitura_data_hora&returnGeometry=false&f=json
2026-03-31 13:46:32.694 -03:00 [INF] Sending HTTP request GET https://geoportal.apac.pe.gov.br/server/rest/services/met_volume_acumulado_chuva_municipio_24hs/MapServer/0/query?where=nm_mun%20%3D%20%27Recife%27&outFields=nm_mun,horas_24,ultima_leitura_data_hora&returnGeometry=false&f=json
2026-03-31 13:46:32.792 -03:00 [INF] Received HTTP response headers after 93.8234ms - 200
2026-03-31 13:46:32.796 -03:00 [INF] End processing HTTP request after 106.0934ms - 200
2026-03-31 13:46:32.801 -03:00 [INF] Executing OkObjectResult, writing value of type 'HidroRec.Backend.Application.DTOs.Common.ApiResponse`1[[HidroRec.Backend.Application.DTOs.Dashboard.DashboardResumoDto, HidroRec.Backend, Version=1.0.0.0, Culture=neutral, PublicKeyToken=null]]'.
2026-03-31 13:46:32.808 -03:00 [INF] Executed action HidroRec.Backend.Controllers.DashboardController.GetResumo (HidroRec.Backend) in 126.8816ms
2026-03-31 13:46:32.812 -03:00 [INF] Executed endpoint 'HidroRec.Backend.Controllers.DashboardController.GetResumo (HidroRec.Backend)'
2026-03-31 13:46:32.816 -03:00 [INF] HTTP GET /api/dashboard/resumo responded 200 in 146.8864 ms
2026-03-31 13:46:32.822 -03:00 [INF] Request finished HTTP/1.1 GET http://localhost:8080/api/dashboard/resumo - 200 null application/json; charset=utf-8 158.6508ms
2026-03-31 13:46:38.050 -03:00 [INF] Request starting HTTP/1.1 GET http://localhost:8080/.well-known/appspecific/com.chrome.devtools.json - null null
2026-03-31 13:46:38.053 -03:00 [INF] HTTP GET /.well-known/appspecific/com.chrome.devtools.json responded 404 in 0.5984 ms
2026-03-31 13:46:38.057 -03:00 [INF] Request finished HTTP/1.1 GET http://localhost:8080/.well-known/appspecific/com.chrome.devtools.json - 404 0 null 7.1716ms
2026-03-31 13:46:38.063 -03:00 [INF] Request reached the end of the middleware pipeline without being handled by application code. Request path: GET http://localhost:8080/.well-known/appspecific/com.chrome.devtools.json, Response status code: 404
2026-03-31 13:46:43.166 -03:00 [INF] Request starting HTTP/1.1 GET http://localhost:8080/previsoes.html - null null
2026-03-31 13:46:43.173 -03:00 [INF] Sending file. Request path: '/previsoes.html'. Physical path: 'C:\Users\ACPGROUP\Desktop\HTML PURO\hidrorec\frontend\previsoes.html'
2026-03-31 13:46:43.175 -03:00 [INF] HTTP GET /previsoes.html responded 200 in 4.8424 ms
2026-03-31 13:46:43.180 -03:00 [INF] Request finished HTTP/1.1 GET http://localhost:8080/previsoes.html - 200 2345 text/html 14.0052ms
2026-03-31 13:46:43.296 -03:00 [INF] Request starting HTTP/1.1 GET http://localhost:8080/api/auth/me - null null
2026-03-31 13:46:43.298 -03:00 [INF] Request starting HTTP/1.1 GET http://localhost:8080/api/previsoes - null null
2026-03-31 13:46:43.304 -03:00 [INF] Request starting HTTP/1.1 GET http://localhost:8080/.well-known/appspecific/com.chrome.devtools.json - null null
2026-03-31 13:46:43.309 -03:00 [INF] Executing endpoint 'HidroRec.Backend.Controllers.AuthController.Me (HidroRec.Backend)'
2026-03-31 13:46:43.329 -03:00 [INF] Executing endpoint 'HidroRec.Backend.Controllers.PrevisoesController.GetResumo (HidroRec.Backend)'
2026-03-31 13:46:43.332 -03:00 [INF] HTTP GET /.well-known/appspecific/com.chrome.devtools.json responded 404 in 0.8343 ms
2026-03-31 13:46:43.334 -03:00 [INF] Route matched with {action = "Me", controller = "Auth"}. Executing controller action with signature System.Threading.Tasks.Task`1[Microsoft.AspNetCore.Mvc.ActionResult`1[HidroRec.Backend.Application.DTOs.Common.ApiResponse`1[HidroRec.Backend.Application.DTOs.Auth.UsuarioResumoDto]]] Me(System.Threading.CancellationToken) on controller HidroRec.Backend.Controllers.AuthController (HidroRec.Backend).
2026-03-31 13:46:43.336 -03:00 [INF] Route matched with {action = "GetResumo", controller = "Previsoes"}. Executing controller action with signature System.Threading.Tasks.Task`1[Microsoft.AspNetCore.Mvc.ActionResult`1[HidroRec.Backend.Application.DTOs.Common.ApiResponse`1[HidroRec.Backend.Application.DTOs.Previsoes.PrevisaoResumoDto]]] GetResumo(System.Threading.CancellationToken) on controller HidroRec.Backend.Controllers.PrevisoesController (HidroRec.Backend).
2026-03-31 13:46:43.341 -03:00 [INF] Request finished HTTP/1.1 GET http://localhost:8080/.well-known/appspecific/com.chrome.devtools.json - 404 0 null 36.659ms
2026-03-31 13:46:43.350 -03:00 [INF] Executing OkObjectResult, writing value of type 'HidroRec.Backend.Application.DTOs.Common.ApiResponse`1[[HidroRec.Backend.Application.DTOs.Auth.UsuarioResumoDto, HidroRec.Backend, Version=1.0.0.0, Culture=neutral, PublicKeyToken=null]]'.
2026-03-31 13:46:43.351 -03:00 [INF] Start processing HTTP request GET https://geoportal.apac.pe.gov.br/server/rest/services/met_volume_acumulado_chuva_municipio_24hs/MapServer/0/query?where=nm_mun%20%3D%20%27Recife%27&outFields=nm_mun,horas_24,ultima_leitura_data_hora&returnGeometry=false&f=json
2026-03-31 13:46:43.355 -03:00 [INF] Request reached the end of the middleware pipeline without being handled by application code. Request path: GET http://localhost:8080/.well-known/appspecific/com.chrome.devtools.json, Response status code: 404
2026-03-31 13:46:43.357 -03:00 [INF] Executed action HidroRec.Backend.Controllers.AuthController.Me (HidroRec.Backend) in 12.7072ms
2026-03-31 13:46:43.359 -03:00 [INF] Sending HTTP request GET https://geoportal.apac.pe.gov.br/server/rest/services/met_volume_acumulado_chuva_municipio_24hs/MapServer/0/query?where=nm_mun%20%3D%20%27Recife%27&outFields=nm_mun,horas_24,ultima_leitura_data_hora&returnGeometry=false&f=json
2026-03-31 13:46:43.365 -03:00 [INF] Executed endpoint 'HidroRec.Backend.Controllers.AuthController.Me (HidroRec.Backend)'
2026-03-31 13:46:43.369 -03:00 [INF] HTTP GET /api/auth/me responded 200 in 61.1291 ms
2026-03-31 13:46:43.371 -03:00 [INF] Request finished HTTP/1.1 GET http://localhost:8080/api/auth/me - 200 null application/json; charset=utf-8 75.1069ms
2026-03-31 13:46:43.442 -03:00 [INF] Received HTTP response headers after 73.8738ms - 200
2026-03-31 13:46:43.445 -03:00 [INF] End processing HTTP request after 94.3951ms - 200
2026-03-31 13:46:43.449 -03:00 [INF] Executing OkObjectResult, writing value of type 'HidroRec.Backend.Application.DTOs.Common.ApiResponse`1[[HidroRec.Backend.Application.DTOs.Previsoes.PrevisaoResumoDto, HidroRec.Backend, Version=1.0.0.0, Culture=neutral, PublicKeyToken=null]]'.
2026-03-31 13:46:43.453 -03:00 [INF] Executed action HidroRec.Backend.Controllers.PrevisoesController.GetResumo (HidroRec.Backend) in 104.4456ms
2026-03-31 13:46:43.456 -03:00 [INF] Executed endpoint 'HidroRec.Backend.Controllers.PrevisoesController.GetResumo (HidroRec.Backend)'
2026-03-31 13:46:43.458 -03:00 [INF] HTTP GET /api/previsoes responded 200 in 130.4107 ms
2026-03-31 13:46:43.464 -03:00 [INF] Request finished HTTP/1.1 GET http://localhost:8080/api/previsoes - 200 null application/json; charset=utf-8 165.9451ms
2026-03-31 13:46:45.545 -03:00 [INF] Request starting HTTP/1.1 GET http://localhost:8080/.well-known/appspecific/com.chrome.devtools.json - null null
2026-03-31 13:46:45.551 -03:00 [INF] HTTP GET /.well-known/appspecific/com.chrome.devtools.json responded 404 in 0.9822 ms
2026-03-31 13:46:45.554 -03:00 [INF] Request finished HTTP/1.1 GET http://localhost:8080/.well-known/appspecific/com.chrome.devtools.json - 404 0 null 9.4019ms
2026-03-31 13:46:45.560 -03:00 [INF] Request reached the end of the middleware pipeline without being handled by application code. Request path: GET http://localhost:8080/.well-known/appspecific/com.chrome.devtools.json, Response status code: 404
2026-03-31 13:46:45.561 -03:00 [INF] Request starting HTTP/1.1 GET http://localhost:8080/api/auth/me - null null
2026-03-31 13:46:45.568 -03:00 [INF] Executing endpoint 'HidroRec.Backend.Controllers.AuthController.Me (HidroRec.Backend)'
2026-03-31 13:46:45.574 -03:00 [INF] Route matched with {action = "Me", controller = "Auth"}. Executing controller action with signature System.Threading.Tasks.Task`1[Microsoft.AspNetCore.Mvc.ActionResult`1[HidroRec.Backend.Application.DTOs.Common.ApiResponse`1[HidroRec.Backend.Application.DTOs.Auth.UsuarioResumoDto]]] Me(System.Threading.CancellationToken) on controller HidroRec.Backend.Controllers.AuthController (HidroRec.Backend).
2026-03-31 13:46:45.583 -03:00 [INF] Executing OkObjectResult, writing value of type 'HidroRec.Backend.Application.DTOs.Common.ApiResponse`1[[HidroRec.Backend.Application.DTOs.Auth.UsuarioResumoDto, HidroRec.Backend, Version=1.0.0.0, Culture=neutral, PublicKeyToken=null]]'.
2026-03-31 13:46:45.586 -03:00 [INF] Executed action HidroRec.Backend.Controllers.AuthController.Me (HidroRec.Backend) in 8.8128ms
2026-03-31 13:46:45.588 -03:00 [INF] Executed endpoint 'HidroRec.Backend.Controllers.AuthController.Me (HidroRec.Backend)'
2026-03-31 13:46:45.590 -03:00 [INF] HTTP GET /api/auth/me responded 200 in 23.3253 ms
2026-03-31 13:46:45.593 -03:00 [INF] Request finished HTTP/1.1 GET http://localhost:8080/api/auth/me - 200 null application/json; charset=utf-8 31.3598ms
2026-03-31 13:46:45.599 -03:00 [INF] Request starting HTTP/1.1 GET http://localhost:8080/api/dashboard/resumo - null null
2026-03-31 13:46:45.603 -03:00 [INF] Executing endpoint 'HidroRec.Backend.Controllers.DashboardController.GetResumo (HidroRec.Backend)'
2026-03-31 13:46:45.605 -03:00 [INF] Route matched with {action = "GetResumo", controller = "Dashboard"}. Executing controller action with signature System.Threading.Tasks.Task`1[Microsoft.AspNetCore.Mvc.ActionResult`1[HidroRec.Backend.Application.DTOs.Common.ApiResponse`1[HidroRec.Backend.Application.DTOs.Dashboard.DashboardResumoDto]]] GetResumo(System.Threading.CancellationToken) on controller HidroRec.Backend.Controllers.DashboardController (HidroRec.Backend).
2026-03-31 13:46:45.619 -03:00 [INF] Start processing HTTP request GET https://geoportal.apac.pe.gov.br/server/rest/services/met_volume_acumulado_chuva_municipio_24hs/MapServer/0/query?where=nm_mun%20%3D%20%27Recife%27&outFields=nm_mun,horas_24,ultima_leitura_data_hora&returnGeometry=false&f=json
2026-03-31 13:46:45.621 -03:00 [INF] Sending HTTP request GET https://geoportal.apac.pe.gov.br/server/rest/services/met_volume_acumulado_chuva_municipio_24hs/MapServer/0/query?where=nm_mun%20%3D%20%27Recife%27&outFields=nm_mun,horas_24,ultima_leitura_data_hora&returnGeometry=false&f=json
2026-03-31 13:46:45.715 -03:00 [INF] Received HTTP response headers after 92.2138ms - 200
2026-03-31 13:46:45.720 -03:00 [INF] End processing HTTP request after 100.1243ms - 200
2026-03-31 13:46:45.723 -03:00 [INF] Executing OkObjectResult, writing value of type 'HidroRec.Backend.Application.DTOs.Common.ApiResponse`1[[HidroRec.Backend.Application.DTOs.Dashboard.DashboardResumoDto, HidroRec.Backend, Version=1.0.0.0, Culture=neutral, PublicKeyToken=null]]'.
2026-03-31 13:46:45.729 -03:00 [INF] Executed action HidroRec.Backend.Controllers.DashboardController.GetResumo (HidroRec.Backend) in 120.4054ms
2026-03-31 13:46:45.733 -03:00 [INF] Executed endpoint 'HidroRec.Backend.Controllers.DashboardController.GetResumo (HidroRec.Backend)'
2026-03-31 13:46:45.736 -03:00 [INF] HTTP GET /api/dashboard/resumo responded 200 in 132.9176 ms
2026-03-31 13:46:45.742 -03:00 [INF] Request finished HTTP/1.1 GET http://localhost:8080/api/dashboard/resumo - 200 null application/json; charset=utf-8 142.2925ms
2026-03-31 13:46:49.052 -03:00 [INF] Request starting HTTP/1.1 GET http://localhost:8080/conta.html - null null
2026-03-31 13:46:49.056 -03:00 [INF] Sending file. Request path: '/conta.html'. Physical path: 'C:\Users\ACPGROUP\Desktop\HTML PURO\hidrorec\frontend\conta.html'
2026-03-31 13:46:49.061 -03:00 [INF] HTTP GET /conta.html responded 200 in 6.0435 ms
2026-03-31 13:46:49.066 -03:00 [INF] Request finished HTTP/1.1 GET http://localhost:8080/conta.html - 200 5159 text/html 13.5765ms
2026-03-31 13:46:49.085 -03:00 [INF] Request starting HTTP/1.1 GET http://localhost:8080/.well-known/appspecific/com.chrome.devtools.json - null null
2026-03-31 13:46:49.085 -03:00 [INF] Request starting HTTP/1.1 GET http://localhost:8080/css/conta.css - null null
2026-03-31 13:46:49.086 -03:00 [INF] Request starting HTTP/1.1 GET http://localhost:8080/js/conta.js - null null
2026-03-31 13:46:49.090 -03:00 [INF] HTTP GET /.well-known/appspecific/com.chrome.devtools.json responded 404 in 0.4507 ms
2026-03-31 13:46:49.095 -03:00 [INF] The file /css/conta.css was not modified
2026-03-31 13:46:49.099 -03:00 [INF] CORS policy execution successful.
2026-03-31 13:46:49.101 -03:00 [INF] Request finished HTTP/1.1 GET http://localhost:8080/.well-known/appspecific/com.chrome.devtools.json - 404 0 null 16.4336ms
2026-03-31 13:46:49.103 -03:00 [INF] HTTP GET /css/conta.css responded 304 in 8.2288 ms
2026-03-31 13:46:49.105 -03:00 [INF] The file /js/conta.js was not modified
2026-03-31 13:46:49.112 -03:00 [INF] Request reached the end of the middleware pipeline without being handled by application code. Request path: GET http://localhost:8080/.well-known/appspecific/com.chrome.devtools.json, Response status code: 404
2026-03-31 13:46:49.114 -03:00 [INF] Request finished HTTP/1.1 GET http://localhost:8080/css/conta.css - 304 null text/css 29.1131ms
2026-03-31 13:46:49.116 -03:00 [INF] HTTP GET /js/conta.js responded 304 in 17.9212 ms
2026-03-31 13:46:49.130 -03:00 [INF] Request finished HTTP/1.1 GET http://localhost:8080/js/conta.js - 304 null text/javascript 44.062ms
2026-03-31 13:46:49.140 -03:00 [INF] Request starting HTTP/1.1 GET http://localhost:8080/api/auth/me - null null
2026-03-31 13:46:49.146 -03:00 [INF] Executing endpoint 'HidroRec.Backend.Controllers.AuthController.Me (HidroRec.Backend)'
2026-03-31 13:46:49.149 -03:00 [INF] Route matched with {action = "Me", controller = "Auth"}. Executing controller action with signature System.Threading.Tasks.Task`1[Microsoft.AspNetCore.Mvc.ActionResult`1[HidroRec.Backend.Application.DTOs.Common.ApiResponse`1[HidroRec.Backend.Application.DTOs.Auth.UsuarioResumoDto]]] Me(System.Threading.CancellationToken) on controller HidroRec.Backend.Controllers.AuthController (HidroRec.Backend).
2026-03-31 13:46:49.160 -03:00 [INF] Executing OkObjectResult, writing value of type 'HidroRec.Backend.Application.DTOs.Common.ApiResponse`1[[HidroRec.Backend.Application.DTOs.Auth.UsuarioResumoDto, HidroRec.Backend, Version=1.0.0.0, Culture=neutral, PublicKeyToken=null]]'.
2026-03-31 13:46:49.162 -03:00 [INF] Executed action HidroRec.Backend.Controllers.AuthController.Me (HidroRec.Backend) in 6.454ms
2026-03-31 13:46:49.166 -03:00 [INF] Executed endpoint 'HidroRec.Backend.Controllers.AuthController.Me (HidroRec.Backend)'
2026-03-31 13:46:49.168 -03:00 [INF] HTTP GET /api/auth/me responded 200 in 22.4249 ms
2026-03-31 13:46:49.172 -03:00 [INF] Request finished HTTP/1.1 GET http://localhost:8080/api/auth/me - 200 null application/json; charset=utf-8 32.4881ms
2026-03-31 13:46:49.176 -03:00 [INF] Request starting HTTP/1.1 GET http://localhost:8080/api/usuarios/me/reportes?page=1&pageSize=6 - null null
2026-03-31 13:46:49.185 -03:00 [INF] Executing endpoint 'HidroRec.Backend.Controllers.UsuariosController.GetOwnReportes (HidroRec.Backend)'
2026-03-31 13:46:49.187 -03:00 [INF] Route matched with {action = "GetOwnReportes", controller = "Usuarios"}. Executing controller action with signature System.Threading.Tasks.Task`1[Microsoft.AspNetCore.Mvc.ActionResult`1[HidroRec.Backend.Application.DTOs.Common.ApiResponse`1[HidroRec.Backend.Application.DTOs.Common.PagedResultDto`1[HidroRec.Backend.Application.DTOs.Reportes.ReporteAdminItemDto]]]] GetOwnReportes(Int32, Int32, System.Threading.CancellationToken) on controller HidroRec.Backend.Controllers.UsuariosController (HidroRec.Backend).
2026-03-31 13:46:49.201 -03:00 [INF] Executing OkObjectResult, writing value of type 'HidroRec.Backend.Application.DTOs.Common.ApiResponse`1[[HidroRec.Backend.Application.DTOs.Common.PagedResultDto`1[[HidroRec.Backend.Application.DTOs.Reportes.ReporteAdminItemDto, HidroRec.Backend, Version=1.0.0.0, Culture=neutral, PublicKeyToken=null]], HidroRec.Backend, Version=1.0.0.0, Culture=neutral, PublicKeyToken=null]]'.
2026-03-31 13:46:49.205 -03:00 [INF] Executed action HidroRec.Backend.Controllers.UsuariosController.GetOwnReportes (HidroRec.Backend) in 14.9003ms
2026-03-31 13:46:49.207 -03:00 [INF] Executed endpoint 'HidroRec.Backend.Controllers.UsuariosController.GetOwnReportes (HidroRec.Backend)'
2026-03-31 13:46:49.208 -03:00 [INF] HTTP GET /api/usuarios/me/reportes responded 200 in 24.5643 ms
2026-03-31 13:46:49.212 -03:00 [INF] Request finished HTTP/1.1 GET http://localhost:8080/api/usuarios/me/reportes?page=1&pageSize=6 - 200 null application/json; charset=utf-8 36.0099ms
2026-03-31 13:50:17.483 -03:00 [INF] Request starting HTTP/1.1 GET http://localhost:8080/conta.html - null null
2026-03-31 13:50:17.486 -03:00 [INF] The file /conta.html was not modified
2026-03-31 13:50:17.489 -03:00 [INF] HTTP GET /conta.html responded 304 in 2.4441 ms
2026-03-31 13:50:17.493 -03:00 [INF] Request finished HTTP/1.1 GET http://localhost:8080/conta.html - 304 null text/html 9.568ms
2026-03-31 13:50:17.520 -03:00 [INF] Request starting HTTP/1.1 GET http://localhost:8080/.well-known/appspecific/com.chrome.devtools.json - null null
2026-03-31 13:50:17.526 -03:00 [INF] HTTP GET /.well-known/appspecific/com.chrome.devtools.json responded 404 in 0.6389 ms
2026-03-31 13:50:17.530 -03:00 [INF] Request finished HTTP/1.1 GET http://localhost:8080/.well-known/appspecific/com.chrome.devtools.json - 404 0 null 10.4253ms
2026-03-31 13:50:17.538 -03:00 [INF] Request reached the end of the middleware pipeline without being handled by application code. Request path: GET http://localhost:8080/.well-known/appspecific/com.chrome.devtools.json, Response status code: 404
2026-03-31 13:50:17.542 -03:00 [INF] Request starting HTTP/1.1 GET http://localhost:8080/api/auth/me - null null
2026-03-31 13:50:17.550 -03:00 [INF] Executing endpoint 'HidroRec.Backend.Controllers.AuthController.Me (HidroRec.Backend)'
2026-03-31 13:50:17.553 -03:00 [INF] Route matched with {action = "Me", controller = "Auth"}. Executing controller action with signature System.Threading.Tasks.Task`1[Microsoft.AspNetCore.Mvc.ActionResult`1[HidroRec.Backend.Application.DTOs.Common.ApiResponse`1[HidroRec.Backend.Application.DTOs.Auth.UsuarioResumoDto]]] Me(System.Threading.CancellationToken) on controller HidroRec.Backend.Controllers.AuthController (HidroRec.Backend).
2026-03-31 13:50:17.571 -03:00 [INF] Executing OkObjectResult, writing value of type 'HidroRec.Backend.Application.DTOs.Common.ApiResponse`1[[HidroRec.Backend.Application.DTOs.Auth.UsuarioResumoDto, HidroRec.Backend, Version=1.0.0.0, Culture=neutral, PublicKeyToken=null]]'.
2026-03-31 13:50:17.573 -03:00 [INF] Executed action HidroRec.Backend.Controllers.AuthController.Me (HidroRec.Backend) in 12.3135ms
2026-03-31 13:50:17.575 -03:00 [INF] Executed endpoint 'HidroRec.Backend.Controllers.AuthController.Me (HidroRec.Backend)'
2026-03-31 13:50:17.577 -03:00 [INF] HTTP GET /api/auth/me responded 200 in 28.0286 ms
2026-03-31 13:50:17.580 -03:00 [INF] Request finished HTTP/1.1 GET http://localhost:8080/api/auth/me - 200 null application/json; charset=utf-8 37.1546ms
2026-03-31 13:50:17.585 -03:00 [INF] Request starting HTTP/1.1 GET http://localhost:8080/api/usuarios/me/reportes?page=1&pageSize=6 - null null
2026-03-31 13:50:17.593 -03:00 [INF] Executing endpoint 'HidroRec.Backend.Controllers.UsuariosController.GetOwnReportes (HidroRec.Backend)'
2026-03-31 13:50:17.597 -03:00 [INF] Route matched with {action = "GetOwnReportes", controller = "Usuarios"}. Executing controller action with signature System.Threading.Tasks.Task`1[Microsoft.AspNetCore.Mvc.ActionResult`1[HidroRec.Backend.Application.DTOs.Common.ApiResponse`1[HidroRec.Backend.Application.DTOs.Common.PagedResultDto`1[HidroRec.Backend.Application.DTOs.Reportes.ReporteAdminItemDto]]]] GetOwnReportes(Int32, Int32, System.Threading.CancellationToken) on controller HidroRec.Backend.Controllers.UsuariosController (HidroRec.Backend).
2026-03-31 13:50:17.614 -03:00 [INF] Executing OkObjectResult, writing value of type 'HidroRec.Backend.Application.DTOs.Common.ApiResponse`1[[HidroRec.Backend.Application.DTOs.Common.PagedResultDto`1[[HidroRec.Backend.Application.DTOs.Reportes.ReporteAdminItemDto, HidroRec.Backend, Version=1.0.0.0, Culture=neutral, PublicKeyToken=null]], HidroRec.Backend, Version=1.0.0.0, Culture=neutral, PublicKeyToken=null]]'.
2026-03-31 13:50:17.618 -03:00 [INF] Executed action HidroRec.Backend.Controllers.UsuariosController.GetOwnReportes (HidroRec.Backend) in 14.4053ms
2026-03-31 13:50:17.619 -03:00 [INF] Executed endpoint 'HidroRec.Backend.Controllers.UsuariosController.GetOwnReportes (HidroRec.Backend)'
2026-03-31 13:50:17.621 -03:00 [INF] HTTP GET /api/usuarios/me/reportes responded 200 in 29.0567 ms
2026-03-31 13:50:17.625 -03:00 [INF] Request finished HTTP/1.1 GET http://localhost:8080/api/usuarios/me/reportes?page=1&pageSize=6 - 200 null application/json; charset=utf-8 41.3752ms
2026-03-31 13:50:23.688 -03:00 [INF] Request starting HTTP/1.1 GET http://localhost:8080/index.html - null null
2026-03-31 13:50:23.694 -03:00 [INF] The file /index.html was not modified
2026-03-31 13:50:23.697 -03:00 [INF] HTTP GET /index.html responded 304 in 3.5890 ms
2026-03-31 13:50:23.701 -03:00 [INF] Request finished HTTP/1.1 GET http://localhost:8080/index.html - 304 null text/html 12.7558ms
2026-03-31 13:50:23.725 -03:00 [INF] Request starting HTTP/1.1 GET http://localhost:8080/css/dashboard.css - null null
2026-03-31 13:50:23.730 -03:00 [INF] The file /css/dashboard.css was not modified
2026-03-31 13:50:23.733 -03:00 [INF] HTTP GET /css/dashboard.css responded 304 in 3.4567 ms
2026-03-31 13:50:23.738 -03:00 [INF] Request finished HTTP/1.1 GET http://localhost:8080/css/dashboard.css - 304 null text/css 12.6888ms
2026-03-31 13:50:23.743 -03:00 [INF] Request starting HTTP/1.1 GET http://localhost:8080/api/auth/me - null null
2026-03-31 13:50:23.752 -03:00 [INF] Executing endpoint 'HidroRec.Backend.Controllers.AuthController.Me (HidroRec.Backend)'
2026-03-31 13:50:23.754 -03:00 [INF] Route matched with {action = "Me", controller = "Auth"}. Executing controller action with signature System.Threading.Tasks.Task`1[Microsoft.AspNetCore.Mvc.ActionResult`1[HidroRec.Backend.Application.DTOs.Common.ApiResponse`1[HidroRec.Backend.Application.DTOs.Auth.UsuarioResumoDto]]] Me(System.Threading.CancellationToken) on controller HidroRec.Backend.Controllers.AuthController (HidroRec.Backend).
2026-03-31 13:50:23.765 -03:00 [INF] Executing OkObjectResult, writing value of type 'HidroRec.Backend.Application.DTOs.Common.ApiResponse`1[[HidroRec.Backend.Application.DTOs.Auth.UsuarioResumoDto, HidroRec.Backend, Version=1.0.0.0, Culture=neutral, PublicKeyToken=null]]'.
2026-03-31 13:50:23.770 -03:00 [INF] Executed action HidroRec.Backend.Controllers.AuthController.Me (HidroRec.Backend) in 9.6718ms
2026-03-31 13:50:23.772 -03:00 [INF] Executed endpoint 'HidroRec.Backend.Controllers.AuthController.Me (HidroRec.Backend)'
2026-03-31 13:50:23.773 -03:00 [INF] HTTP GET /api/auth/me responded 200 in 21.7866 ms
2026-03-31 13:50:23.777 -03:00 [INF] Request finished HTTP/1.1 GET http://localhost:8080/api/auth/me - 200 null application/json; charset=utf-8 34.0727ms
2026-03-31 13:50:23.786 -03:00 [INF] Request starting HTTP/1.1 GET http://localhost:8080/api/dashboard/resumo - null null
2026-03-31 13:50:23.792 -03:00 [INF] Executing endpoint 'HidroRec.Backend.Controllers.DashboardController.GetResumo (HidroRec.Backend)'
2026-03-31 13:50:23.795 -03:00 [INF] Route matched with {action = "GetResumo", controller = "Dashboard"}. Executing controller action with signature System.Threading.Tasks.Task`1[Microsoft.AspNetCore.Mvc.ActionResult`1[HidroRec.Backend.Application.DTOs.Common.ApiResponse`1[HidroRec.Backend.Application.DTOs.Dashboard.DashboardResumoDto]]] GetResumo(System.Threading.CancellationToken) on controller HidroRec.Backend.Controllers.DashboardController (HidroRec.Backend).
2026-03-31 13:50:23.812 -03:00 [INF] Start processing HTTP request GET https://geoportal.apac.pe.gov.br/server/rest/services/met_volume_acumulado_chuva_municipio_24hs/MapServer/0/query?where=nm_mun%20%3D%20%27Recife%27&outFields=nm_mun,horas_24,ultima_leitura_data_hora&returnGeometry=false&f=json
2026-03-31 13:50:23.816 -03:00 [INF] Sending HTTP request GET https://geoportal.apac.pe.gov.br/server/rest/services/met_volume_acumulado_chuva_municipio_24hs/MapServer/0/query?where=nm_mun%20%3D%20%27Recife%27&outFields=nm_mun,horas_24,ultima_leitura_data_hora&returnGeometry=false&f=json
2026-03-31 13:50:27.110 -03:00 [INF] Request starting HTTP/1.1 GET http://localhost:8080/index.html - null null
2026-03-31 13:50:27.115 -03:00 [INF] The file /index.html was not modified
2026-03-31 13:50:27.121 -03:00 [INF] HTTP GET /index.html responded 304 in 6.0335 ms
2026-03-31 13:50:27.126 -03:00 [INF] Request finished HTTP/1.1 GET http://localhost:8080/index.html - 304 null text/html 15.4052ms
2026-03-31 13:50:27.146 -03:00 [INF] Request starting HTTP/1.1 GET http://localhost:8080/api/auth/me - null null
2026-03-31 13:50:27.149 -03:00 [INF] Executing endpoint 'HidroRec.Backend.Controllers.AuthController.Me (HidroRec.Backend)'
2026-03-31 13:50:27.150 -03:00 [INF] Route matched with {action = "Me", controller = "Auth"}. Executing controller action with signature System.Threading.Tasks.Task`1[Microsoft.AspNetCore.Mvc.ActionResult`1[HidroRec.Backend.Application.DTOs.Common.ApiResponse`1[HidroRec.Backend.Application.DTOs.Auth.UsuarioResumoDto]]] Me(System.Threading.CancellationToken) on controller HidroRec.Backend.Controllers.AuthController (HidroRec.Backend).
2026-03-31 13:50:27.151 -03:00 [WRN] Falha ao consultar APAC. Aplicando fallback meteorologico local.
System.Threading.Tasks.TaskCanceledException: The operation was canceled.
 ---> System.Threading.Tasks.TaskCanceledException: The operation was canceled.
 ---> System.IO.IOException: Unable to read data from the transport connection: A operação de E/S foi anulada devido a uma saída de thread ou a uma requisição de aplicativo..
 ---> System.Net.Sockets.SocketException (995): A operação de E/S foi anulada devido a uma saída de thread ou a uma requisição de aplicativo.
   --- End of inner exception stack trace ---
   at System.Net.Sockets.Socket.AwaitableSocketAsyncEventArgs.ThrowException(SocketError error, CancellationToken cancellationToken)
   at System.Net.Sockets.Socket.AwaitableSocketAsyncEventArgs.System.Threading.Tasks.Sources.IValueTaskSource<System.Int32>.GetResult(Int16 token)
   at System.Net.Security.SslStream.EnsureFullTlsFrameAsync[TIOAdapter](CancellationToken cancellationToken, Int32 estimatedSize)
   at System.Runtime.CompilerServices.PoolingAsyncValueTaskMethodBuilder`1.StateMachineBox`1.System.Threading.Tasks.Sources.IValueTaskSource<TResult>.GetResult(Int16 token)
   at System.Net.Security.SslStream.ReadAsyncInternal[TIOAdapter](Memory`1 buffer, CancellationToken cancellationToken)
   at System.Runtime.CompilerServices.PoolingAsyncValueTaskMethodBuilder`1.StateMachineBox`1.System.Threading.Tasks.Sources.IValueTaskSource<TResult>.GetResult(Int16 token)
   at System.Net.Http.HttpConnection.InitialFillAsync(Boolean async)
   at System.Net.Http.HttpConnection.SendAsync(HttpRequestMessage request, Boolean async, CancellationToken cancellationToken)
   --- End of inner exception stack trace ---
   at System.Net.Http.HttpConnection.SendAsync(HttpRequestMessage request, Boolean async, CancellationToken cancellationToken)
   at System.Net.Http.HttpConnectionPool.SendWithVersionDetectionAndRetryAsync(HttpRequestMessage request, Boolean async, Boolean doRequestAuth, CancellationToken cancellationToken)
   at System.Net.Http.DiagnosticsHandler.SendAsyncCore(HttpRequestMessage request, Boolean async, CancellationToken cancellationToken)
   at System.Net.Http.RedirectHandler.SendAsync(HttpRequestMessage request, Boolean async, CancellationToken cancellationToken)
   at Microsoft.Extensions.Http.Logging.LoggingHttpMessageHandler.<SendCoreAsync>g__Core|5_0(HttpRequestMessage request, Boolean useAsync, CancellationToken cancellationToken)
   at Microsoft.Extensions.Http.Logging.LoggingScopeHttpMessageHandler.<SendCoreAsync>g__Core|5_0(HttpRequestMessage request, Boolean useAsync, CancellationToken cancellationToken)
   at System.Net.Http.HttpClient.<SendAsync>g__Core|83_0(HttpRequestMessage request, HttpCompletionOption completionOption, CancellationTokenSource cts, Boolean disposeCts, CancellationTokenSource pendingRequestsCts, CancellationToken originalCancellationToken)
   --- End of inner exception stack trace ---
   at System.Net.Http.HttpClient.HandleFailure(Exception e, Boolean telemetryStarted, HttpResponseMessage response, CancellationTokenSource cts, CancellationToken cancellationToken, CancellationTokenSource pendingRequestsCts)
   at System.Net.Http.HttpClient.<SendAsync>g__Core|83_0(HttpRequestMessage request, HttpCompletionOption completionOption, CancellationTokenSource cts, Boolean disposeCts, CancellationTokenSource pendingRequestsCts, CancellationToken originalCancellationToken)
   at System.Net.Http.Json.HttpClientJsonExtensions.<FromJsonAsyncCore>g__Core|12_0[TValue,TJsonOptions](HttpClient client, Task`1 responseTask, Boolean usingResponseHeadersRead, CancellationTokenSource linkedCTS, Func`4 deserializeMethod, TJsonOptions jsonOptions, CancellationToken cancellationToken)
   at HidroRec.Backend.Infrastructure.ExternalServices.WeatherService.GetCurrentRainAsync(CancellationToken cancellationToken) in C:\Users\ACPGROUP\Desktop\HTML PURO\hidrorec\backend\Infrastructure\ExternalServices\WeatherService.cs:line 24
2026-03-31 13:50:27.159 -03:00 [INF] Executing OkObjectResult, writing value of type 'HidroRec.Backend.Application.DTOs.Common.ApiResponse`1[[HidroRec.Backend.Application.DTOs.Auth.UsuarioResumoDto, HidroRec.Backend, Version=1.0.0.0, Culture=neutral, PublicKeyToken=null]]'.
2026-03-31 13:50:27.244 -03:00 [INF] Executing OkObjectResult, writing value of type 'HidroRec.Backend.Application.DTOs.Common.ApiResponse`1[[HidroRec.Backend.Application.DTOs.Dashboard.DashboardResumoDto, HidroRec.Backend, Version=1.0.0.0, Culture=neutral, PublicKeyToken=null]]'.
2026-03-31 13:50:27.245 -03:00 [INF] Executed action HidroRec.Backend.Controllers.AuthController.Me (HidroRec.Backend) in 92.2835ms
2026-03-31 13:50:27.252 -03:00 [INF] Executed action HidroRec.Backend.Controllers.DashboardController.GetResumo (HidroRec.Backend) in 3448.4744ms
2026-03-31 13:50:27.253 -03:00 [INF] Executed endpoint 'HidroRec.Backend.Controllers.AuthController.Me (HidroRec.Backend)'
2026-03-31 13:50:27.257 -03:00 [INF] Executed endpoint 'HidroRec.Backend.Controllers.DashboardController.GetResumo (HidroRec.Backend)'
2026-03-31 13:50:27.261 -03:00 [INF] HTTP GET /api/auth/me responded 200 in 112.7106 ms
2026-03-31 13:50:27.264 -03:00 [INF] HTTP GET /api/dashboard/resumo responded 200 in 3472.9788 ms
2026-03-31 13:50:27.271 -03:00 [INF] Request finished HTTP/1.1 GET http://localhost:8080/api/auth/me - 200 null application/json; charset=utf-8 124.3634ms
2026-03-31 13:50:27.275 -03:00 [INF] Request finished HTTP/1.1 GET http://localhost:8080/api/dashboard/resumo - 499 null application/json; charset=utf-8 3488.3089ms
2026-03-31 13:50:27.283 -03:00 [INF] Request starting HTTP/1.1 GET http://localhost:8080/api/dashboard/resumo - null null
2026-03-31 13:50:27.300 -03:00 [INF] Executing endpoint 'HidroRec.Backend.Controllers.DashboardController.GetResumo (HidroRec.Backend)'
2026-03-31 13:50:27.305 -03:00 [INF] Route matched with {action = "GetResumo", controller = "Dashboard"}. Executing controller action with signature System.Threading.Tasks.Task`1[Microsoft.AspNetCore.Mvc.ActionResult`1[HidroRec.Backend.Application.DTOs.Common.ApiResponse`1[HidroRec.Backend.Application.DTOs.Dashboard.DashboardResumoDto]]] GetResumo(System.Threading.CancellationToken) on controller HidroRec.Backend.Controllers.DashboardController (HidroRec.Backend).
2026-03-31 13:50:27.319 -03:00 [INF] Start processing HTTP request GET https://geoportal.apac.pe.gov.br/server/rest/services/met_volume_acumulado_chuva_municipio_24hs/MapServer/0/query?where=nm_mun%20%3D%20%27Recife%27&outFields=nm_mun,horas_24,ultima_leitura_data_hora&returnGeometry=false&f=json
2026-03-31 13:50:27.323 -03:00 [INF] Sending HTTP request GET https://geoportal.apac.pe.gov.br/server/rest/services/met_volume_acumulado_chuva_municipio_24hs/MapServer/0/query?where=nm_mun%20%3D%20%27Recife%27&outFields=nm_mun,horas_24,ultima_leitura_data_hora&returnGeometry=false&f=json
2026-03-31 13:50:27.623 -03:00 [INF] Received HTTP response headers after 295.9938ms - 200
2026-03-31 13:50:27.628 -03:00 [INF] End processing HTTP request after 309.1361ms - 200
2026-03-31 13:50:27.634 -03:00 [INF] Executing OkObjectResult, writing value of type 'HidroRec.Backend.Application.DTOs.Common.ApiResponse`1[[HidroRec.Backend.Application.DTOs.Dashboard.DashboardResumoDto, HidroRec.Backend, Version=1.0.0.0, Culture=neutral, PublicKeyToken=null]]'.
2026-03-31 13:50:27.642 -03:00 [INF] Executed action HidroRec.Backend.Controllers.DashboardController.GetResumo (HidroRec.Backend) in 331.4136ms
2026-03-31 13:50:27.645 -03:00 [INF] Executed endpoint 'HidroRec.Backend.Controllers.DashboardController.GetResumo (HidroRec.Backend)'
2026-03-31 13:50:27.650 -03:00 [INF] HTTP GET /api/dashboard/resumo responded 200 in 350.6426 ms
2026-03-31 13:50:27.658 -03:00 [INF] Request finished HTTP/1.1 GET http://localhost:8080/api/dashboard/resumo - 200 null application/json; charset=utf-8 374.2532ms
2026-03-31 20:30:38.988 -03:00 [ERR] Failed executing DbCommand (7ms) [Parameters=[], CommandType='"Text"', CommandTimeout='30']
CREATE TABLE [AreasMonitoradas] (
    [Id] int NOT NULL IDENTITY,
    [Nome] nvarchar(max) NOT NULL,
    [Codigo] nvarchar(450) NOT NULL,
    [Tipo] nvarchar(max) NOT NULL,
    [OrganizacaoId] int NOT NULL,
    [BairroId] int NULL,
    [RegiaoId] int NULL,
    [Latitude] decimal(10,6) NOT NULL,
    [Longitude] decimal(10,6) NOT NULL,
    [Vulnerabilidade] int NOT NULL,
    [CriticidadeOperacional] int NOT NULL,
    [Cobertura] nvarchar(max) NOT NULL,
    [Ativa] bit NOT NULL,
    [DataCriacao] datetime2 NOT NULL,
    [DataAtualizacao] datetime2 NOT NULL,
    [Excluido] bit NOT NULL,
    CONSTRAINT [PK_AreasMonitoradas] PRIMARY KEY ([Id]),
    CONSTRAINT [FK_AreasMonitoradas_Bairros_BairroId] FOREIGN KEY ([BairroId]) REFERENCES [Bairros] ([Id]) ON DELETE SET NULL,
    CONSTRAINT [FK_AreasMonitoradas_Organizacoes_OrganizacaoId] FOREIGN KEY ([OrganizacaoId]) REFERENCES [Organizacoes] ([Id]) ON DELETE NO ACTION,
    CONSTRAINT [FK_AreasMonitoradas_Regioes_RegiaoId] FOREIGN KEY ([RegiaoId]) REFERENCES [Regioes] ([Id]) ON DELETE SET NULL
);
2026-03-31 20:30:57.330 -03:00 [ERR] Failed executing DbCommand (6ms) [Parameters=[], CommandType='"Text"', CommandTimeout='30']
CREATE TABLE [AreasMonitoradas] (
    [Id] int NOT NULL IDENTITY,
    [Nome] nvarchar(max) NOT NULL,
    [Codigo] nvarchar(450) NOT NULL,
    [Tipo] nvarchar(max) NOT NULL,
    [OrganizacaoId] int NOT NULL,
    [BairroId] int NULL,
    [RegiaoId] int NULL,
    [Latitude] decimal(10,6) NOT NULL,
    [Longitude] decimal(10,6) NOT NULL,
    [Vulnerabilidade] int NOT NULL,
    [CriticidadeOperacional] int NOT NULL,
    [Cobertura] nvarchar(max) NOT NULL,
    [Ativa] bit NOT NULL,
    [DataCriacao] datetime2 NOT NULL,
    [DataAtualizacao] datetime2 NOT NULL,
    [Excluido] bit NOT NULL,
    CONSTRAINT [PK_AreasMonitoradas] PRIMARY KEY ([Id]),
    CONSTRAINT [FK_AreasMonitoradas_Bairros_BairroId] FOREIGN KEY ([BairroId]) REFERENCES [Bairros] ([Id]) ON DELETE SET NULL,
    CONSTRAINT [FK_AreasMonitoradas_Organizacoes_OrganizacaoId] FOREIGN KEY ([OrganizacaoId]) REFERENCES [Organizacoes] ([Id]) ON DELETE NO ACTION,
    CONSTRAINT [FK_AreasMonitoradas_Regioes_RegiaoId] FOREIGN KEY ([RegiaoId]) REFERENCES [Regioes] ([Id]) ON DELETE SET NULL
);
2026-03-31 20:33:01.027 -03:00 [INF] User profile is available. Using 'C:\Users\ACPGROUP\AppData\Local\ASP.NET\DataProtection-Keys' as key repository and Windows DPAPI to encrypt keys at rest.
2026-03-31 20:33:01.129 -03:00 [INF] Now listening on: http://localhost:8080
2026-03-31 20:33:01.132 -03:00 [INF] Application started. Press Ctrl+C to shut down.
2026-03-31 20:33:01.133 -03:00 [INF] Hosting environment: Development
2026-03-31 20:33:01.134 -03:00 [INF] Content root path: C:\Users\ACPGROUP\Desktop\HTML PURO\hidrorec\backend
2026-03-31 20:33:09.492 -03:00 [INF] Request starting HTTP/1.1 GET http://localhost:8080/ - null null
2026-03-31 20:33:09.610 -03:00 [INF] Executing endpoint 'HTTP: GET /'
2026-03-31 20:33:09.635 -03:00 [INF] Executed endpoint 'HTTP: GET /'
2026-03-31 20:33:09.644 -03:00 [INF] HTTP GET / responded 200 in 114.8294 ms
2026-03-31 20:33:09.651 -03:00 [INF] Request finished HTTP/1.1 GET http://localhost:8080/ - 200 null text/html; charset=utf-8 161.7651ms
2026-03-31 20:33:09.667 -03:00 [INF] Request starting HTTP/1.1 GET http://localhost:8080/css/layout.css - null null
2026-03-31 20:33:09.667 -03:00 [INF] Request starting HTTP/1.1 GET http://localhost:8080/css/global.css - null null
2026-03-31 20:33:09.667 -03:00 [INF] Request starting HTTP/1.1 GET http://localhost:8080/css/components.css - null null
2026-03-31 20:33:09.668 -03:00 [INF] Request starting HTTP/1.1 GET http://localhost:8080/css/dashboard.css - null null
2026-03-31 20:33:09.668 -03:00 [INF] Request starting HTTP/1.1 GET http://localhost:8080/css/mapa.css - null null
2026-03-31 20:33:09.668 -03:00 [INF] Request starting HTTP/1.1 GET http://localhost:8080/js/dashboard.js - null null
2026-03-31 20:33:09.685 -03:00 [INF] Sending file. Request path: '/css/global.css'. Physical path: 'C:\Users\ACPGROUP\Desktop\HTML PURO\hidrorec\frontend\css\global.css'
2026-03-31 20:33:09.685 -03:00 [INF] Sending file. Request path: '/css/layout.css'. Physical path: 'C:\Users\ACPGROUP\Desktop\HTML PURO\hidrorec\frontend\css\layout.css'
2026-03-31 20:33:09.685 -03:00 [INF] Sending file. Request path: '/css/dashboard.css'. Physical path: 'C:\Users\ACPGROUP\Desktop\HTML PURO\hidrorec\frontend\css\dashboard.css'
2026-03-31 20:33:09.685 -03:00 [INF] Sending file. Request path: '/css/components.css'. Physical path: 'C:\Users\ACPGROUP\Desktop\HTML PURO\hidrorec\frontend\css\components.css'
2026-03-31 20:33:09.685 -03:00 [INF] The file /css/mapa.css was not modified
2026-03-31 20:33:09.692 -03:00 [INF] HTTP GET /css/global.css responded 200 in 20.8719 ms
2026-03-31 20:33:09.693 -03:00 [INF] HTTP GET /css/layout.css responded 200 in 22.3920 ms
2026-03-31 20:33:09.695 -03:00 [INF] HTTP GET /css/dashboard.css responded 200 in 15.3172 ms
2026-03-31 20:33:09.696 -03:00 [INF] CORS policy execution successful.
2026-03-31 20:33:09.696 -03:00 [INF] HTTP GET /css/components.css responded 200 in 20.6991 ms
2026-03-31 20:33:09.697 -03:00 [INF] HTTP GET /css/mapa.css responded 304 in 12.9511 ms
2026-03-31 20:33:09.699 -03:00 [INF] Request finished HTTP/1.1 GET http://localhost:8080/css/global.css - 200 3158 text/css 32.2785ms
2026-03-31 20:33:09.701 -03:00 [INF] Request finished HTTP/1.1 GET http://localhost:8080/css/layout.css - 200 3588 text/css 33.9951ms
2026-03-31 20:33:09.703 -03:00 [INF] Request finished HTTP/1.1 GET http://localhost:8080/css/dashboard.css - 200 3702 text/css 35.4652ms
2026-03-31 20:33:09.706 -03:00 [INF] Sending file. Request path: '/js/dashboard.js'. Physical path: 'C:\Users\ACPGROUP\Desktop\HTML PURO\hidrorec\frontend\js\dashboard.js'
2026-03-31 20:33:09.707 -03:00 [INF] Request finished HTTP/1.1 GET http://localhost:8080/css/components.css - 200 6773 text/css 39.375ms
2026-03-31 20:33:09.711 -03:00 [INF] Request finished HTTP/1.1 GET http://localhost:8080/css/mapa.css - 304 null text/css 42.7372ms
2026-03-31 20:33:09.714 -03:00 [INF] Request starting HTTP/1.1 GET http://localhost:8080/js/api.js - null null
2026-03-31 20:33:09.716 -03:00 [INF] Request starting HTTP/1.1 GET http://localhost:8080/js/mapa.js - null null
2026-03-31 20:33:09.720 -03:00 [INF] HTTP GET /js/dashboard.js responded 200 in 29.4228 ms
2026-03-31 20:33:09.726 -03:00 [INF] Request starting HTTP/1.1 GET http://localhost:8080/js/utils.js - null null
2026-03-31 20:33:09.733 -03:00 [INF] CORS policy execution successful.
2026-03-31 20:33:09.735 -03:00 [INF] CORS policy execution successful.
2026-03-31 20:33:09.737 -03:00 [INF] Request finished HTTP/1.1 GET http://localhost:8080/js/dashboard.js - 200 6642 text/javascript 68.4548ms
2026-03-31 20:33:09.740 -03:00 [INF] CORS policy execution successful.
2026-03-31 20:33:09.742 -03:00 [INF] The file /js/api.js was not modified
2026-03-31 20:33:09.743 -03:00 [INF] Sending file. Request path: '/js/mapa.js'. Physical path: 'C:\Users\ACPGROUP\Desktop\HTML PURO\hidrorec\frontend\js\mapa.js'
2026-03-31 20:33:09.746 -03:00 [INF] Request starting HTTP/1.1 GET http://localhost:8080/js/app.js - null null
2026-03-31 20:33:09.747 -03:00 [INF] The file /js/utils.js was not modified
2026-03-31 20:33:09.748 -03:00 [INF] HTTP GET /js/api.js responded 304 in 15.2770 ms
2026-03-31 20:33:09.749 -03:00 [INF] HTTP GET /js/mapa.js responded 200 in 13.9186 ms
2026-03-31 20:33:09.751 -03:00 [INF] CORS policy execution successful.
2026-03-31 20:33:09.752 -03:00 [INF] HTTP GET /js/utils.js responded 304 in 12.0459 ms
2026-03-31 20:33:09.754 -03:00 [INF] Request finished HTTP/1.1 GET http://localhost:8080/js/api.js - 304 null text/javascript 39.6586ms
2026-03-31 20:33:09.757 -03:00 [INF] Request finished HTTP/1.1 GET http://localhost:8080/js/mapa.js - 200 1155 text/javascript 40.9241ms
2026-03-31 20:33:09.759 -03:00 [INF] The file /js/app.js was not modified
2026-03-31 20:33:09.761 -03:00 [INF] Request finished HTTP/1.1 GET http://localhost:8080/js/utils.js - 304 null text/javascript 34.5969ms
2026-03-31 20:33:09.767 -03:00 [INF] HTTP GET /js/app.js responded 304 in 16.0767 ms
2026-03-31 20:33:09.772 -03:00 [INF] Request finished HTTP/1.1 GET http://localhost:8080/js/app.js - 304 null text/javascript 25.6804ms
2026-03-31 20:33:09.783 -03:00 [INF] Request starting HTTP/1.1 GET http://localhost:8080/api/dashboard/resumo - null null
2026-03-31 20:33:09.786 -03:00 [INF] Request starting HTTP/1.1 GET http://localhost:8080/favicon.ico - null null
2026-03-31 20:33:09.789 -03:00 [INF] Executing endpoint 'HidroRec.Backend.Controllers.DashboardController.GetResumo (HidroRec.Backend)'
2026-03-31 20:33:09.796 -03:00 [INF] HTTP GET /favicon.ico responded 404 in 2.6112 ms
2026-03-31 20:33:09.798 -03:00 [INF] Request finished HTTP/1.1 GET http://localhost:8080/favicon.ico - 404 0 null 11.9991ms
2026-03-31 20:33:09.802 -03:00 [INF] Request reached the end of the middleware pipeline without being handled by application code. Request path: GET http://localhost:8080/favicon.ico, Response status code: 404
2026-03-31 20:33:09.816 -03:00 [INF] Route matched with {action = "GetResumo", controller = "Dashboard"}. Executing controller action with signature System.Threading.Tasks.Task`1[Microsoft.AspNetCore.Mvc.ActionResult`1[HidroRec.Backend.Application.DTOs.Common.ApiResponse`1[HidroRec.Backend.Application.DTOs.Dashboard.DashboardResumoDto]]] GetResumo(System.Threading.CancellationToken) on controller HidroRec.Backend.Controllers.DashboardController (HidroRec.Backend).
2026-03-31 20:33:09.941 -03:00 [WRN] The query uses the 'First'/'FirstOrDefault' operator without 'OrderBy' and filter operators. This may lead to unpredictable results.
2026-03-31 20:33:10.291 -03:00 [INF] Start processing HTTP request GET https://geoportal.apac.pe.gov.br/server/rest/services/met_volume_acumulado_chuva_municipio_24hs/MapServer/0/query?where=nm_mun%20%3D%20%27Recife%27&outFields=nm_mun,horas_24,ultima_leitura_data_hora&returnGeometry=false&f=json
2026-03-31 20:33:10.296 -03:00 [INF] Sending HTTP request GET https://geoportal.apac.pe.gov.br/server/rest/services/met_volume_acumulado_chuva_municipio_24hs/MapServer/0/query?where=nm_mun%20%3D%20%27Recife%27&outFields=nm_mun,horas_24,ultima_leitura_data_hora&returnGeometry=false&f=json
2026-03-31 20:33:10.883 -03:00 [INF] Received HTTP response headers after 578.9867ms - 200
2026-03-31 20:33:10.888 -03:00 [INF] End processing HTTP request after 598.7518ms - 200
2026-03-31 20:33:11.017 -03:00 [INF] Executing OkObjectResult, writing value of type 'HidroRec.Backend.Application.DTOs.Common.ApiResponse`1[[HidroRec.Backend.Application.DTOs.Dashboard.DashboardResumoDto, HidroRec.Backend, Version=1.0.0.0, Culture=neutral, PublicKeyToken=null]]'.
2026-03-31 20:33:11.102 -03:00 [INF] Executed action HidroRec.Backend.Controllers.DashboardController.GetResumo (HidroRec.Backend) in 1278.2172ms
2026-03-31 20:33:11.106 -03:00 [INF] Executed endpoint 'HidroRec.Backend.Controllers.DashboardController.GetResumo (HidroRec.Backend)'
2026-03-31 20:33:11.108 -03:00 [INF] HTTP GET /api/dashboard/resumo responded 200 in 1320.7451 ms
2026-03-31 20:33:11.115 -03:00 [INF] Request finished HTTP/1.1 GET http://localhost:8080/api/dashboard/resumo - 200 null application/json; charset=utf-8 1332.382ms
2026-03-31 20:34:00.075 -03:00 [INF] Request starting HTTP/1.1 GET http://localhost:8080/previsoes.html - null null
2026-03-31 20:34:00.080 -03:00 [INF] The file /previsoes.html was not modified
2026-03-31 20:34:00.081 -03:00 [INF] HTTP GET /previsoes.html responded 304 in 2.7538 ms
2026-03-31 20:34:00.084 -03:00 [INF] Request finished HTTP/1.1 GET http://localhost:8080/previsoes.html - 304 null text/html 9.0231ms
2026-03-31 20:34:00.098 -03:00 [INF] Request starting HTTP/1.1 GET http://localhost:8080/css/previsoes.css - null null
2026-03-31 20:34:00.101 -03:00 [INF] Request starting HTTP/1.1 GET http://localhost:8080/js/previsoes.js - null null
2026-03-31 20:34:00.101 -03:00 [INF] Sending file. Request path: '/css/previsoes.css'. Physical path: 'C:\Users\ACPGROUP\Desktop\HTML PURO\hidrorec\frontend\css\previsoes.css'
2026-03-31 20:34:00.103 -03:00 [INF] CORS policy execution successful.
2026-03-31 20:34:00.104 -03:00 [INF] HTTP GET /css/previsoes.css responded 200 in 3.1673 ms
2026-03-31 20:34:00.105 -03:00 [INF] Sending file. Request path: '/js/previsoes.js'. Physical path: 'C:\Users\ACPGROUP\Desktop\HTML PURO\hidrorec\frontend\js\previsoes.js'
2026-03-31 20:34:00.106 -03:00 [INF] Request finished HTTP/1.1 GET http://localhost:8080/css/previsoes.css - 200 662 text/css 7.752ms
2026-03-31 20:34:00.107 -03:00 [INF] HTTP GET /js/previsoes.js responded 200 in 4.2952 ms
2026-03-31 20:34:00.110 -03:00 [INF] Request starting HTTP/1.1 GET http://localhost:8080/api/previsoes - null null
2026-03-31 20:34:00.113 -03:00 [INF] Request finished HTTP/1.1 GET http://localhost:8080/js/previsoes.js - 200 1251 text/javascript 11.7871ms
2026-03-31 20:34:00.117 -03:00 [INF] Executing endpoint 'HidroRec.Backend.Controllers.PrevisoesController.GetResumo (HidroRec.Backend)'
2026-03-31 20:34:00.128 -03:00 [INF] Route matched with {action = "GetResumo", controller = "Previsoes"}. Executing controller action with signature System.Threading.Tasks.Task`1[Microsoft.AspNetCore.Mvc.ActionResult`1[HidroRec.Backend.Application.DTOs.Common.ApiResponse`1[HidroRec.Backend.Application.DTOs.Previsoes.PrevisaoResumoDto]]] GetResumo(System.Threading.CancellationToken) on controller HidroRec.Backend.Controllers.PrevisoesController (HidroRec.Backend).
2026-03-31 20:34:00.140 -03:00 [INF] Start processing HTTP request GET https://geoportal.apac.pe.gov.br/server/rest/services/met_volume_acumulado_chuva_municipio_24hs/MapServer/0/query?where=nm_mun%20%3D%20%27Recife%27&outFields=nm_mun,horas_24,ultima_leitura_data_hora&returnGeometry=false&f=json
2026-03-31 20:34:00.141 -03:00 [INF] Sending HTTP request GET https://geoportal.apac.pe.gov.br/server/rest/services/met_volume_acumulado_chuva_municipio_24hs/MapServer/0/query?where=nm_mun%20%3D%20%27Recife%27&outFields=nm_mun,horas_24,ultima_leitura_data_hora&returnGeometry=false&f=json
2026-03-31 20:34:00.225 -03:00 [INF] Received HTTP response headers after 82.4372ms - 200
2026-03-31 20:34:00.230 -03:00 [INF] End processing HTTP request after 89.8373ms - 200
2026-03-31 20:34:00.237 -03:00 [INF] Executing OkObjectResult, writing value of type 'HidroRec.Backend.Application.DTOs.Common.ApiResponse`1[[HidroRec.Backend.Application.DTOs.Previsoes.PrevisaoResumoDto, HidroRec.Backend, Version=1.0.0.0, Culture=neutral, PublicKeyToken=null]]'.
2026-03-31 20:34:00.255 -03:00 [INF] Executed action HidroRec.Backend.Controllers.PrevisoesController.GetResumo (HidroRec.Backend) in 120.1227ms
2026-03-31 20:34:00.259 -03:00 [INF] Executed endpoint 'HidroRec.Backend.Controllers.PrevisoesController.GetResumo (HidroRec.Backend)'
2026-03-31 20:34:00.262 -03:00 [INF] HTTP GET /api/previsoes responded 200 in 145.4771 ms
2026-03-31 20:34:00.267 -03:00 [INF] Request finished HTTP/1.1 GET http://localhost:8080/api/previsoes - 200 null application/json; charset=utf-8 157.2201ms
2026-03-31 20:35:03.835 -03:00 [INF] Request starting HTTP/1.1 GET http://localhost:8080/alertas.html - null null
2026-03-31 20:35:03.839 -03:00 [INF] Sending file. Request path: '/alertas.html'. Physical path: 'C:\Users\ACPGROUP\Desktop\HTML PURO\hidrorec\frontend\alertas.html'
2026-03-31 20:35:03.841 -03:00 [INF] HTTP GET /alertas.html responded 200 in 3.3697 ms
2026-03-31 20:35:03.844 -03:00 [INF] Request finished HTTP/1.1 GET http://localhost:8080/alertas.html - 200 2753 text/html 9.4834ms
2026-03-31 20:35:03.864 -03:00 [INF] Request starting HTTP/1.1 GET http://localhost:8080/css/alertas.css - null null
2026-03-31 20:35:03.864 -03:00 [INF] Request starting HTTP/1.1 GET http://localhost:8080/js/alertas.js - null null
2026-03-31 20:35:03.869 -03:00 [INF] Sending file. Request path: '/css/alertas.css'. Physical path: 'C:\Users\ACPGROUP\Desktop\HTML PURO\hidrorec\frontend\css\alertas.css'
2026-03-31 20:35:03.871 -03:00 [INF] CORS policy execution successful.
2026-03-31 20:35:03.872 -03:00 [INF] HTTP GET /css/alertas.css responded 200 in 4.6741 ms
2026-03-31 20:35:03.873 -03:00 [INF] Sending file. Request path: '/js/alertas.js'. Physical path: 'C:\Users\ACPGROUP\Desktop\HTML PURO\hidrorec\frontend\js\alertas.js'
2026-03-31 20:35:03.875 -03:00 [INF] Request finished HTTP/1.1 GET http://localhost:8080/css/alertas.css - 200 778 text/css 10.3979ms
2026-03-31 20:35:03.876 -03:00 [INF] HTTP GET /js/alertas.js responded 200 in 5.8045 ms
2026-03-31 20:35:03.879 -03:00 [INF] Request starting HTTP/1.1 GET http://localhost:8080/api/alertas/ativos - null null
2026-03-31 20:35:03.881 -03:00 [INF] Request finished HTTP/1.1 GET http://localhost:8080/js/alertas.js - 200 1287 text/javascript 16.675ms
2026-03-31 20:35:03.884 -03:00 [INF] Executing endpoint 'HidroRec.Backend.Controllers.AlertasController.GetAtivos (HidroRec.Backend)'
2026-03-31 20:35:03.894 -03:00 [INF] Route matched with {action = "GetAtivos", controller = "Alertas"}. Executing controller action with signature System.Threading.Tasks.Task`1[Microsoft.AspNetCore.Mvc.ActionResult`1[HidroRec.Backend.Application.DTOs.Common.ApiResponse`1[System.Collections.Generic.IReadOnlyCollection`1[HidroRec.Backend.Application.DTOs.Alertas.AlertaDto]]]] GetAtivos(System.String, System.Threading.CancellationToken) on controller HidroRec.Backend.Controllers.AlertasController (HidroRec.Backend).
2026-03-31 20:35:04.134 -03:00 [INF] Executing OkObjectResult, writing value of type 'HidroRec.Backend.Application.DTOs.Common.ApiResponse`1[[System.Collections.Generic.IReadOnlyCollection`1[[HidroRec.Backend.Application.DTOs.Alertas.AlertaDto, HidroRec.Backend, Version=1.0.0.0, Culture=neutral, PublicKeyToken=null]], System.Private.CoreLib, Version=8.0.0.0, Culture=neutral, PublicKeyToken=7cec85d7bea7798e]]'.
2026-03-31 20:35:04.149 -03:00 [INF] Executed action HidroRec.Backend.Controllers.AlertasController.GetAtivos (HidroRec.Backend) in 251.8828ms
2026-03-31 20:35:04.152 -03:00 [INF] Executed endpoint 'HidroRec.Backend.Controllers.AlertasController.GetAtivos (HidroRec.Backend)'
2026-03-31 20:35:04.154 -03:00 [INF] HTTP GET /api/alertas/ativos responded 200 in 270.2054 ms
2026-03-31 20:35:04.155 -03:00 [INF] Request finished HTTP/1.1 GET http://localhost:8080/api/alertas/ativos - 200 null application/json; charset=utf-8 276.3981ms
2026-03-31 20:35:10.417 -03:00 [INF] Request starting HTTP/1.1 GET http://localhost:8080/admin.html - null null
2026-03-31 20:35:10.421 -03:00 [INF] Sending file. Request path: '/admin.html'. Physical path: 'C:\Users\ACPGROUP\Desktop\HTML PURO\hidrorec\frontend\admin.html'
2026-03-31 20:35:10.424 -03:00 [INF] HTTP GET /admin.html responded 200 in 4.0491 ms
2026-03-31 20:35:10.428 -03:00 [INF] Request finished HTTP/1.1 GET http://localhost:8080/admin.html - 200 6158 text/html 10.7763ms
2026-03-31 20:35:10.437 -03:00 [INF] Request starting HTTP/1.1 GET http://localhost:8080/css/admin.css - null null
2026-03-31 20:35:10.437 -03:00 [INF] Request starting HTTP/1.1 GET http://localhost:8080/js/admin.js - null null
2026-03-31 20:35:10.440 -03:00 [INF] Sending file. Request path: '/css/admin.css'. Physical path: 'C:\Users\ACPGROUP\Desktop\HTML PURO\hidrorec\frontend\css\admin.css'
2026-03-31 20:35:10.442 -03:00 [INF] CORS policy execution successful.
2026-03-31 20:35:10.443 -03:00 [INF] HTTP GET /css/admin.css responded 200 in 3.5084 ms
2026-03-31 20:35:10.444 -03:00 [INF] Sending file. Request path: '/js/admin.js'. Physical path: 'C:\Users\ACPGROUP\Desktop\HTML PURO\hidrorec\frontend\js\admin.js'
2026-03-31 20:35:10.446 -03:00 [INF] Request finished HTTP/1.1 GET http://localhost:8080/css/admin.css - 200 2544 text/css 8.9403ms
2026-03-31 20:35:10.448 -03:00 [INF] HTTP GET /js/admin.js responded 200 in 6.5141 ms
2026-03-31 20:35:10.453 -03:00 [INF] Request finished HTTP/1.1 GET http://localhost:8080/js/admin.js - 200 6888 text/javascript 15.9374ms
2026-03-31 20:35:17.720 -03:00 [INF] Request starting HTTP/1.1 POST http://localhost:8080/api/auth/login - application/json 56
2026-03-31 20:35:17.723 -03:00 [INF] CORS policy execution successful.
2026-03-31 20:35:17.740 -03:00 [INF] Executing endpoint 'HidroRec.Backend.Controllers.AuthController.Login (HidroRec.Backend)'
2026-03-31 20:35:17.746 -03:00 [INF] Route matched with {action = "Login", controller = "Auth"}. Executing controller action with signature System.Threading.Tasks.Task`1[Microsoft.AspNetCore.Mvc.ActionResult`1[HidroRec.Backend.Application.DTOs.Common.ApiResponse`1[HidroRec.Backend.Application.DTOs.Auth.AuthResponseDto]]] Login(HidroRec.Backend.Application.DTOs.Auth.LoginRequestDto, System.Threading.CancellationToken) on controller HidroRec.Backend.Controllers.AuthController (HidroRec.Backend).
2026-03-31 20:35:17.956 -03:00 [INF] Executing OkObjectResult, writing value of type 'HidroRec.Backend.Application.DTOs.Common.ApiResponse`1[[HidroRec.Backend.Application.DTOs.Auth.AuthResponseDto, HidroRec.Backend, Version=1.0.0.0, Culture=neutral, PublicKeyToken=null]]'.
2026-03-31 20:35:17.959 -03:00 [INF] Executed action HidroRec.Backend.Controllers.AuthController.Login (HidroRec.Backend) in 211.1607ms
2026-03-31 20:35:17.961 -03:00 [INF] Executed endpoint 'HidroRec.Backend.Controllers.AuthController.Login (HidroRec.Backend)'
2026-03-31 20:35:17.963 -03:00 [INF] HTTP POST /api/auth/login responded 200 in 239.9345 ms
2026-03-31 20:35:17.965 -03:00 [INF] Request finished HTTP/1.1 POST http://localhost:8080/api/auth/login - 200 null application/json; charset=utf-8 245.7386ms
2026-03-31 20:35:17.971 -03:00 [INF] Request starting HTTP/1.1 GET http://localhost:8080/api/admin/metricas - null null
2026-03-31 20:35:17.971 -03:00 [INF] Request starting HTTP/1.1 GET http://localhost:8080/api/admin/reportes - null null
2026-03-31 20:35:17.971 -03:00 [INF] Request starting HTTP/1.1 GET http://localhost:8080/api/admin/auditoria - null null
2026-03-31 20:35:17.972 -03:00 [INF] Request starting HTTP/1.1 GET http://localhost:8080/api/admin/logs - null null
2026-03-31 20:35:18.028 -03:00 [INF] Executing endpoint 'HidroRec.Backend.Controllers.AdminController.GetLogs (HidroRec.Backend)'
2026-03-31 20:35:18.028 -03:00 [INF] Executing endpoint 'HidroRec.Backend.Controllers.AdminController.GetAuditoria (HidroRec.Backend)'
2026-03-31 20:35:18.028 -03:00 [INF] Executing endpoint 'HidroRec.Backend.Controllers.AdminController.GetMetricas (HidroRec.Backend)'
2026-03-31 20:35:18.028 -03:00 [INF] Executing endpoint 'HidroRec.Backend.Controllers.AdminController.GetReportes (HidroRec.Backend)'
2026-03-31 20:35:18.035 -03:00 [INF] Route matched with {action = "GetLogs", controller = "Admin"}. Executing controller action with signature System.Threading.Tasks.Task`1[Microsoft.AspNetCore.Mvc.ActionResult`1[HidroRec.Backend.Application.DTOs.Common.ApiResponse`1[System.Collections.Generic.IReadOnlyCollection`1[HidroRec.Backend.Application.DTOs.Admin.LogSistemaDto]]]] GetLogs(System.Threading.CancellationToken) on controller HidroRec.Backend.Controllers.AdminController (HidroRec.Backend).
2026-03-31 20:35:18.036 -03:00 [INF] Route matched with {action = "GetAuditoria", controller = "Admin"}. Executing controller action with signature System.Threading.Tasks.Task`1[Microsoft.AspNetCore.Mvc.ActionResult`1[HidroRec.Backend.Application.DTOs.Common.ApiResponse`1[System.Collections.Generic.IReadOnlyCollection`1[HidroRec.Backend.Application.DTOs.Admin.AuditoriaDto]]]] GetAuditoria(System.Threading.CancellationToken) on controller HidroRec.Backend.Controllers.AdminController (HidroRec.Backend).
2026-03-31 20:35:18.038 -03:00 [INF] Route matched with {action = "GetMetricas", controller = "Admin"}. Executing controller action with signature System.Threading.Tasks.Task`1[Microsoft.AspNetCore.Mvc.ActionResult`1[HidroRec.Backend.Application.DTOs.Common.ApiResponse`1[HidroRec.Backend.Application.DTOs.Admin.AdminMetricasDto]]] GetMetricas(System.Threading.CancellationToken) on controller HidroRec.Backend.Controllers.AdminController (HidroRec.Backend).
2026-03-31 20:35:18.038 -03:00 [INF] Route matched with {action = "GetReportes", controller = "Admin"}. Executing controller action with signature System.Threading.Tasks.Task`1[Microsoft.AspNetCore.Mvc.ActionResult`1[HidroRec.Backend.Application.DTOs.Common.ApiResponse`1[HidroRec.Backend.Application.DTOs.Common.PagedResultDto`1[HidroRec.Backend.Application.DTOs.Reportes.ReporteAdminItemDto]]]] GetReportes(Int32, Int32, System.String, System.String, System.Threading.CancellationToken) on controller HidroRec.Backend.Controllers.AdminController (HidroRec.Backend).
2026-03-31 20:35:18.059 -03:00 [INF] Executing OkObjectResult, writing value of type 'HidroRec.Backend.Application.DTOs.Common.ApiResponse`1[[System.Collections.Generic.IReadOnlyCollection`1[[HidroRec.Backend.Application.DTOs.Admin.LogSistemaDto, HidroRec.Backend, Version=1.0.0.0, Culture=neutral, PublicKeyToken=null]], System.Private.CoreLib, Version=8.0.0.0, Culture=neutral, PublicKeyToken=7cec85d7bea7798e]]'.
2026-03-31 20:35:18.063 -03:00 [INF] Executed action HidroRec.Backend.Controllers.AdminController.GetLogs (HidroRec.Backend) in 25.1796ms
2026-03-31 20:35:18.065 -03:00 [INF] Executed endpoint 'HidroRec.Backend.Controllers.AdminController.GetLogs (HidroRec.Backend)'
2026-03-31 20:35:18.066 -03:00 [INF] HTTP GET /api/admin/logs responded 200 in 84.2320 ms
2026-03-31 20:35:18.068 -03:00 [INF] Executing OkObjectResult, writing value of type 'HidroRec.Backend.Application.DTOs.Common.ApiResponse`1[[System.Collections.Generic.IReadOnlyCollection`1[[HidroRec.Backend.Application.DTOs.Admin.AuditoriaDto, HidroRec.Backend, Version=1.0.0.0, Culture=neutral, PublicKeyToken=null]], System.Private.CoreLib, Version=8.0.0.0, Culture=neutral, PublicKeyToken=7cec85d7bea7798e]]'.
2026-03-31 20:35:18.068 -03:00 [INF] Request finished HTTP/1.1 GET http://localhost:8080/api/admin/logs - 200 null application/json; charset=utf-8 96.5178ms
2026-03-31 20:35:18.076 -03:00 [INF] Executed action HidroRec.Backend.Controllers.AdminController.GetAuditoria (HidroRec.Backend) in 35.9655ms
2026-03-31 20:35:18.077 -03:00 [INF] Executed endpoint 'HidroRec.Backend.Controllers.AdminController.GetAuditoria (HidroRec.Backend)'
2026-03-31 20:35:18.078 -03:00 [INF] HTTP GET /api/admin/auditoria responded 200 in 99.4960 ms
2026-03-31 20:35:18.081 -03:00 [INF] Request finished HTTP/1.1 GET http://localhost:8080/api/admin/auditoria - 200 null application/json; charset=utf-8 109.0127ms
2026-03-31 20:35:18.113 -03:00 [INF] Executing OkObjectResult, writing value of type 'HidroRec.Backend.Application.DTOs.Common.ApiResponse`1[[HidroRec.Backend.Application.DTOs.Common.PagedResultDto`1[[HidroRec.Backend.Application.DTOs.Reportes.ReporteAdminItemDto, HidroRec.Backend, Version=1.0.0.0, Culture=neutral, PublicKeyToken=null]], HidroRec.Backend, Version=1.0.0.0, Culture=neutral, PublicKeyToken=null]]'.
2026-03-31 20:35:18.134 -03:00 [INF] Executed action HidroRec.Backend.Controllers.AdminController.GetReportes (HidroRec.Backend) in 89.0412ms
2026-03-31 20:35:18.137 -03:00 [INF] Executed endpoint 'HidroRec.Backend.Controllers.AdminController.GetReportes (HidroRec.Backend)'
2026-03-31 20:35:18.138 -03:00 [INF] HTTP GET /api/admin/reportes responded 200 in 160.9506 ms
2026-03-31 20:35:18.140 -03:00 [INF] Request finished HTTP/1.1 GET http://localhost:8080/api/admin/reportes - 200 null application/json; charset=utf-8 168.9175ms
2026-03-31 20:35:18.206 -03:00 [INF] Executing OkObjectResult, writing value of type 'HidroRec.Backend.Application.DTOs.Common.ApiResponse`1[[HidroRec.Backend.Application.DTOs.Admin.AdminMetricasDto, HidroRec.Backend, Version=1.0.0.0, Culture=neutral, PublicKeyToken=null]]'.
2026-03-31 20:35:18.210 -03:00 [INF] Executed action HidroRec.Backend.Controllers.AdminController.GetMetricas (HidroRec.Backend) in 167.1164ms
2026-03-31 20:35:18.212 -03:00 [INF] Executed endpoint 'HidroRec.Backend.Controllers.AdminController.GetMetricas (HidroRec.Backend)'
2026-03-31 20:35:18.213 -03:00 [INF] HTTP GET /api/admin/metricas responded 200 in 238.8098 ms
2026-03-31 20:35:18.215 -03:00 [INF] Request finished HTTP/1.1 GET http://localhost:8080/api/admin/metricas - 200 null application/json; charset=utf-8 243.9372ms
2026-03-31 20:35:24.594 -03:00 [INF] Request starting HTTP/1.1 GET http://localhost:8080/index.html - null null
2026-03-31 20:35:24.599 -03:00 [INF] Sending file. Request path: '/index.html'. Physical path: 'C:\Users\ACPGROUP\Desktop\HTML PURO\hidrorec\frontend\index.html'
2026-03-31 20:35:24.601 -03:00 [INF] HTTP GET /index.html responded 200 in 3.3061 ms
2026-03-31 20:35:24.604 -03:00 [INF] Request finished HTTP/1.1 GET http://localhost:8080/index.html - 200 7420 text/html 9.7324ms
2026-03-31 20:35:24.619 -03:00 [INF] Request starting HTTP/1.1 GET http://localhost:8080/css/dashboard.css - null null
2026-03-31 20:35:24.619 -03:00 [INF] Request starting HTTP/1.1 GET http://localhost:8080/js/dashboard.js - null null
2026-03-31 20:35:24.622 -03:00 [INF] The file /css/dashboard.css was not modified
2026-03-31 20:35:24.623 -03:00 [INF] CORS policy execution successful.
2026-03-31 20:35:24.623 -03:00 [INF] HTTP GET /css/dashboard.css responded 304 in 2.4225 ms
2026-03-31 20:35:24.624 -03:00 [INF] The file /js/dashboard.js was not modified
2026-03-31 20:35:24.625 -03:00 [INF] Request finished HTTP/1.1 GET http://localhost:8080/css/dashboard.css - 304 null text/css 6.6174ms
2026-03-31 20:35:24.626 -03:00 [INF] HTTP GET /js/dashboard.js responded 304 in 3.5134 ms
2026-03-31 20:35:24.630 -03:00 [INF] Request finished HTTP/1.1 GET http://localhost:8080/js/dashboard.js - 304 null text/javascript 11.1733ms
2026-03-31 20:35:24.633 -03:00 [INF] Request starting HTTP/1.1 GET http://localhost:8080/js/mapa.js - null null
2026-03-31 20:35:24.634 -03:00 [INF] CORS policy execution successful.
2026-03-31 20:35:24.635 -03:00 [INF] The file /js/mapa.js was not modified
2026-03-31 20:35:24.636 -03:00 [INF] HTTP GET /js/mapa.js responded 304 in 2.2687 ms
2026-03-31 20:35:24.638 -03:00 [INF] Request finished HTTP/1.1 GET http://localhost:8080/js/mapa.js - 304 null text/javascript 5.2329ms
2026-03-31 20:35:24.641 -03:00 [INF] Request starting HTTP/1.1 GET http://localhost:8080/api/auth/me - null null
2026-03-31 20:35:24.647 -03:00 [INF] Executing endpoint 'HidroRec.Backend.Controllers.AuthController.Me (HidroRec.Backend)'
2026-03-31 20:35:24.650 -03:00 [INF] Route matched with {action = "Me", controller = "Auth"}. Executing controller action with signature System.Threading.Tasks.Task`1[Microsoft.AspNetCore.Mvc.ActionResult`1[HidroRec.Backend.Application.DTOs.Common.ApiResponse`1[HidroRec.Backend.Application.DTOs.Auth.UsuarioResumoDto]]] Me(System.Threading.CancellationToken) on controller HidroRec.Backend.Controllers.AuthController (HidroRec.Backend).
2026-03-31 20:35:24.680 -03:00 [INF] Executing OkObjectResult, writing value of type 'HidroRec.Backend.Application.DTOs.Common.ApiResponse`1[[HidroRec.Backend.Application.DTOs.Auth.UsuarioResumoDto, HidroRec.Backend, Version=1.0.0.0, Culture=neutral, PublicKeyToken=null]]'.
2026-03-31 20:35:24.683 -03:00 [INF] Executed action HidroRec.Backend.Controllers.AuthController.Me (HidroRec.Backend) in 30.4425ms
2026-03-31 20:35:24.684 -03:00 [INF] Executed endpoint 'HidroRec.Backend.Controllers.AuthController.Me (HidroRec.Backend)'
2026-03-31 20:35:24.685 -03:00 [INF] HTTP GET /api/auth/me responded 200 in 40.8934 ms
2026-03-31 20:35:24.687 -03:00 [INF] Request finished HTTP/1.1 GET http://localhost:8080/api/auth/me - 200 null application/json; charset=utf-8 46.0679ms
2026-03-31 20:35:24.690 -03:00 [INF] Request starting HTTP/1.1 GET http://localhost:8080/api/dashboard/resumo - null null
2026-03-31 20:35:24.694 -03:00 [INF] Executing endpoint 'HidroRec.Backend.Controllers.DashboardController.GetResumo (HidroRec.Backend)'
2026-03-31 20:35:24.695 -03:00 [INF] Route matched with {action = "GetResumo", controller = "Dashboard"}. Executing controller action with signature System.Threading.Tasks.Task`1[Microsoft.AspNetCore.Mvc.ActionResult`1[HidroRec.Backend.Application.DTOs.Common.ApiResponse`1[HidroRec.Backend.Application.DTOs.Dashboard.DashboardResumoDto]]] GetResumo(System.Threading.CancellationToken) on controller HidroRec.Backend.Controllers.DashboardController (HidroRec.Backend).
2026-03-31 20:35:24.725 -03:00 [INF] Start processing HTTP request GET https://geoportal.apac.pe.gov.br/server/rest/services/met_volume_acumulado_chuva_municipio_24hs/MapServer/0/query?where=nm_mun%20%3D%20%27Recife%27&outFields=nm_mun,horas_24,ultima_leitura_data_hora&returnGeometry=false&f=json
2026-03-31 20:35:24.726 -03:00 [INF] Sending HTTP request GET https://geoportal.apac.pe.gov.br/server/rest/services/met_volume_acumulado_chuva_municipio_24hs/MapServer/0/query?where=nm_mun%20%3D%20%27Recife%27&outFields=nm_mun,horas_24,ultima_leitura_data_hora&returnGeometry=false&f=json
2026-03-31 20:35:24.810 -03:00 [INF] Received HTTP response headers after 82.9606ms - 200
2026-03-31 20:35:24.813 -03:00 [INF] End processing HTTP request after 88.5732ms - 200
2026-03-31 20:35:24.819 -03:00 [INF] Executing OkObjectResult, writing value of type 'HidroRec.Backend.Application.DTOs.Common.ApiResponse`1[[HidroRec.Backend.Application.DTOs.Dashboard.DashboardResumoDto, HidroRec.Backend, Version=1.0.0.0, Culture=neutral, PublicKeyToken=null]]'.
2026-03-31 20:35:24.824 -03:00 [INF] Executed action HidroRec.Backend.Controllers.DashboardController.GetResumo (HidroRec.Backend) in 125.4697ms
2026-03-31 20:35:24.827 -03:00 [INF] Executed endpoint 'HidroRec.Backend.Controllers.DashboardController.GetResumo (HidroRec.Backend)'
2026-03-31 20:35:24.830 -03:00 [INF] HTTP GET /api/dashboard/resumo responded 200 in 136.4898 ms
2026-03-31 20:35:24.834 -03:00 [INF] Request finished HTTP/1.1 GET http://localhost:8080/api/dashboard/resumo - 200 null application/json; charset=utf-8 143.8892ms
2026-03-31 20:36:25.186 -03:00 [INF] Request starting HTTP/1.1 GET http://localhost:8080/api/alertas/ativos - null null
2026-03-31 20:36:25.189 -03:00 [INF] Executing endpoint 'HidroRec.Backend.Controllers.AlertasController.GetAtivos (HidroRec.Backend)'
2026-03-31 20:36:25.190 -03:00 [INF] Route matched with {action = "GetAtivos", controller = "Alertas"}. Executing controller action with signature System.Threading.Tasks.Task`1[Microsoft.AspNetCore.Mvc.ActionResult`1[HidroRec.Backend.Application.DTOs.Common.ApiResponse`1[System.Collections.Generic.IReadOnlyCollection`1[HidroRec.Backend.Application.DTOs.Alertas.AlertaDto]]]] GetAtivos(System.String, System.Threading.CancellationToken) on controller HidroRec.Backend.Controllers.AlertasController (HidroRec.Backend).
2026-03-31 20:36:25.200 -03:00 [INF] Executing OkObjectResult, writing value of type 'HidroRec.Backend.Application.DTOs.Common.ApiResponse`1[[System.Collections.Generic.IReadOnlyCollection`1[[HidroRec.Backend.Application.DTOs.Alertas.AlertaDto, HidroRec.Backend, Version=1.0.0.0, Culture=neutral, PublicKeyToken=null]], System.Private.CoreLib, Version=8.0.0.0, Culture=neutral, PublicKeyToken=7cec85d7bea7798e]]'.
2026-03-31 20:36:25.202 -03:00 [INF] Executed action HidroRec.Backend.Controllers.AlertasController.GetAtivos (HidroRec.Backend) in 10.3544ms
2026-03-31 20:36:25.203 -03:00 [INF] Executed endpoint 'HidroRec.Backend.Controllers.AlertasController.GetAtivos (HidroRec.Backend)'
2026-03-31 20:36:25.204 -03:00 [INF] HTTP GET /api/alertas/ativos responded 200 in 15.9062 ms
2026-03-31 20:36:25.206 -03:00 [INF] Request finished HTTP/1.1 GET http://localhost:8080/api/alertas/ativos - 200 null application/json; charset=utf-8 19.4873ms
2026-03-31 20:36:26.980 -03:00 [INF] Request starting HTTP/1.1 GET http://localhost:8080/api/previsoes - null null
2026-03-31 20:36:26.983 -03:00 [INF] Executing endpoint 'HidroRec.Backend.Controllers.PrevisoesController.GetResumo (HidroRec.Backend)'
2026-03-31 20:36:26.984 -03:00 [INF] Route matched with {action = "GetResumo", controller = "Previsoes"}. Executing controller action with signature System.Threading.Tasks.Task`1[Microsoft.AspNetCore.Mvc.ActionResult`1[HidroRec.Backend.Application.DTOs.Common.ApiResponse`1[HidroRec.Backend.Application.DTOs.Previsoes.PrevisaoResumoDto]]] GetResumo(System.Threading.CancellationToken) on controller HidroRec.Backend.Controllers.PrevisoesController (HidroRec.Backend).
2026-03-31 20:36:26.986 -03:00 [INF] Start processing HTTP request GET https://geoportal.apac.pe.gov.br/server/rest/services/met_volume_acumulado_chuva_municipio_24hs/MapServer/0/query?where=nm_mun%20%3D%20%27Recife%27&outFields=nm_mun,horas_24,ultima_leitura_data_hora&returnGeometry=false&f=json
2026-03-31 20:36:26.988 -03:00 [INF] Sending HTTP request GET https://geoportal.apac.pe.gov.br/server/rest/services/met_volume_acumulado_chuva_municipio_24hs/MapServer/0/query?where=nm_mun%20%3D%20%27Recife%27&outFields=nm_mun,horas_24,ultima_leitura_data_hora&returnGeometry=false&f=json
2026-03-31 20:36:27.024 -03:00 [INF] Received HTTP response headers after 33.1291ms - 200
2026-03-31 20:36:27.026 -03:00 [INF] End processing HTTP request after 39.3764ms - 200
2026-03-31 20:36:27.028 -03:00 [INF] Executing OkObjectResult, writing value of type 'HidroRec.Backend.Application.DTOs.Common.ApiResponse`1[[HidroRec.Backend.Application.DTOs.Previsoes.PrevisaoResumoDto, HidroRec.Backend, Version=1.0.0.0, Culture=neutral, PublicKeyToken=null]]'.
2026-03-31 20:36:27.031 -03:00 [INF] Executed action HidroRec.Backend.Controllers.PrevisoesController.GetResumo (HidroRec.Backend) in 45.2482ms
2026-03-31 20:36:27.032 -03:00 [INF] Executed endpoint 'HidroRec.Backend.Controllers.PrevisoesController.GetResumo (HidroRec.Backend)'
2026-03-31 20:36:27.033 -03:00 [INF] HTTP GET /api/previsoes responded 200 in 50.8529 ms
2026-03-31 20:36:27.035 -03:00 [INF] Request finished HTTP/1.1 GET http://localhost:8080/api/previsoes - 200 null application/json; charset=utf-8 54.9991ms
2026-03-31 20:36:27.975 -03:00 [INF] Request starting HTTP/1.1 GET http://localhost:8080/api/dashboard/resumo - null null
2026-03-31 20:36:27.979 -03:00 [INF] Executing endpoint 'HidroRec.Backend.Controllers.DashboardController.GetResumo (HidroRec.Backend)'
2026-03-31 20:36:27.980 -03:00 [INF] Route matched with {action = "GetResumo", controller = "Dashboard"}. Executing controller action with signature System.Threading.Tasks.Task`1[Microsoft.AspNetCore.Mvc.ActionResult`1[HidroRec.Backend.Application.DTOs.Common.ApiResponse`1[HidroRec.Backend.Application.DTOs.Dashboard.DashboardResumoDto]]] GetResumo(System.Threading.CancellationToken) on controller HidroRec.Backend.Controllers.DashboardController (HidroRec.Backend).
2026-03-31 20:36:28.012 -03:00 [INF] Start processing HTTP request GET https://geoportal.apac.pe.gov.br/server/rest/services/met_volume_acumulado_chuva_municipio_24hs/MapServer/0/query?where=nm_mun%20%3D%20%27Recife%27&outFields=nm_mun,horas_24,ultima_leitura_data_hora&returnGeometry=false&f=json
2026-03-31 20:36:28.013 -03:00 [INF] Sending HTTP request GET https://geoportal.apac.pe.gov.br/server/rest/services/met_volume_acumulado_chuva_municipio_24hs/MapServer/0/query?where=nm_mun%20%3D%20%27Recife%27&outFields=nm_mun,horas_24,ultima_leitura_data_hora&returnGeometry=false&f=json
2026-03-31 20:36:28.044 -03:00 [INF] Received HTTP response headers after 28.8269ms - 200
2026-03-31 20:36:28.046 -03:00 [INF] End processing HTTP request after 33.6806ms - 200
2026-03-31 20:36:28.048 -03:00 [INF] Executing OkObjectResult, writing value of type 'HidroRec.Backend.Application.DTOs.Common.ApiResponse`1[[HidroRec.Backend.Application.DTOs.Dashboard.DashboardResumoDto, HidroRec.Backend, Version=1.0.0.0, Culture=neutral, PublicKeyToken=null]]'.
2026-03-31 20:36:28.053 -03:00 [INF] Executed action HidroRec.Backend.Controllers.DashboardController.GetResumo (HidroRec.Backend) in 71.6015ms
2026-03-31 20:36:28.055 -03:00 [INF] Executed endpoint 'HidroRec.Backend.Controllers.DashboardController.GetResumo (HidroRec.Backend)'
2026-03-31 20:36:28.056 -03:00 [INF] HTTP GET /api/dashboard/resumo responded 200 in 77.7724 ms
2026-03-31 20:36:28.060 -03:00 [INF] Request finished HTTP/1.1 GET http://localhost:8080/api/dashboard/resumo - 200 null application/json; charset=utf-8 84.4629ms
2026-03-31 20:37:02.809 -03:00 [INF] Request starting HTTP/1.1 GET http://localhost:8080/css/dashboard.css - null null
2026-03-31 20:37:02.811 -03:00 [INF] The file /css/dashboard.css was not modified
2026-03-31 20:37:02.812 -03:00 [INF] HTTP GET /css/dashboard.css responded 304 in 1.2840 ms
2026-03-31 20:37:02.814 -03:00 [INF] Request finished HTTP/1.1 GET http://localhost:8080/css/dashboard.css - 304 null text/css 4.7939ms
2026-03-31 20:37:02.823 -03:00 [INF] Request starting HTTP/1.1 GET http://localhost:8080/.well-known/appspecific/com.chrome.devtools.json - null null
2026-03-31 20:37:02.826 -03:00 [INF] HTTP GET /.well-known/appspecific/com.chrome.devtools.json responded 404 in 0.9143 ms
2026-03-31 20:37:02.831 -03:00 [INF] Request finished HTTP/1.1 GET http://localhost:8080/.well-known/appspecific/com.chrome.devtools.json - 404 0 null 7.3151ms
2026-03-31 20:37:02.837 -03:00 [INF] Request reached the end of the middleware pipeline without being handled by application code. Request path: GET http://localhost:8080/.well-known/appspecific/com.chrome.devtools.json, Response status code: 404
2026-03-31 20:38:58.506 -03:00 [INF] Request starting HTTP/1.1 GET http://localhost:8080/index.html - null null
2026-03-31 20:38:58.509 -03:00 [INF] The file /index.html was not modified
2026-03-31 20:38:58.510 -03:00 [INF] HTTP GET /index.html responded 304 in 1.7527 ms
2026-03-31 20:38:58.513 -03:00 [INF] Request finished HTTP/1.1 GET http://localhost:8080/index.html - 304 null text/html 7.3415ms
2026-03-31 20:38:58.543 -03:00 [INF] Request starting HTTP/1.1 GET http://localhost:8080/.well-known/appspecific/com.chrome.devtools.json - null null
2026-03-31 20:38:58.545 -03:00 [INF] Request starting HTTP/1.1 GET http://localhost:8080/css/dashboard.css - null null
2026-03-31 20:38:58.549 -03:00 [INF] Request starting HTTP/1.1 GET http://localhost:8080/js/dashboard.js - null null
2026-03-31 20:38:58.557 -03:00 [INF] CORS policy execution successful.
2026-03-31 20:38:58.554 -03:00 [INF] The file /css/dashboard.css was not modified
2026-03-31 20:38:58.552 -03:00 [INF] HTTP GET /.well-known/appspecific/com.chrome.devtools.json responded 404 in 0.4941 ms
2026-03-31 20:38:58.560 -03:00 [INF] The file /js/dashboard.js was not modified
2026-03-31 20:38:58.562 -03:00 [INF] HTTP GET /css/dashboard.css responded 304 in 7.9752 ms
2026-03-31 20:38:58.564 -03:00 [INF] Request finished HTTP/1.1 GET http://localhost:8080/.well-known/appspecific/com.chrome.devtools.json - 404 0 null 21.0771ms
2026-03-31 20:38:58.565 -03:00 [INF] HTTP GET /js/dashboard.js responded 304 in 8.1217 ms
2026-03-31 20:38:58.567 -03:00 [INF] Request finished HTTP/1.1 GET http://localhost:8080/css/dashboard.css - 304 null text/css 22.2634ms
2026-03-31 20:38:58.570 -03:00 [INF] Request reached the end of the middleware pipeline without being handled by application code. Request path: GET http://localhost:8080/.well-known/appspecific/com.chrome.devtools.json, Response status code: 404
2026-03-31 20:38:58.571 -03:00 [INF] Request finished HTTP/1.1 GET http://localhost:8080/js/dashboard.js - 304 null text/javascript 22.3076ms
2026-03-31 20:38:58.581 -03:00 [INF] Request starting HTTP/1.1 GET http://localhost:8080/js/mapa.js - null null
2026-03-31 20:38:58.583 -03:00 [INF] CORS policy execution successful.
2026-03-31 20:38:58.585 -03:00 [INF] The file /js/mapa.js was not modified
2026-03-31 20:38:58.587 -03:00 [INF] HTTP GET /js/mapa.js responded 304 in 3.3322 ms
2026-03-31 20:38:58.590 -03:00 [INF] Request finished HTTP/1.1 GET http://localhost:8080/js/mapa.js - 304 null text/javascript 9.1706ms
2026-03-31 20:38:58.598 -03:00 [INF] Request starting HTTP/1.1 GET http://localhost:8080/api/dashboard/resumo - null null
2026-03-31 20:38:58.603 -03:00 [INF] Executing endpoint 'HidroRec.Backend.Controllers.DashboardController.GetResumo (HidroRec.Backend)'
2026-03-31 20:38:58.606 -03:00 [INF] Route matched with {action = "GetResumo", controller = "Dashboard"}. Executing controller action with signature System.Threading.Tasks.Task`1[Microsoft.AspNetCore.Mvc.ActionResult`1[HidroRec.Backend.Application.DTOs.Common.ApiResponse`1[HidroRec.Backend.Application.DTOs.Dashboard.DashboardResumoDto]]] GetResumo(System.Threading.CancellationToken) on controller HidroRec.Backend.Controllers.DashboardController (HidroRec.Backend).
2026-03-31 20:38:58.642 -03:00 [INF] Start processing HTTP request GET https://geoportal.apac.pe.gov.br/server/rest/services/met_volume_acumulado_chuva_municipio_24hs/MapServer/0/query?where=nm_mun%20%3D%20%27Recife%27&outFields=nm_mun,horas_24,ultima_leitura_data_hora&returnGeometry=false&f=json
2026-03-31 20:38:58.644 -03:00 [INF] Sending HTTP request GET https://geoportal.apac.pe.gov.br/server/rest/services/met_volume_acumulado_chuva_municipio_24hs/MapServer/0/query?where=nm_mun%20%3D%20%27Recife%27&outFields=nm_mun,horas_24,ultima_leitura_data_hora&returnGeometry=false&f=json
2026-03-31 20:38:58.810 -03:00 [INF] Received HTTP response headers after 164.3597ms - 200
2026-03-31 20:38:58.812 -03:00 [INF] End processing HTTP request after 170.6554ms - 200
2026-03-31 20:38:58.817 -03:00 [INF] Executing OkObjectResult, writing value of type 'HidroRec.Backend.Application.DTOs.Common.ApiResponse`1[[HidroRec.Backend.Application.DTOs.Dashboard.DashboardResumoDto, HidroRec.Backend, Version=1.0.0.0, Culture=neutral, PublicKeyToken=null]]'.
2026-03-31 20:38:58.820 -03:00 [INF] Executed action HidroRec.Backend.Controllers.DashboardController.GetResumo (HidroRec.Backend) in 210.1712ms
2026-03-31 20:38:58.822 -03:00 [INF] Executed endpoint 'HidroRec.Backend.Controllers.DashboardController.GetResumo (HidroRec.Backend)'
2026-03-31 20:38:58.824 -03:00 [INF] HTTP GET /api/dashboard/resumo responded 200 in 221.1366 ms
2026-03-31 20:38:58.827 -03:00 [INF] Request finished HTTP/1.1 GET http://localhost:8080/api/dashboard/resumo - 200 null application/json; charset=utf-8 229.3983ms
2026-03-31 20:39:00.903 -03:00 [INF] Request starting HTTP/1.1 GET http://localhost:8080/admin.html - null null
2026-03-31 20:39:00.906 -03:00 [INF] The file /admin.html was not modified
2026-03-31 20:39:00.906 -03:00 [INF] HTTP GET /admin.html responded 304 in 1.4520 ms
2026-03-31 20:39:00.908 -03:00 [INF] Request finished HTTP/1.1 GET http://localhost:8080/admin.html - 304 null text/html 5.2498ms
2026-03-31 20:39:00.933 -03:00 [INF] Request starting HTTP/1.1 GET http://localhost:8080/.well-known/appspecific/com.chrome.devtools.json - null null
2026-03-31 20:39:00.937 -03:00 [INF] HTTP GET /.well-known/appspecific/com.chrome.devtools.json responded 404 in 0.8516 ms
2026-03-31 20:39:00.941 -03:00 [INF] Request starting HTTP/1.1 GET http://localhost:8080/js/admin.js - null null
2026-03-31 20:39:00.941 -03:00 [INF] Request finished HTTP/1.1 GET http://localhost:8080/.well-known/appspecific/com.chrome.devtools.json - 404 0 null 7.9025ms
2026-03-31 20:39:00.946 -03:00 [INF] CORS policy execution successful.
2026-03-31 20:39:00.951 -03:00 [INF] Request reached the end of the middleware pipeline without being handled by application code. Request path: GET http://localhost:8080/.well-known/appspecific/com.chrome.devtools.json, Response status code: 404
2026-03-31 20:39:00.952 -03:00 [INF] The file /js/admin.js was not modified
2026-03-31 20:39:00.954 -03:00 [INF] HTTP GET /js/admin.js responded 304 in 7.8543 ms
2026-03-31 20:39:00.957 -03:00 [INF] Request finished HTTP/1.1 GET http://localhost:8080/js/admin.js - 304 null text/javascript 16.3384ms
2026-03-31 20:39:03.421 -03:00 [INF] Request starting HTTP/1.1 GET http://localhost:8080/.well-known/appspecific/com.chrome.devtools.json - null null
2026-03-31 20:39:03.424 -03:00 [INF] HTTP GET /.well-known/appspecific/com.chrome.devtools.json responded 404 in 0.3626 ms
2026-03-31 20:39:03.427 -03:00 [INF] Request finished HTTP/1.1 GET http://localhost:8080/.well-known/appspecific/com.chrome.devtools.json - 404 0 null 5.9573ms
2026-03-31 20:39:03.432 -03:00 [INF] Request reached the end of the middleware pipeline without being handled by application code. Request path: GET http://localhost:8080/.well-known/appspecific/com.chrome.devtools.json, Response status code: 404
2026-03-31 20:39:03.437 -03:00 [INF] Request starting HTTP/1.1 GET http://localhost:8080/api/previsoes - null null
2026-03-31 20:39:03.440 -03:00 [INF] Executing endpoint 'HidroRec.Backend.Controllers.PrevisoesController.GetResumo (HidroRec.Backend)'
2026-03-31 20:39:03.441 -03:00 [INF] Route matched with {action = "GetResumo", controller = "Previsoes"}. Executing controller action with signature System.Threading.Tasks.Task`1[Microsoft.AspNetCore.Mvc.ActionResult`1[HidroRec.Backend.Application.DTOs.Common.ApiResponse`1[HidroRec.Backend.Application.DTOs.Previsoes.PrevisaoResumoDto]]] GetResumo(System.Threading.CancellationToken) on controller HidroRec.Backend.Controllers.PrevisoesController (HidroRec.Backend).
2026-03-31 20:39:03.446 -03:00 [INF] Start processing HTTP request GET https://geoportal.apac.pe.gov.br/server/rest/services/met_volume_acumulado_chuva_municipio_24hs/MapServer/0/query?where=nm_mun%20%3D%20%27Recife%27&outFields=nm_mun,horas_24,ultima_leitura_data_hora&returnGeometry=false&f=json
2026-03-31 20:39:03.448 -03:00 [INF] Sending HTTP request GET https://geoportal.apac.pe.gov.br/server/rest/services/met_volume_acumulado_chuva_municipio_24hs/MapServer/0/query?where=nm_mun%20%3D%20%27Recife%27&outFields=nm_mun,horas_24,ultima_leitura_data_hora&returnGeometry=false&f=json
2026-03-31 20:39:03.494 -03:00 [INF] Received HTTP response headers after 42.9412ms - 200
2026-03-31 20:39:03.496 -03:00 [INF] End processing HTTP request after 49.765ms - 200
2026-03-31 20:39:03.498 -03:00 [INF] Executing OkObjectResult, writing value of type 'HidroRec.Backend.Application.DTOs.Common.ApiResponse`1[[HidroRec.Backend.Application.DTOs.Previsoes.PrevisaoResumoDto, HidroRec.Backend, Version=1.0.0.0, Culture=neutral, PublicKeyToken=null]]'.
2026-03-31 20:39:03.500 -03:00 [INF] Executed action HidroRec.Backend.Controllers.PrevisoesController.GetResumo (HidroRec.Backend) in 55.9104ms
2026-03-31 20:39:03.501 -03:00 [INF] Executed endpoint 'HidroRec.Backend.Controllers.PrevisoesController.GetResumo (HidroRec.Backend)'
2026-03-31 20:39:03.502 -03:00 [INF] HTTP GET /api/previsoes responded 200 in 62.7911 ms
2026-03-31 20:39:03.504 -03:00 [INF] Request finished HTTP/1.1 GET http://localhost:8080/api/previsoes - 200 null application/json; charset=utf-8 66.4839ms
2026-03-31 20:39:12.506 -03:00 [INF] Request starting HTTP/1.1 GET http://localhost:8080/previsoes.html - null null
2026-03-31 20:39:12.510 -03:00 [INF] The file /previsoes.html was not modified
2026-03-31 20:39:12.513 -03:00 [INF] HTTP GET /previsoes.html responded 304 in 3.5248 ms
2026-03-31 20:39:12.515 -03:00 [INF] Request finished HTTP/1.1 GET http://localhost:8080/previsoes.html - 304 null text/html 8.957ms
2026-03-31 20:39:12.536 -03:00 [INF] Request starting HTTP/1.1 GET http://localhost:8080/.well-known/appspecific/com.chrome.devtools.json - null null
2026-03-31 20:39:12.540 -03:00 [INF] HTTP GET /.well-known/appspecific/com.chrome.devtools.json responded 404 in 0.3645 ms
2026-03-31 20:39:12.542 -03:00 [INF] Request finished HTTP/1.1 GET http://localhost:8080/.well-known/appspecific/com.chrome.devtools.json - 404 0 null 5.6593ms
2026-03-31 20:39:12.546 -03:00 [INF] Request reached the end of the middleware pipeline without being handled by application code. Request path: GET http://localhost:8080/.well-known/appspecific/com.chrome.devtools.json, Response status code: 404
2026-03-31 20:39:12.572 -03:00 [INF] Request starting HTTP/1.1 GET http://localhost:8080/api/previsoes - null null
2026-03-31 20:39:12.575 -03:00 [INF] Executing endpoint 'HidroRec.Backend.Controllers.PrevisoesController.GetResumo (HidroRec.Backend)'
2026-03-31 20:39:12.577 -03:00 [INF] Route matched with {action = "GetResumo", controller = "Previsoes"}. Executing controller action with signature System.Threading.Tasks.Task`1[Microsoft.AspNetCore.Mvc.ActionResult`1[HidroRec.Backend.Application.DTOs.Common.ApiResponse`1[HidroRec.Backend.Application.DTOs.Previsoes.PrevisaoResumoDto]]] GetResumo(System.Threading.CancellationToken) on controller HidroRec.Backend.Controllers.PrevisoesController (HidroRec.Backend).
2026-03-31 20:39:12.581 -03:00 [INF] Start processing HTTP request GET https://geoportal.apac.pe.gov.br/server/rest/services/met_volume_acumulado_chuva_municipio_24hs/MapServer/0/query?where=nm_mun%20%3D%20%27Recife%27&outFields=nm_mun,horas_24,ultima_leitura_data_hora&returnGeometry=false&f=json
2026-03-31 20:39:12.582 -03:00 [INF] Sending HTTP request GET https://geoportal.apac.pe.gov.br/server/rest/services/met_volume_acumulado_chuva_municipio_24hs/MapServer/0/query?where=nm_mun%20%3D%20%27Recife%27&outFields=nm_mun,horas_24,ultima_leitura_data_hora&returnGeometry=false&f=json
2026-03-31 20:39:12.704 -03:00 [INF] Received HTTP response headers after 120.3882ms - 200
2026-03-31 20:39:12.706 -03:00 [INF] End processing HTTP request after 124.9646ms - 200
2026-03-31 20:39:12.707 -03:00 [INF] Executing OkObjectResult, writing value of type 'HidroRec.Backend.Application.DTOs.Common.ApiResponse`1[[HidroRec.Backend.Application.DTOs.Previsoes.PrevisaoResumoDto, HidroRec.Backend, Version=1.0.0.0, Culture=neutral, PublicKeyToken=null]]'.
2026-03-31 20:39:12.709 -03:00 [INF] Executed action HidroRec.Backend.Controllers.PrevisoesController.GetResumo (HidroRec.Backend) in 128.8083ms
2026-03-31 20:39:12.712 -03:00 [INF] Executed endpoint 'HidroRec.Backend.Controllers.PrevisoesController.GetResumo (HidroRec.Backend)'
2026-03-31 20:39:12.714 -03:00 [INF] HTTP GET /api/previsoes responded 200 in 138.6710 ms
2026-03-31 20:39:12.719 -03:00 [INF] Request finished HTTP/1.1 GET http://localhost:8080/api/previsoes - 200 null application/json; charset=utf-8 147.2944ms
2026-03-31 20:41:29.356 -03:00 [INF] Request starting HTTP/1.1 GET http://localhost:8080/previsoes.html - null null
2026-03-31 20:41:29.360 -03:00 [INF] The file /previsoes.html was not modified
2026-03-31 20:41:29.361 -03:00 [INF] HTTP GET /previsoes.html responded 304 in 1.2107 ms
2026-03-31 20:41:29.363 -03:00 [INF] Request finished HTTP/1.1 GET http://localhost:8080/previsoes.html - 304 null text/html 6.2042ms
2026-03-31 20:41:29.384 -03:00 [INF] Request starting HTTP/1.1 GET http://localhost:8080/.well-known/appspecific/com.chrome.devtools.json - null null
2026-03-31 20:41:29.388 -03:00 [INF] HTTP GET /.well-known/appspecific/com.chrome.devtools.json responded 404 in 0.3237 ms
2026-03-31 20:41:29.389 -03:00 [INF] Request finished HTTP/1.1 GET http://localhost:8080/.well-known/appspecific/com.chrome.devtools.json - 404 0 null 5.356ms
2026-03-31 20:41:29.395 -03:00 [INF] Request reached the end of the middleware pipeline without being handled by application code. Request path: GET http://localhost:8080/.well-known/appspecific/com.chrome.devtools.json, Response status code: 404
2026-03-31 20:41:29.403 -03:00 [INF] Request starting HTTP/1.1 GET http://localhost:8080/api/previsoes - null null
2026-03-31 20:41:29.407 -03:00 [INF] Executing endpoint 'HidroRec.Backend.Controllers.PrevisoesController.GetResumo (HidroRec.Backend)'
2026-03-31 20:41:29.408 -03:00 [INF] Route matched with {action = "GetResumo", controller = "Previsoes"}. Executing controller action with signature System.Threading.Tasks.Task`1[Microsoft.AspNetCore.Mvc.ActionResult`1[HidroRec.Backend.Application.DTOs.Common.ApiResponse`1[HidroRec.Backend.Application.DTOs.Previsoes.PrevisaoResumoDto]]] GetResumo(System.Threading.CancellationToken) on controller HidroRec.Backend.Controllers.PrevisoesController (HidroRec.Backend).
2026-03-31 20:41:29.414 -03:00 [INF] Start processing HTTP request GET https://geoportal.apac.pe.gov.br/server/rest/services/met_volume_acumulado_chuva_municipio_24hs/MapServer/0/query?where=nm_mun%20%3D%20%27Recife%27&outFields=nm_mun,horas_24,ultima_leitura_data_hora&returnGeometry=false&f=json
2026-03-31 20:41:29.416 -03:00 [INF] Sending HTTP request GET https://geoportal.apac.pe.gov.br/server/rest/services/met_volume_acumulado_chuva_municipio_24hs/MapServer/0/query?where=nm_mun%20%3D%20%27Recife%27&outFields=nm_mun,horas_24,ultima_leitura_data_hora&returnGeometry=false&f=json
2026-03-31 20:41:29.634 -03:00 [INF] Received HTTP response headers after 216.7471ms - 200
2026-03-31 20:41:29.640 -03:00 [INF] End processing HTTP request after 225.83ms - 200
2026-03-31 20:41:29.643 -03:00 [INF] Executing OkObjectResult, writing value of type 'HidroRec.Backend.Application.DTOs.Common.ApiResponse`1[[HidroRec.Backend.Application.DTOs.Previsoes.PrevisaoResumoDto, HidroRec.Backend, Version=1.0.0.0, Culture=neutral, PublicKeyToken=null]]'.
2026-03-31 20:41:29.647 -03:00 [INF] Executed action HidroRec.Backend.Controllers.PrevisoesController.GetResumo (HidroRec.Backend) in 233.4ms
2026-03-31 20:41:29.648 -03:00 [INF] Executed endpoint 'HidroRec.Backend.Controllers.PrevisoesController.GetResumo (HidroRec.Backend)'
2026-03-31 20:41:29.650 -03:00 [INF] HTTP GET /api/previsoes responded 200 in 243.7006 ms
2026-03-31 20:41:29.655 -03:00 [INF] Request finished HTTP/1.1 GET http://localhost:8080/api/previsoes - 200 null application/json; charset=utf-8 252.3563ms
2026-03-31 20:41:42.795 -03:00 [INF] Request starting HTTP/1.1 GET http://localhost:8080/index.html - null null
2026-03-31 20:41:42.800 -03:00 [INF] The file /index.html was not modified
2026-03-31 20:41:42.801 -03:00 [INF] HTTP GET /index.html responded 304 in 1.1708 ms
2026-03-31 20:41:42.804 -03:00 [INF] Request finished HTTP/1.1 GET http://localhost:8080/index.html - 304 null text/html 9.0372ms
2026-03-31 20:41:42.825 -03:00 [INF] Request starting HTTP/1.1 GET http://localhost:8080/css/dashboard.css - null null
2026-03-31 20:41:42.827 -03:00 [INF] Request starting HTTP/1.1 GET http://localhost:8080/js/dashboard.js - null null
2026-03-31 20:41:42.829 -03:00 [INF] The file /css/dashboard.css was not modified
2026-03-31 20:41:42.832 -03:00 [INF] CORS policy execution successful.
2026-03-31 20:41:42.832 -03:00 [INF] HTTP GET /css/dashboard.css responded 304 in 3.8375 ms
2026-03-31 20:41:42.834 -03:00 [INF] The file /js/dashboard.js was not modified
2026-03-31 20:41:42.835 -03:00 [INF] Request finished HTTP/1.1 GET http://localhost:8080/css/dashboard.css - 304 null text/css 9.9054ms
2026-03-31 20:41:42.835 -03:00 [INF] HTTP GET /js/dashboard.js responded 304 in 3.7319 ms
2026-03-31 20:41:42.841 -03:00 [INF] Request finished HTTP/1.1 GET http://localhost:8080/js/dashboard.js - 304 null text/javascript 14.5521ms
2026-03-31 20:41:42.847 -03:00 [INF] Request starting HTTP/1.1 GET http://localhost:8080/js/mapa.js - null null
2026-03-31 20:41:42.849 -03:00 [INF] CORS policy execution successful.
2026-03-31 20:41:42.851 -03:00 [INF] The file /js/mapa.js was not modified
2026-03-31 20:41:42.852 -03:00 [INF] HTTP GET /js/mapa.js responded 304 in 2.8661 ms
2026-03-31 20:41:42.854 -03:00 [INF] Request finished HTTP/1.1 GET http://localhost:8080/js/mapa.js - 304 null text/javascript 6.3436ms
2026-03-31 20:41:42.859 -03:00 [INF] Request starting HTTP/1.1 GET http://localhost:8080/api/dashboard/resumo - null null
2026-03-31 20:41:42.862 -03:00 [INF] Executing endpoint 'HidroRec.Backend.Controllers.DashboardController.GetResumo (HidroRec.Backend)'
2026-03-31 20:41:42.864 -03:00 [INF] Route matched with {action = "GetResumo", controller = "Dashboard"}. Executing controller action with signature System.Threading.Tasks.Task`1[Microsoft.AspNetCore.Mvc.ActionResult`1[HidroRec.Backend.Application.DTOs.Common.ApiResponse`1[HidroRec.Backend.Application.DTOs.Dashboard.DashboardResumoDto]]] GetResumo(System.Threading.CancellationToken) on controller HidroRec.Backend.Controllers.DashboardController (HidroRec.Backend).
2026-03-31 20:41:42.904 -03:00 [INF] Start processing HTTP request GET https://geoportal.apac.pe.gov.br/server/rest/services/met_volume_acumulado_chuva_municipio_24hs/MapServer/0/query?where=nm_mun%20%3D%20%27Recife%27&outFields=nm_mun,horas_24,ultima_leitura_data_hora&returnGeometry=false&f=json
2026-03-31 20:41:42.905 -03:00 [INF] Sending HTTP request GET https://geoportal.apac.pe.gov.br/server/rest/services/met_volume_acumulado_chuva_municipio_24hs/MapServer/0/query?where=nm_mun%20%3D%20%27Recife%27&outFields=nm_mun,horas_24,ultima_leitura_data_hora&returnGeometry=false&f=json
2026-03-31 20:41:42.987 -03:00 [INF] Received HTTP response headers after 80.8812ms - 200
2026-03-31 20:41:42.991 -03:00 [INF] End processing HTTP request after 86.8346ms - 200
2026-03-31 20:41:42.996 -03:00 [INF] Executing OkObjectResult, writing value of type 'HidroRec.Backend.Application.DTOs.Common.ApiResponse`1[[HidroRec.Backend.Application.DTOs.Dashboard.DashboardResumoDto, HidroRec.Backend, Version=1.0.0.0, Culture=neutral, PublicKeyToken=null]]'.
2026-03-31 20:41:43.002 -03:00 [INF] Executed action HidroRec.Backend.Controllers.DashboardController.GetResumo (HidroRec.Backend) in 135.226ms
2026-03-31 20:41:43.005 -03:00 [INF] Executed endpoint 'HidroRec.Backend.Controllers.DashboardController.GetResumo (HidroRec.Backend)'
2026-03-31 20:41:43.010 -03:00 [INF] HTTP GET /api/dashboard/resumo responded 200 in 147.6327 ms
2026-03-31 20:41:43.016 -03:00 [INF] Request finished HTTP/1.1 GET http://localhost:8080/api/dashboard/resumo - 200 null application/json; charset=utf-8 157.7015ms
