2026-03-30 10:41:51.868 -03:00 [ERR] Failed executing DbCommand (73ms) [Parameters=[@p0='?' (DbType = Int32), @p1='?' (DbType = DateTime2), @p2='?' (DbType = DateTime2), @p3='?' (Size = 4000), @p4='?' (DbType = Boolean), @p5='?' (Size = 4000), @p6='?' (Size = 4000), @p7='?' (DbType = Int32), @p8='?' (DbType = DateTime2), @p9='?' (DbType = DateTime2), @p10='?' (Size = 4000), @p11='?' (DbType = Boolean), @p12='?' (Size = 4000), @p13='?' (Size = 4000), @p14='?' (DbType = Guid), @p15='?' (Size = 4000), @p16='?' (DbType = DateTime2), @p17='?' (DbType = DateTime2), @p18='?' (Size = 4000), @p19='?' (DbType = Boolean), @p20='?' (Size = 4000), @p21='?' (Size = 4000), @p22='?' (DbType = Int32), @p23='?' (DbType = DateTime2), @p24='?' (DbType = DateTime2), @p25='?' (Size = 4000), @p26='?' (DbType = Boolean), @p27='?' (Size = 4000), @p28='?' (DbType = Int32), @p29='?' (DbType = DateTime2), @p30='?' (DbType = DateTime2), @p31='?' (Size = 4000), @p32='?' (DbType = Boolean), @p33='?' (Size = 4000), @p34='?' (DbType = Int32), @p35='?' (DbType = DateTime2), @p36='?' (DbType = DateTime2), @p37='?' (Size = 4000), @p38='?' (DbType = Boolean), @p39='?' (Size = 4000), @p40='?' (DbType = Int32), @p41='?' (Size = 450), @p42='?' (DbType = DateTime2), @p43='?' (DbType = DateTime2), @p44='?' (DbType = Boolean), @p45='?' (Size = 4000), @p46='?' (DbType = Int32), @p47='?' (Size = 450), @p48='?' (DbType = DateTime2), @p49='?' (DbType = DateTime2), @p50='?' (DbType = Boolean), @p51='?' (Size = 4000), @p52='?' (DbType = Int32), @p53='?' (Size = 450), @p54='?' (DbType = DateTime2), @p55='?' (DbType = DateTime2), @p56='?' (DbType = Boolean), @p57='?' (Size = 4000), @p58='?' (DbType = Int32), @p59='?' (DbType = DateTime2), @p60='?' (DbType = DateTime2), @p61='?' (DbType = Boolean), @p62='?' (Size = 4000), @p63='?' (DbType = Int32), @p64='?' (DbType = DateTime2), @p65='?' (DbType = DateTime2), @p66='?' (DbType = Boolean), @p67='?' (Size = 4000), @p68='?' (DbType = Int32), @p69='?' (DbType = DateTime2), @p70='?' (DbType = DateTime2), @p71='?' (DbType = Boolean), @p72='?' (Size = 4000), @p73='?' (DbType = Int32), @p74='?' (DbType = DateTime2), @p75='?' (DbType = DateTime2), @p76='?' (DbType = Boolean), @p77='?' (Size = 4000), @p78='?' (DbType = Int32), @p79='?' (DbType = DateTime2), @p80='?' (DbType = DateTime2), @p81='?' (DbType = Boolean), @p82='?' (Precision = 10) (Scale = 6) (DbType = Decimal), @p83='?' (Precision = 10) (Scale = 6) (DbType = Decimal), @p84='?' (Size = 4000), @p85='?' (DbType = Int32), @p86='?' (DbType = Int32), @p87='?' (DbType = DateTime2), @p88='?' (DbType = DateTime2), @p89='?' (DbType = Boolean), @p90='?' (Precision = 10) (Scale = 6) (DbType = Decimal), @p91='?' (Precision = 10) (Scale = 6) (DbType = Decimal), @p92='?' (Size = 4000), @p93='?' (DbType = Int32), @p94='?' (DbType = Int32), @p95='?' (DbType = DateTime2), @p96='?' (DbType = DateTime2), @p97='?' (DbType = Boolean), @p98='?' (Precision = 10) (Scale = 6) (DbType = Decimal), @p99='?' (Precision = 10) (Scale = 6) (DbType = Decimal), @p100='?' (Size = 4000), @p101='?' (DbType = Int32), @p102='?' (DbType = Int32), @p103='?' (DbType = DateTime2), @p104='?' (DbType = DateTime2), @p105='?' (DbType = Boolean), @p106='?' (Precision = 10) (Scale = 6) (DbType = Decimal), @p107='?' (Precision = 10) (Scale = 6) (DbType = Decimal), @p108='?' (Size = 4000), @p109='?' (DbType = Int32), @p110='?' (DbType = Int32), @p111='?' (DbType = DateTime2), @p112='?' (DbType = DateTime2), @p113='?' (DbType = Boolean), @p114='?' (Precision = 10) (Scale = 6) (DbType = Decimal), @p115='?' (Precision = 10) (Scale = 6) (DbType = Decimal), @p116='?' (Size = 4000), @p117='?' (DbType = Int32), @p118='?' (DbType = Guid), @p119='?' (Size = 4000), @p120='?' (DbType = DateTime2), @p121='?' (DbType = DateTime2), @p122='?' (Size = 4000), @p123='?' (DbType = Boolean), @p124='?' (DbType = Int32), @p125='?' (DbType = DateTime2), @p126='?' (Size = 4000), @p127='?' (Size = 4000), @p128='?' (Size = 4000), @p129='?' (Precision = 10) (Scale = 2) (DbType = Decimal), @p130='?' (DbType = Guid), @p131='?' (Size = 4000), @p132='?' (DbType = DateTime2), @p133='?' (DbType = DateTime2), @p134='?' (Size = 4000), @p135='?' (DbType = Boolean), @p136='?' (DbType = Int32), @p137='?' (DbType = DateTime2), @p138='?' (Size = 4000), @p139='?' (Size = 4000), @p140='?' (Size = 4000), @p141='?' (Precision = 10) (Scale = 2) (DbType = Decimal), @p142='?' (DbType = Int32), @p143='?' (DbType = Int32), @p144='?' (DbType = Int32), @p145='?' (DbType = Int32), @p146='?' (DbType = Int32), @p147='?' (DbType = Int32), @p148='?' (DbType = Int32), @p149='?' (DbType = Int32), @p150='?' (DbType = Int32), @p151='?' (DbType = Int32), @p152='?' (DbType = Guid), @p153='?' (DbType = Boolean), @p154='?' (DbType = DateTime2), @p155='?' (DbType = DateTime2), @p156='?' (Size = 450), @p157='?' (DbType = Boolean), @p158='?' (Size = 4000), @p159='?' (DbType = Int32), @p160='?' (Size = 4000), @p161='?' (Size = 4000), @p162='?' (DbType = Guid), @p163='?' (DbType = Boolean), @p164='?' (DbType = DateTime2), @p165='?' (DbType = DateTime2), @p166='?' (Size = 450), @p167='?' (DbType = Boolean), @p168='?' (Size = 4000), @p169='?' (DbType = Int32), @p170='?' (Size = 4000), @p171='?' (Size = 4000), @p172='?' (DbType = Guid), @p173='?' (Size = 4000), @p174='?' (DbType = Boolean), @p175='?' (DbType = Int32), @p176='?' (Size = 4000), @p177='?' (DbType = DateTime2), @p178='?' (DbType = DateTime2), @p179='?' (Size = 4000), @p180='?' (DbType = Boolean), @p181='?' (Size = 4000), @p182='?' (Size = 4000), @p183='?' (DbType = Guid), @p184='?' (Size = 4000), @p185='?' (DbType = Boolean), @p186='?' (DbType = Int32), @p187='?' (Size = 4000), @p188='?' (DbType = DateTime2), @p189='?' (DbType = DateTime2), @p190='?' (Size = 4000), @p191='?' (DbType = Boolean), @p192='?' (Size = 4000), @p193='?' (Size = 4000), @p194='?' (DbType = Guid), @p195='?' (Size = 4000), @p196='?' (DbType = DateTime2), @p197='?' (DbType = DateTime2), @p198='?' (Size = 4000), @p199='?' (Size = 4000), @p200='?' (Size = 4000), @p201='?' (DbType = Boolean), @p202='?' (DbType = Guid), @p203='?' (DbType = Guid), @p204='?' (DbType = Int32), @p205='?' (Size = 4000), @p206='?' (Size = 4000), @p207='?' (Size = 4000), @p208='?' (DbType = DateTime2), @p209='?' (DbType = DateTime2), @p210='?' (DbType = DateTime2), @p211='?' (Size = 4000), @p212='?' (Size = 4000), @p213='?' (DbType = Boolean), @p214='?' (Size = 4000), @p215='?' (Precision = 10) (Scale = 6) (DbType = Decimal), @p216='?' (Precision = 10) (Scale = 6) (DbType = Decimal), @p217='?' (Size = 4000), @p218='?' (Size = 4000), @p219='?' (Size = 4000), @p220='?' (DbType = Int32), @p221='?' (Size = 4000), @p222='?' (Size = 4000), @p223='?' (Size = 4000), @p224='?' (Size = 4000), @p225='?' (Size = 4000), @p226='?' (DbType = Guid), @p227='?' (DbType = Guid), @p228='?' (DbType = Int32), @p229='?' (Size = 4000), @p230='?' (Size = 4000), @p231='?' (Size = 4000), @p232='?' (DbType = DateTime2), @p233='?' (DbType = DateTime2), @p234='?' (DbType = DateTime2), @p235='?' (Size = 4000), @p236='?' (Size = 4000), @p237='?' (DbType = Boolean), @p238='?' (Size = 4000), @p239='?' (Precision = 10) (Scale = 6) (DbType = Decimal), @p240='?' (Precision = 10) (Scale = 6) (DbType = Decimal), @p241='?' (Size = 4000), @p242='?' (Size = 4000), @p243='?' (Size = 4000), @p244='?' (DbType = Int32), @p245='?' (Size = 4000), @p246='?' (Size = 4000), @p247='?' (Size = 4000), @p248='?' (Size = 4000), @p249='?' (Size = 4000), @p250='?' (DbType = Guid), @p251='?' (DbType = Guid), @p252='?' (DbType = Int32), @p253='?' (Size = 4000), @p254='?' (Size = 4000), @p255='?' (Size = 4000), @p256='?' (DbType = DateTime2), @p257='?' (DbType = DateTime2), @p258='?' (DbType = DateTime2), @p259='?' (Size = 4000), @p260='?' (Size = 4000), @p261='?' (DbType = Boolean), @p262='?' (Size = 4000), @p263='?' (Precision = 10) (Scale = 6) (DbType = Decimal), @p264='?' (Precision = 10) (Scale = 6) (DbType = Decimal), @p265='?' (Size = 4000), @p266='?' (Size = 4000), @p267='?' (Size = 4000), @p268='?' (DbType = Int32), @p269='?' (Size = 4000), @p270='?' (Size = 4000), @p271='?' (Size = 4000), @p272='?' (Size = 4000), @p273='?' (Size = 4000), @p274='?' (DbType = Guid), @p275='?' (DbType = Guid), @p276='?' (DbType = Int32), @p277='?' (Size = 4000), @p278='?' (Size = 4000), @p279='?' (Size = 4000), @p280='?' (DbType = DateTime2), @p281='?' (DbType = DateTime2), @p282='?' (DbType = DateTime2), @p283='?' (Size = 4000), @p284='?' (Size = 4000), @p285='?' (DbType = Boolean), @p286='?' (Size = 4000), @p287='?' (Precision = 10) (Scale = 6) (DbType = Decimal), @p288='?' (Precision = 10) (Scale = 6) (DbType = Decimal), @p289='?' (Size = 4000), @p290='?' (Size = 4000), @p291='?' (Size = 4000), @p292='?' (DbType = Int32), @p293='?' (Size = 4000), @p294='?' (Size = 4000), @p295='?' (Size = 4000), @p296='?' (Size = 4000), @p297='?' (Size = 4000), @p298='?' (DbType = Guid), @p299='?' (DbType = Guid), @p300='?' (DbType = Int32), @p301='?' (Size = 4000), @p302='?' (Size = 4000), @p303='?' (Size = 4000), @p304='?' (DbType = DateTime2), @p305='?' (DbType = DateTime2), @p306='?' (DbType = DateTime2), @p307='?' (Size = 4000), @p308='?' (Size = 4000), @p309='?' (DbType = Boolean), @p310='?' (Size = 4000), @p311='?' (Precision = 10) (Scale = 6) (DbType = Decimal), @p312='?' (Precision = 10) (Scale = 6) (DbType = Decimal), @p313='?' (Size = 4000), @p314='?' (Size = 4000), @p315='?' (Size = 4000), @p316='?' (DbType = Int32), @p317='?' (Size = 4000), @p318='?' (Size = 4000), @p319='?' (Size = 4000), @p320='?' (Size = 4000), @p321='?' (Size = 4000), @p322='?' (DbType = Guid), @p323='?' (DbType = Guid), @p324='?' (DbType = Int32), @p325='?' (Size = 4000), @p326='?' (Size = 4000), @p327='?' (Size = 4000), @p328='?' (DbType = DateTime2), @p329='?' (DbType = DateTime2), @p330='?' (DbType = DateTime2), @p331='?' (Size = 4000), @p332='?' (Size = 4000), @p333='?' (DbType = Boolean), @p334='?' (Size = 4000), @p335='?' (Precision = 10) (Scale = 6) (DbType = Decimal), @p336='?' (Precision = 10) (Scale = 6) (DbType = Decimal), @p337='?' (Size = 4000), @p338='?' (Size = 4000), @p339='?' (Size = 4000), @p340='?' (DbType = Int32), @p341='?' (Size = 4000), @p342='?' (Size = 4000), @p343='?' (Size = 4000), @p344='?' (Size = 4000), @p345='?' (Size = 4000), @p346='?' (DbType = Guid), @p347='?' (DbType = Guid), @p348='?' (DbType = Guid), @p349='?' (DbType = Guid), @p350='?' (DbType = Guid), @p351='?' (DbType = Guid), @p352='?' (DbType = Guid), @p353='?' (DbType = DateTime2), @p354='?' (DbType = DateTime2), @p355='?' (DbType = DateTime2), @p356='?' (DbType = Boolean), @p357='?' (Size = 4000), @p358='?' (DbType = Guid), @p359='?' (Size = 4000), @p360='?' (Size = 4000), @p361='?' (DbType = Guid), @p362='?' (DbType = Guid), @p363='?' (DbType = DateTime2), @p364='?' (DbType = DateTime2), @p365='?' (DbType = DateTime2), @p366='?' (DbType = Boolean), @p367='?' (Size = 4000), @p368='?' (DbType = Guid), @p369='?' (Size = 4000), @p370='?' (Size = 4000), @p371='?' (DbType = Guid), @p372='?' (DbType = Guid), @p373='?' (DbType = DateTime2), @p374='?' (DbType = DateTime2), @p375='?' (DbType = DateTime2), @p376='?' (DbType = Boolean), @p377='?' (Size = 4000), @p378='?' (DbType = Guid), @p379='?' (Size = 4000), @p380='?' (Size = 4000), @p381='?' (DbType = Guid), @p382='?' (DbType = Guid), @p383='?' (DbType = DateTime2), @p384='?' (DbType = DateTime2), @p385='?' (DbType = DateTime2), @p386='?' (DbType = Boolean), @p387='?' (Size = 4000), @p388='?' (DbType = Guid), @p389='?' (Size = 4000), @p390='?' (Size = 4000)], CommandType='"Text"', CommandTimeout='30']
SET NOCOUNT ON;
INSERT INTO [FontesDado] ([Id], [DataAtualizacao], [DataCriacao], [Descricao], [Excluido], [Nome], [Tipo])
VALUES (@p0, @p1, @p2, @p3, @p4, @p5, @p6),
(@p7, @p8, @p9, @p10, @p11, @p12, @p13);
INSERT INTO [LogsSistema] ([Id], [Contexto], [DataAtualizacao], [DataCriacao], [Evento], [Excluido], [Mensagem], [Nivel])
VALUES (@p14, @p15, @p16, @p17, @p18, @p19, @p20, @p21);
INSERT INTO [Perfis] ([Id], [DataAtualizacao], [DataCriacao], [Descricao], [Excluido], [Nome])
VALUES (@p22, @p23, @p24, @p25, @p26, @p27),
(@p28, @p29, @p30, @p31, @p32, @p33),
(@p34, @p35, @p36, @p37, @p38, @p39);
INSERT INTO [Permissoes] ([Id], [Codigo], [DataAtualizacao], [DataCriacao], [Excluido], [Nome])
VALUES (@p40, @p41, @p42, @p43, @p44, @p45),
(@p46, @p47, @p48, @p49, @p50, @p51),
(@p52, @p53, @p54, @p55, @p56, @p57);
INSERT INTO [Regioes] ([Id], [DataAtualizacao], [DataCriacao], [Excluido], [Nome])
VALUES (@p58, @p59, @p60, @p61, @p62),
(@p63, @p64, @p65, @p66, @p67),
(@p68, @p69, @p70, @p71, @p72),
(@p73, @p74, @p75, @p76, @p77);
INSERT INTO [Bairros] ([Id], [DataAtualizacao], [DataCriacao], [Excluido], [Latitude], [Longitude], [Nome], [RegiaoId])
VALUES (@p78, @p79, @p80, @p81, @p82, @p83, @p84, @p85),
(@p86, @p87, @p88, @p89, @p90, @p91, @p92, @p93),
(@p94, @p95, @p96, @p97, @p98, @p99, @p100, @p101),
(@p102, @p103, @p104, @p105, @p106, @p107, @p108, @p109),
(@p110, @p111, @p112, @p113, @p114, @p115, @p116, @p117);
INSERT INTO [IndicadoresClimaticos] ([Id], [Categoria], [DataAtualizacao], [DataCriacao], [Descricao], [Excluido], [FonteDadoId], [ReferenciaEm], [Status], [Titulo], [Unidade], [Valor])
VALUES (@p118, @p119, @p120, @p121, @p122, @p123, @p124, @p125, @p126, @p127, @p128, @p129),
(@p130, @p131, @p132, @p133, @p134, @p135, @p136, @p137, @p138, @p139, @p140, @p141);
INSERT INTO [PerfilPermissoes] ([PerfilId], [PermissaoId])
VALUES (@p142, @p143),
(@p144, @p145),
(@p146, @p147),
(@p148, @p149),
(@p150, @p151);
INSERT INTO [Usuarios] ([Id], [Ativo], [DataAtualizacao], [DataCriacao], [Email], [Excluido], [Nome], [PerfilId], [SenhaHash], [Telefone])
VALUES (@p152, @p153, @p154, @p155, @p156, @p157, @p158, @p159, @p160, @p161),
(@p162, @p163, @p164, @p165, @p166, @p167, @p168, @p169, @p170, @p171);
INSERT INTO [Alertas] ([Id], [AreaAfetada], [Ativo], [BairroId], [Criticidade], [DataAtualizacao], [DataCriacao], [Descricao], [Excluido], [OrientacaoResumida], [Titulo])
VALUES (@p172, @p173, @p174, @p175, @p176, @p177, @p178, @p179, @p180, @p181, @p182),
(@p183, @p184, @p185, @p186, @p187, @p188, @p189, @p190, @p191, @p192, @p193);
INSERT INTO [Auditorias] ([Id], [Acao], [DataAtualizacao], [DataCriacao], [Detalhes], [Entidade], [EntidadeId], [Excluido], [UsuarioId])
VALUES (@p194, @p195, @p196, @p197, @p198, @p199, @p200, @p201, @p202);
INSERT INTO [Reportes] ([Id], [BairroId], [BairroNome], [CaminhoImagem], [ContatoUsuario], [DataAtualizacao], [DataCriacao], [DataOcorrencia], [Descricao], [EnderecoReferencia], [Excluido], [Fonte], [Latitude], [Longitude], [NivelAgua], [NomeUsuario], [Observacoes], [RegiaoId], [RegiaoNome], [Severidade], [Status], [TipoOcorrencia], [Titulo], [UsuarioId])
VALUES (@p203, @p204, @p205, @p206, @p207, @p208, @p209, @p210, @p211, @p212, @p213, @p214, @p215, @p216, @p217, @p218, @p219, @p220, @p221, @p222, @p223, @p224, @p225, @p226),
(@p227, @p228, @p229, @p230, @p231, @p232, @p233, @p234, @p235, @p236, @p237, @p238, @p239, @p240, @p241, @p242, @p243, @p244, @p245, @p246, @p247, @p248, @p249, @p250),
(@p251, @p252, @p253, @p254, @p255, @p256, @p257, @p258, @p259, @p260, @p261, @p262, @p263, @p264, @p265, @p266, @p267, @p268, @p269, @p270, @p271, @p272, @p273, @p274),
(@p275, @p276, @p277, @p278, @p279, @p280, @p281, @p282, @p283, @p284, @p285, @p286, @p287, @p288, @p289, @p290, @p291, @p292, @p293, @p294, @p295, @p296, @p297, @p298),
(@p299, @p300, @p301, @p302, @p303, @p304, @p305, @p306, @p307, @p308, @p309, @p310, @p311, @p312, @p313, @p314, @p315, @p316, @p317, @p318, @p319, @p320, @p321, @p322),
(@p323, @p324, @p325, @p326, @p327, @p328, @p329, @p330, @p331, @p332, @p333, @p334, @p335, @p336, @p337, @p338, @p339, @p340, @p341, @p342, @p343, @p344, @p345, @p346);
INSERT INTO [AlertasReportes] ([AlertaId], [ReporteId])
VALUES (@p347, @p348),
(@p349, @p350);
INSERT INTO [HistoricosReporte] ([Id], [AlteradoPorUsuarioId], [DataAlteracao], [DataAtualizacao], [DataCriacao], [Excluido], [Observacao], [ReporteId], [StatusAnterior], [StatusNovo])
VALUES (@p351, @p352, @p353, @p354, @p355, @p356, @p357, @p358, @p359, @p360),
(@p361, @p362, @p363, @p364, @p365, @p366, @p367, @p368, @p369, @p370),
(@p371, @p372, @p373, @p374, @p375, @p376, @p377, @p378, @p379, @p380),
(@p381, @p382, @p383, @p384, @p385, @p386, @p387, @p388, @p389, @p390);
2026-03-30 10:41:52.000 -03:00 [ERR] An exception occurred in the database while saving changes for context type 'HidroRec.Backend.Infrastructure.Data.HidroRecDbContext'.
Microsoft.EntityFrameworkCore.DbUpdateException: An error occurred while saving the entity changes. See the inner exception for details.
 ---> Microsoft.Data.SqlClient.SqlException (0x80131904): Cannot insert explicit value for identity column in table 'FontesDado' when IDENTITY_INSERT is set to OFF.
Cannot insert explicit value for identity column in table 'Perfis' when IDENTITY_INSERT is set to OFF.
Cannot insert explicit value for identity column in table 'Permissoes' when IDENTITY_INSERT is set to OFF.
Cannot insert explicit value for identity column in table 'Regioes' when IDENTITY_INSERT is set to OFF.
Cannot insert explicit value for identity column in table 'Bairros' when IDENTITY_INSERT is set to OFF.
The INSERT statement conflicted with the FOREIGN KEY constraint "FK_IndicadoresClimaticos_FontesDado_FonteDadoId". The conflict occurred in database "HidroRecDbDev", table "dbo.FontesDado", column 'Id'.
The INSERT statement conflicted with the FOREIGN KEY constraint "FK_PerfilPermissoes_Perfis_PerfilId". The conflict occurred in database "HidroRecDbDev", table "dbo.Perfis", column 'Id'.
The INSERT statement conflicted with the FOREIGN KEY constraint "FK_Usuarios_Perfis_PerfilId". The conflict occurred in database "HidroRecDbDev", table "dbo.Perfis", column 'Id'.
The INSERT statement conflicted with the FOREIGN KEY constraint "FK_Alertas_Bairros_BairroId". The conflict occurred in database "HidroRecDbDev", table "dbo.Bairros", column 'Id'.
The INSERT statement conflicted with the FOREIGN KEY constraint "FK_Auditorias_Usuarios_UsuarioId". The conflict occurred in database "HidroRecDbDev", table "dbo.Usuarios", column 'Id'.
The INSERT statement conflicted with the FOREIGN KEY constraint "FK_Reportes_Bairros_BairroId". The conflict occurred in database "HidroRecDbDev", table "dbo.Bairros", column 'Id'.
The INSERT statement conflicted with the FOREIGN KEY constraint "FK_AlertasReportes_Alertas_AlertaId". The conflict occurred in database "HidroRecDbDev", table "dbo.Alertas", column 'Id'.
The INSERT statement conflicted with the FOREIGN KEY constraint "FK_HistoricosReporte_Reportes_ReporteId". The conflict occurred in database "HidroRecDbDev", table "dbo.Reportes", column 'Id'.
The statement has been terminated.
The statement has been terminated.
The statement has been terminated.
The statement has been terminated.
The statement has been terminated.
The statement has been terminated.
The statement has been terminated.
The statement has been terminated.
   at Microsoft.Data.SqlClient.SqlCommand.<>c.<ExecuteDbDataReaderAsync>b__211_0(Task`1 result)
   at System.Threading.Tasks.ContinuationResultTaskFromResultTask`2.InnerInvoke()
   at System.Threading.ExecutionContext.RunInternal(ExecutionContext executionContext, ContextCallback callback, Object state)
--- End of stack trace from previous location ---
   at System.Threading.ExecutionContext.RunInternal(ExecutionContext executionContext, ContextCallback callback, Object state)
   at System.Threading.Tasks.Task.ExecuteWithThreadLocal(Task& currentTaskSlot, Thread threadPoolThread)
--- End of stack trace from previous location ---
   at Microsoft.EntityFrameworkCore.Storage.RelationalCommand.ExecuteReaderAsync(RelationalCommandParameterObject parameterObject, CancellationToken cancellationToken)
   at Microsoft.EntityFrameworkCore.Storage.RelationalCommand.ExecuteReaderAsync(RelationalCommandParameterObject parameterObject, CancellationToken cancellationToken)
   at Microsoft.EntityFrameworkCore.Update.ReaderModificationCommandBatch.ExecuteAsync(IRelationalConnection connection, CancellationToken cancellationToken)
ClientConnectionId:cc34079c-aaac-4f0e-8708-95bca293eb4a
Error Number:544,State:1,Class:16
   --- End of inner exception stack trace ---
   at Microsoft.EntityFrameworkCore.Update.ReaderModificationCommandBatch.ExecuteAsync(IRelationalConnection connection, CancellationToken cancellationToken)
   at Microsoft.EntityFrameworkCore.SqlServer.Update.Internal.SqlServerModificationCommandBatch.ExecuteAsync(IRelationalConnection connection, CancellationToken cancellationToken)
   at Microsoft.EntityFrameworkCore.Update.Internal.BatchExecutor.ExecuteAsync(IEnumerable`1 commandBatches, IRelationalConnection connection, CancellationToken cancellationToken)
   at Microsoft.EntityFrameworkCore.Update.Internal.BatchExecutor.ExecuteAsync(IEnumerable`1 commandBatches, IRelationalConnection connection, CancellationToken cancellationToken)
   at Microsoft.EntityFrameworkCore.Update.Internal.BatchExecutor.ExecuteAsync(IEnumerable`1 commandBatches, IRelationalConnection connection, CancellationToken cancellationToken)
   at Microsoft.EntityFrameworkCore.ChangeTracking.Internal.StateManager.SaveChangesAsync(IList`1 entriesToSave, CancellationToken cancellationToken)
   at Microsoft.EntityFrameworkCore.ChangeTracking.Internal.StateManager.SaveChangesAsync(StateManager stateManager, Boolean acceptAllChangesOnSuccess, CancellationToken cancellationToken)
   at Microsoft.EntityFrameworkCore.SqlServer.Storage.Internal.SqlServerExecutionStrategy.ExecuteAsync[TState,TResult](TState state, Func`4 operation, Func`4 verifySucceeded, CancellationToken cancellationToken)
   at Microsoft.EntityFrameworkCore.DbContext.SaveChangesAsync(Boolean acceptAllChangesOnSuccess, CancellationToken cancellationToken)
Microsoft.EntityFrameworkCore.DbUpdateException: An error occurred while saving the entity changes. See the inner exception for details.
 ---> Microsoft.Data.SqlClient.SqlException (0x80131904): Cannot insert explicit value for identity column in table 'FontesDado' when IDENTITY_INSERT is set to OFF.
Cannot insert explicit value for identity column in table 'Perfis' when IDENTITY_INSERT is set to OFF.
Cannot insert explicit value for identity column in table 'Permissoes' when IDENTITY_INSERT is set to OFF.
Cannot insert explicit value for identity column in table 'Regioes' when IDENTITY_INSERT is set to OFF.
Cannot insert explicit value for identity column in table 'Bairros' when IDENTITY_INSERT is set to OFF.
The INSERT statement conflicted with the FOREIGN KEY constraint "FK_IndicadoresClimaticos_FontesDado_FonteDadoId". The conflict occurred in database "HidroRecDbDev", table "dbo.FontesDado", column 'Id'.
The INSERT statement conflicted with the FOREIGN KEY constraint "FK_PerfilPermissoes_Perfis_PerfilId". The conflict occurred in database "HidroRecDbDev", table "dbo.Perfis", column 'Id'.
The INSERT statement conflicted with the FOREIGN KEY constraint "FK_Usuarios_Perfis_PerfilId". The conflict occurred in database "HidroRecDbDev", table "dbo.Perfis", column 'Id'.
The INSERT statement conflicted with the FOREIGN KEY constraint "FK_Alertas_Bairros_BairroId". The conflict occurred in database "HidroRecDbDev", table "dbo.Bairros", column 'Id'.
The INSERT statement conflicted with the FOREIGN KEY constraint "FK_Auditorias_Usuarios_UsuarioId". The conflict occurred in database "HidroRecDbDev", table "dbo.Usuarios", column 'Id'.
The INSERT statement conflicted with the FOREIGN KEY constraint "FK_Reportes_Bairros_BairroId". The conflict occurred in database "HidroRecDbDev", table "dbo.Bairros", column 'Id'.
The INSERT statement conflicted with the FOREIGN KEY constraint "FK_AlertasReportes_Alertas_AlertaId". The conflict occurred in database "HidroRecDbDev", table "dbo.Alertas", column 'Id'.
The INSERT statement conflicted with the FOREIGN KEY constraint "FK_HistoricosReporte_Reportes_ReporteId". The conflict occurred in database "HidroRecDbDev", table "dbo.Reportes", column 'Id'.
The statement has been terminated.
The statement has been terminated.
The statement has been terminated.
The statement has been terminated.
The statement has been terminated.
The statement has been terminated.
The statement has been terminated.
The statement has been terminated.
   at Microsoft.Data.SqlClient.SqlCommand.<>c.<ExecuteDbDataReaderAsync>b__211_0(Task`1 result)
   at System.Threading.Tasks.ContinuationResultTaskFromResultTask`2.InnerInvoke()
   at System.Threading.ExecutionContext.RunInternal(ExecutionContext executionContext, ContextCallback callback, Object state)
--- End of stack trace from previous location ---
   at System.Threading.ExecutionContext.RunInternal(ExecutionContext executionContext, ContextCallback callback, Object state)
   at System.Threading.Tasks.Task.ExecuteWithThreadLocal(Task& currentTaskSlot, Thread threadPoolThread)
--- End of stack trace from previous location ---
   at Microsoft.EntityFrameworkCore.Storage.RelationalCommand.ExecuteReaderAsync(RelationalCommandParameterObject parameterObject, CancellationToken cancellationToken)
   at Microsoft.EntityFrameworkCore.Storage.RelationalCommand.ExecuteReaderAsync(RelationalCommandParameterObject parameterObject, CancellationToken cancellationToken)
   at Microsoft.EntityFrameworkCore.Update.ReaderModificationCommandBatch.ExecuteAsync(IRelationalConnection connection, CancellationToken cancellationToken)
ClientConnectionId:cc34079c-aaac-4f0e-8708-95bca293eb4a
Error Number:544,State:1,Class:16
   --- End of inner exception stack trace ---
   at Microsoft.EntityFrameworkCore.Update.ReaderModificationCommandBatch.ExecuteAsync(IRelationalConnection connection, CancellationToken cancellationToken)
   at Microsoft.EntityFrameworkCore.SqlServer.Update.Internal.SqlServerModificationCommandBatch.ExecuteAsync(IRelationalConnection connection, CancellationToken cancellationToken)
   at Microsoft.EntityFrameworkCore.Update.Internal.BatchExecutor.ExecuteAsync(IEnumerable`1 commandBatches, IRelationalConnection connection, CancellationToken cancellationToken)
   at Microsoft.EntityFrameworkCore.Update.Internal.BatchExecutor.ExecuteAsync(IEnumerable`1 commandBatches, IRelationalConnection connection, CancellationToken cancellationToken)
   at Microsoft.EntityFrameworkCore.Update.Internal.BatchExecutor.ExecuteAsync(IEnumerable`1 commandBatches, IRelationalConnection connection, CancellationToken cancellationToken)
   at Microsoft.EntityFrameworkCore.ChangeTracking.Internal.StateManager.SaveChangesAsync(IList`1 entriesToSave, CancellationToken cancellationToken)
   at Microsoft.EntityFrameworkCore.ChangeTracking.Internal.StateManager.SaveChangesAsync(StateManager stateManager, Boolean acceptAllChangesOnSuccess, CancellationToken cancellationToken)
   at Microsoft.EntityFrameworkCore.SqlServer.Storage.Internal.SqlServerExecutionStrategy.ExecuteAsync[TState,TResult](TState state, Func`4 operation, Func`4 verifySucceeded, CancellationToken cancellationToken)
   at Microsoft.EntityFrameworkCore.DbContext.SaveChangesAsync(Boolean acceptAllChangesOnSuccess, CancellationToken cancellationToken)
2026-03-30 10:48:51.186 -03:00 [ERR] Failed executing DbCommand (21ms) [Parameters=[@p0='?' (DbType = Int32), @p1='?' (DbType = DateTime2), @p2='?' (DbType = DateTime2), @p3='?' (Size = 4000), @p4='?' (DbType = Boolean), @p5='?' (Size = 4000), @p6='?' (Size = 4000), @p7='?' (DbType = Int32), @p8='?' (DbType = DateTime2), @p9='?' (DbType = DateTime2), @p10='?' (Size = 4000), @p11='?' (DbType = Boolean), @p12='?' (Size = 4000), @p13='?' (Size = 4000), @p14='?' (DbType = Guid), @p15='?' (Size = 4000), @p16='?' (DbType = DateTime2), @p17='?' (DbType = DateTime2), @p18='?' (Size = 4000), @p19='?' (DbType = Boolean), @p20='?' (Size = 4000), @p21='?' (Size = 4000), @p22='?' (DbType = Int32), @p23='?' (DbType = DateTime2), @p24='?' (DbType = DateTime2), @p25='?' (Size = 4000), @p26='?' (DbType = Boolean), @p27='?' (Size = 4000), @p28='?' (DbType = Int32), @p29='?' (DbType = DateTime2), @p30='?' (DbType = DateTime2), @p31='?' (Size = 4000), @p32='?' (DbType = Boolean), @p33='?' (Size = 4000), @p34='?' (DbType = Int32), @p35='?' (DbType = DateTime2), @p36='?' (DbType = DateTime2), @p37='?' (Size = 4000), @p38='?' (DbType = Boolean), @p39='?' (Size = 4000), @p40='?' (DbType = Int32), @p41='?' (Size = 450), @p42='?' (DbType = DateTime2), @p43='?' (DbType = DateTime2), @p44='?' (DbType = Boolean), @p45='?' (Size = 4000), @p46='?' (DbType = Int32), @p47='?' (Size = 450), @p48='?' (DbType = DateTime2), @p49='?' (DbType = DateTime2), @p50='?' (DbType = Boolean), @p51='?' (Size = 4000), @p52='?' (DbType = Int32), @p53='?' (Size = 450), @p54='?' (DbType = DateTime2), @p55='?' (DbType = DateTime2), @p56='?' (DbType = Boolean), @p57='?' (Size = 4000), @p58='?' (DbType = Int32), @p59='?' (DbType = DateTime2), @p60='?' (DbType = DateTime2), @p61='?' (DbType = Boolean), @p62='?' (Size = 4000), @p63='?' (DbType = Int32), @p64='?' (DbType = DateTime2), @p65='?' (DbType = DateTime2), @p66='?' (DbType = Boolean), @p67='?' (Size = 4000), @p68='?' (DbType = Int32), @p69='?' (DbType = DateTime2), @p70='?' (DbType = DateTime2), @p71='?' (DbType = Boolean), @p72='?' (Size = 4000), @p73='?' (DbType = Int32), @p74='?' (DbType = DateTime2), @p75='?' (DbType = DateTime2), @p76='?' (DbType = Boolean), @p77='?' (Size = 4000), @p78='?' (DbType = Int32), @p79='?' (DbType = DateTime2), @p80='?' (DbType = DateTime2), @p81='?' (DbType = Boolean), @p82='?' (Precision = 10) (Scale = 6) (DbType = Decimal), @p83='?' (Precision = 10) (Scale = 6) (DbType = Decimal), @p84='?' (Size = 4000), @p85='?' (DbType = Int32), @p86='?' (DbType = Int32), @p87='?' (DbType = DateTime2), @p88='?' (DbType = DateTime2), @p89='?' (DbType = Boolean), @p90='?' (Precision = 10) (Scale = 6) (DbType = Decimal), @p91='?' (Precision = 10) (Scale = 6) (DbType = Decimal), @p92='?' (Size = 4000), @p93='?' (DbType = Int32), @p94='?' (DbType = Int32), @p95='?' (DbType = DateTime2), @p96='?' (DbType = DateTime2), @p97='?' (DbType = Boolean), @p98='?' (Precision = 10) (Scale = 6) (DbType = Decimal), @p99='?' (Precision = 10) (Scale = 6) (DbType = Decimal), @p100='?' (Size = 4000), @p101='?' (DbType = Int32), @p102='?' (DbType = Int32), @p103='?' (DbType = DateTime2), @p104='?' (DbType = DateTime2), @p105='?' (DbType = Boolean), @p106='?' (Precision = 10) (Scale = 6) (DbType = Decimal), @p107='?' (Precision = 10) (Scale = 6) (DbType = Decimal), @p108='?' (Size = 4000), @p109='?' (DbType = Int32), @p110='?' (DbType = Int32), @p111='?' (DbType = DateTime2), @p112='?' (DbType = DateTime2), @p113='?' (DbType = Boolean), @p114='?' (Precision = 10) (Scale = 6) (DbType = Decimal), @p115='?' (Precision = 10) (Scale = 6) (DbType = Decimal), @p116='?' (Size = 4000), @p117='?' (DbType = Int32), @p118='?' (DbType = Guid), @p119='?' (Size = 4000), @p120='?' (DbType = DateTime2), @p121='?' (DbType = DateTime2), @p122='?' (Size = 4000), @p123='?' (DbType = Boolean), @p124='?' (DbType = Int32), @p125='?' (DbType = DateTime2), @p126='?' (Size = 4000), @p127='?' (Size = 4000), @p128='?' (Size = 4000), @p129='?' (Precision = 10) (Scale = 2) (DbType = Decimal), @p130='?' (DbType = Guid), @p131='?' (Size = 4000), @p132='?' (DbType = DateTime2), @p133='?' (DbType = DateTime2), @p134='?' (Size = 4000), @p135='?' (DbType = Boolean), @p136='?' (DbType = Int32), @p137='?' (DbType = DateTime2), @p138='?' (Size = 4000), @p139='?' (Size = 4000), @p140='?' (Size = 4000), @p141='?' (Precision = 10) (Scale = 2) (DbType = Decimal), @p142='?' (DbType = Int32), @p143='?' (DbType = Int32), @p144='?' (DbType = Int32), @p145='?' (DbType = Int32), @p146='?' (DbType = Int32), @p147='?' (DbType = Int32), @p148='?' (DbType = Int32), @p149='?' (DbType = Int32), @p150='?' (DbType = Int32), @p151='?' (DbType = Int32), @p152='?' (DbType = Guid), @p153='?' (DbType = Boolean), @p154='?' (DbType = DateTime2), @p155='?' (DbType = DateTime2), @p156='?' (Size = 450), @p157='?' (DbType = Boolean), @p158='?' (Size = 4000), @p159='?' (DbType = Int32), @p160='?' (Size = 4000), @p161='?' (Size = 4000), @p162='?' (DbType = Guid), @p163='?' (DbType = Boolean), @p164='?' (DbType = DateTime2), @p165='?' (DbType = DateTime2), @p166='?' (Size = 450), @p167='?' (DbType = Boolean), @p168='?' (Size = 4000), @p169='?' (DbType = Int32), @p170='?' (Size = 4000), @p171='?' (Size = 4000), @p172='?' (DbType = Guid), @p173='?' (Size = 4000), @p174='?' (DbType = Boolean), @p175='?' (DbType = Int32), @p176='?' (Size = 4000), @p177='?' (DbType = DateTime2), @p178='?' (DbType = DateTime2), @p179='?' (Size = 4000), @p180='?' (DbType = Boolean), @p181='?' (Size = 4000), @p182='?' (Size = 4000), @p183='?' (DbType = Guid), @p184='?' (Size = 4000), @p185='?' (DbType = Boolean), @p186='?' (DbType = Int32), @p187='?' (Size = 4000), @p188='?' (DbType = DateTime2), @p189='?' (DbType = DateTime2), @p190='?' (Size = 4000), @p191='?' (DbType = Boolean), @p192='?' (Size = 4000), @p193='?' (Size = 4000), @p194='?' (DbType = Guid), @p195='?' (Size = 4000), @p196='?' (DbType = DateTime2), @p197='?' (DbType = DateTime2), @p198='?' (Size = 4000), @p199='?' (Size = 4000), @p200='?' (Size = 4000), @p201='?' (DbType = Boolean), @p202='?' (DbType = Guid), @p203='?' (DbType = Guid), @p204='?' (DbType = Int32), @p205='?' (Size = 4000), @p206='?' (Size = 4000), @p207='?' (Size = 4000), @p208='?' (DbType = DateTime2), @p209='?' (DbType = DateTime2), @p210='?' (DbType = DateTime2), @p211='?' (Size = 4000), @p212='?' (Size = 4000), @p213='?' (DbType = Boolean), @p214='?' (Size = 4000), @p215='?' (Precision = 10) (Scale = 6) (DbType = Decimal), @p216='?' (Precision = 10) (Scale = 6) (DbType = Decimal), @p217='?' (Size = 4000), @p218='?' (Size = 4000), @p219='?' (Size = 4000), @p220='?' (DbType = Int32), @p221='?' (Size = 4000), @p222='?' (Size = 4000), @p223='?' (Size = 4000), @p224='?' (Size = 4000), @p225='?' (Size = 4000), @p226='?' (DbType = Guid), @p227='?' (DbType = Guid), @p228='?' (DbType = Int32), @p229='?' (Size = 4000), @p230='?' (Size = 4000), @p231='?' (Size = 4000), @p232='?' (DbType = DateTime2), @p233='?' (DbType = DateTime2), @p234='?' (DbType = DateTime2), @p235='?' (Size = 4000), @p236='?' (Size = 4000), @p237='?' (DbType = Boolean), @p238='?' (Size = 4000), @p239='?' (Precision = 10) (Scale = 6) (DbType = Decimal), @p240='?' (Precision = 10) (Scale = 6) (DbType = Decimal), @p241='?' (Size = 4000), @p242='?' (Size = 4000), @p243='?' (Size = 4000), @p244='?' (DbType = Int32), @p245='?' (Size = 4000), @p246='?' (Size = 4000), @p247='?' (Size = 4000), @p248='?' (Size = 4000), @p249='?' (Size = 4000), @p250='?' (DbType = Guid), @p251='?' (DbType = Guid), @p252='?' (DbType = Int32), @p253='?' (Size = 4000), @p254='?' (Size = 4000), @p255='?' (Size = 4000), @p256='?' (DbType = DateTime2), @p257='?' (DbType = DateTime2), @p258='?' (DbType = DateTime2), @p259='?' (Size = 4000), @p260='?' (Size = 4000), @p261='?' (DbType = Boolean), @p262='?' (Size = 4000), @p263='?' (Precision = 10) (Scale = 6) (DbType = Decimal), @p264='?' (Precision = 10) (Scale = 6) (DbType = Decimal), @p265='?' (Size = 4000), @p266='?' (Size = 4000), @p267='?' (Size = 4000), @p268='?' (DbType = Int32), @p269='?' (Size = 4000), @p270='?' (Size = 4000), @p271='?' (Size = 4000), @p272='?' (Size = 4000), @p273='?' (Size = 4000), @p274='?' (DbType = Guid), @p275='?' (DbType = Guid), @p276='?' (DbType = Int32), @p277='?' (Size = 4000), @p278='?' (Size = 4000), @p279='?' (Size = 4000), @p280='?' (DbType = DateTime2), @p281='?' (DbType = DateTime2), @p282='?' (DbType = DateTime2), @p283='?' (Size = 4000), @p284='?' (Size = 4000), @p285='?' (DbType = Boolean), @p286='?' (Size = 4000), @p287='?' (Precision = 10) (Scale = 6) (DbType = Decimal), @p288='?' (Precision = 10) (Scale = 6) (DbType = Decimal), @p289='?' (Size = 4000), @p290='?' (Size = 4000), @p291='?' (Size = 4000), @p292='?' (DbType = Int32), @p293='?' (Size = 4000), @p294='?' (Size = 4000), @p295='?' (Size = 4000), @p296='?' (Size = 4000), @p297='?' (Size = 4000), @p298='?' (DbType = Guid), @p299='?' (DbType = Guid), @p300='?' (DbType = Int32), @p301='?' (Size = 4000), @p302='?' (Size = 4000), @p303='?' (Size = 4000), @p304='?' (DbType = DateTime2), @p305='?' (DbType = DateTime2), @p306='?' (DbType = DateTime2), @p307='?' (Size = 4000), @p308='?' (Size = 4000), @p309='?' (DbType = Boolean), @p310='?' (Size = 4000), @p311='?' (Precision = 10) (Scale = 6) (DbType = Decimal), @p312='?' (Precision = 10) (Scale = 6) (DbType = Decimal), @p313='?' (Size = 4000), @p314='?' (Size = 4000), @p315='?' (Size = 4000), @p316='?' (DbType = Int32), @p317='?' (Size = 4000), @p318='?' (Size = 4000), @p319='?' (Size = 4000), @p320='?' (Size = 4000), @p321='?' (Size = 4000), @p322='?' (DbType = Guid), @p323='?' (DbType = Guid), @p324='?' (DbType = Int32), @p325='?' (Size = 4000), @p326='?' (Size = 4000), @p327='?' (Size = 4000), @p328='?' (DbType = DateTime2), @p329='?' (DbType = DateTime2), @p330='?' (DbType = DateTime2), @p331='?' (Size = 4000), @p332='?' (Size = 4000), @p333='?' (DbType = Boolean), @p334='?' (Size = 4000), @p335='?' (Precision = 10) (Scale = 6) (DbType = Decimal), @p336='?' (Precision = 10) (Scale = 6) (DbType = Decimal), @p337='?' (Size = 4000), @p338='?' (Size = 4000), @p339='?' (Size = 4000), @p340='?' (DbType = Int32), @p341='?' (Size = 4000), @p342='?' (Size = 4000), @p343='?' (Size = 4000), @p344='?' (Size = 4000), @p345='?' (Size = 4000), @p346='?' (DbType = Guid), @p347='?' (DbType = Guid), @p348='?' (DbType = Guid), @p349='?' (DbType = Guid), @p350='?' (DbType = Guid), @p351='?' (DbType = Guid), @p352='?' (DbType = Guid), @p353='?' (DbType = DateTime2), @p354='?' (DbType = DateTime2), @p355='?' (DbType = DateTime2), @p356='?' (DbType = Boolean), @p357='?' (Size = 4000), @p358='?' (DbType = Guid), @p359='?' (Size = 4000), @p360='?' (Size = 4000), @p361='?' (DbType = Guid), @p362='?' (DbType = Guid), @p363='?' (DbType = DateTime2), @p364='?' (DbType = DateTime2), @p365='?' (DbType = DateTime2), @p366='?' (DbType = Boolean), @p367='?' (Size = 4000), @p368='?' (DbType = Guid), @p369='?' (Size = 4000), @p370='?' (Size = 4000), @p371='?' (DbType = Guid), @p372='?' (DbType = Guid), @p373='?' (DbType = DateTime2), @p374='?' (DbType = DateTime2), @p375='?' (DbType = DateTime2), @p376='?' (DbType = Boolean), @p377='?' (Size = 4000), @p378='?' (DbType = Guid), @p379='?' (Size = 4000), @p380='?' (Size = 4000), @p381='?' (DbType = Guid), @p382='?' (DbType = Guid), @p383='?' (DbType = DateTime2), @p384='?' (DbType = DateTime2), @p385='?' (DbType = DateTime2), @p386='?' (DbType = Boolean), @p387='?' (Size = 4000), @p388='?' (DbType = Guid), @p389='?' (Size = 4000), @p390='?' (Size = 4000)], CommandType='"Text"', CommandTimeout='30']
SET NOCOUNT ON;
INSERT INTO [FontesDado] ([Id], [DataAtualizacao], [DataCriacao], [Descricao], [Excluido], [Nome], [Tipo])
VALUES (@p0, @p1, @p2, @p3, @p4, @p5, @p6),
(@p7, @p8, @p9, @p10, @p11, @p12, @p13);
INSERT INTO [LogsSistema] ([Id], [Contexto], [DataAtualizacao], [DataCriacao], [Evento], [Excluido], [Mensagem], [Nivel])
VALUES (@p14, @p15, @p16, @p17, @p18, @p19, @p20, @p21);
INSERT INTO [Perfis] ([Id], [DataAtualizacao], [DataCriacao], [Descricao], [Excluido], [Nome])
VALUES (@p22, @p23, @p24, @p25, @p26, @p27),
(@p28, @p29, @p30, @p31, @p32, @p33),
(@p34, @p35, @p36, @p37, @p38, @p39);
INSERT INTO [Permissoes] ([Id], [Codigo], [DataAtualizacao], [DataCriacao], [Excluido], [Nome])
VALUES (@p40, @p41, @p42, @p43, @p44, @p45),
(@p46, @p47, @p48, @p49, @p50, @p51),
(@p52, @p53, @p54, @p55, @p56, @p57);
INSERT INTO [Regioes] ([Id], [DataAtualizacao], [DataCriacao], [Excluido], [Nome])
VALUES (@p58, @p59, @p60, @p61, @p62),
(@p63, @p64, @p65, @p66, @p67),
(@p68, @p69, @p70, @p71, @p72),
(@p73, @p74, @p75, @p76, @p77);
INSERT INTO [Bairros] ([Id], [DataAtualizacao], [DataCriacao], [Excluido], [Latitude], [Longitude], [Nome], [RegiaoId])
VALUES (@p78, @p79, @p80, @p81, @p82, @p83, @p84, @p85),
(@p86, @p87, @p88, @p89, @p90, @p91, @p92, @p93),
(@p94, @p95, @p96, @p97, @p98, @p99, @p100, @p101),
(@p102, @p103, @p104, @p105, @p106, @p107, @p108, @p109),
(@p110, @p111, @p112, @p113, @p114, @p115, @p116, @p117);
INSERT INTO [IndicadoresClimaticos] ([Id], [Categoria], [DataAtualizacao], [DataCriacao], [Descricao], [Excluido], [FonteDadoId], [ReferenciaEm], [Status], [Titulo], [Unidade], [Valor])
VALUES (@p118, @p119, @p120, @p121, @p122, @p123, @p124, @p125, @p126, @p127, @p128, @p129),
(@p130, @p131, @p132, @p133, @p134, @p135, @p136, @p137, @p138, @p139, @p140, @p141);
INSERT INTO [PerfilPermissoes] ([PerfilId], [PermissaoId])
VALUES (@p142, @p143),
(@p144, @p145),
(@p146, @p147),
(@p148, @p149),
(@p150, @p151);
INSERT INTO [Usuarios] ([Id], [Ativo], [DataAtualizacao], [DataCriacao], [Email], [Excluido], [Nome], [PerfilId], [SenhaHash], [Telefone])
VALUES (@p152, @p153, @p154, @p155, @p156, @p157, @p158, @p159, @p160, @p161),
(@p162, @p163, @p164, @p165, @p166, @p167, @p168, @p169, @p170, @p171);
INSERT INTO [Alertas] ([Id], [AreaAfetada], [Ativo], [BairroId], [Criticidade], [DataAtualizacao], [DataCriacao], [Descricao], [Excluido], [OrientacaoResumida], [Titulo])
VALUES (@p172, @p173, @p174, @p175, @p176, @p177, @p178, @p179, @p180, @p181, @p182),
(@p183, @p184, @p185, @p186, @p187, @p188, @p189, @p190, @p191, @p192, @p193);
INSERT INTO [Auditorias] ([Id], [Acao], [DataAtualizacao], [DataCriacao], [Detalhes], [Entidade], [EntidadeId], [Excluido], [UsuarioId])
VALUES (@p194, @p195, @p196, @p197, @p198, @p199, @p200, @p201, @p202);
INSERT INTO [Reportes] ([Id], [BairroId], [BairroNome], [CaminhoImagem], [ContatoUsuario], [DataAtualizacao], [DataCriacao], [DataOcorrencia], [Descricao], [EnderecoReferencia], [Excluido], [Fonte], [Latitude], [Longitude], [NivelAgua], [NomeUsuario], [Observacoes], [RegiaoId], [RegiaoNome], [Severidade], [Status], [TipoOcorrencia], [Titulo], [UsuarioId])
VALUES (@p203, @p204, @p205, @p206, @p207, @p208, @p209, @p210, @p211, @p212, @p213, @p214, @p215, @p216, @p217, @p218, @p219, @p220, @p221, @p222, @p223, @p224, @p225, @p226),
(@p227, @p228, @p229, @p230, @p231, @p232, @p233, @p234, @p235, @p236, @p237, @p238, @p239, @p240, @p241, @p242, @p243, @p244, @p245, @p246, @p247, @p248, @p249, @p250),
(@p251, @p252, @p253, @p254, @p255, @p256, @p257, @p258, @p259, @p260, @p261, @p262, @p263, @p264, @p265, @p266, @p267, @p268, @p269, @p270, @p271, @p272, @p273, @p274),
(@p275, @p276, @p277, @p278, @p279, @p280, @p281, @p282, @p283, @p284, @p285, @p286, @p287, @p288, @p289, @p290, @p291, @p292, @p293, @p294, @p295, @p296, @p297, @p298),
(@p299, @p300, @p301, @p302, @p303, @p304, @p305, @p306, @p307, @p308, @p309, @p310, @p311, @p312, @p313, @p314, @p315, @p316, @p317, @p318, @p319, @p320, @p321, @p322),
(@p323, @p324, @p325, @p326, @p327, @p328, @p329, @p330, @p331, @p332, @p333, @p334, @p335, @p336, @p337, @p338, @p339, @p340, @p341, @p342, @p343, @p344, @p345, @p346);
INSERT INTO [AlertasReportes] ([AlertaId], [ReporteId])
VALUES (@p347, @p348),
(@p349, @p350);
INSERT INTO [HistoricosReporte] ([Id], [AlteradoPorUsuarioId], [DataAlteracao], [DataAtualizacao], [DataCriacao], [Excluido], [Observacao], [ReporteId], [StatusAnterior], [StatusNovo])
VALUES (@p351, @p352, @p353, @p354, @p355, @p356, @p357, @p358, @p359, @p360),
(@p361, @p362, @p363, @p364, @p365, @p366, @p367, @p368, @p369, @p370),
(@p371, @p372, @p373, @p374, @p375, @p376, @p377, @p378, @p379, @p380),
(@p381, @p382, @p383, @p384, @p385, @p386, @p387, @p388, @p389, @p390);
2026-03-30 10:48:51.244 -03:00 [ERR] An exception occurred in the database while saving changes for context type 'HidroRec.Backend.Infrastructure.Data.HidroRecDbContext'.
Microsoft.EntityFrameworkCore.DbUpdateException: An error occurred while saving the entity changes. See the inner exception for details.
 ---> Microsoft.Data.SqlClient.SqlException (0x80131904): Cannot insert explicit value for identity column in table 'FontesDado' when IDENTITY_INSERT is set to OFF.
Cannot insert explicit value for identity column in table 'Perfis' when IDENTITY_INSERT is set to OFF.
Cannot insert explicit value for identity column in table 'Permissoes' when IDENTITY_INSERT is set to OFF.
Cannot insert explicit value for identity column in table 'Regioes' when IDENTITY_INSERT is set to OFF.
Cannot insert explicit value for identity column in table 'Bairros' when IDENTITY_INSERT is set to OFF.
The INSERT statement conflicted with the FOREIGN KEY constraint "FK_IndicadoresClimaticos_FontesDado_FonteDadoId". The conflict occurred in database "HidroRecDbDev", table "dbo.FontesDado", column 'Id'.
The INSERT statement conflicted with the FOREIGN KEY constraint "FK_PerfilPermissoes_Perfis_PerfilId". The conflict occurred in database "HidroRecDbDev", table "dbo.Perfis", column 'Id'.
The INSERT statement conflicted with the FOREIGN KEY constraint "FK_Usuarios_Perfis_PerfilId". The conflict occurred in database "HidroRecDbDev", table "dbo.Perfis", column 'Id'.
The INSERT statement conflicted with the FOREIGN KEY constraint "FK_Alertas_Bairros_BairroId". The conflict occurred in database "HidroRecDbDev", table "dbo.Bairros", column 'Id'.
The INSERT statement conflicted with the FOREIGN KEY constraint "FK_Auditorias_Usuarios_UsuarioId". The conflict occurred in database "HidroRecDbDev", table "dbo.Usuarios", column 'Id'.
The INSERT statement conflicted with the FOREIGN KEY constraint "FK_Reportes_Bairros_BairroId". The conflict occurred in database "HidroRecDbDev", table "dbo.Bairros", column 'Id'.
The INSERT statement conflicted with the FOREIGN KEY constraint "FK_AlertasReportes_Alertas_AlertaId". The conflict occurred in database "HidroRecDbDev", table "dbo.Alertas", column 'Id'.
The INSERT statement conflicted with the FOREIGN KEY constraint "FK_HistoricosReporte_Reportes_ReporteId". The conflict occurred in database "HidroRecDbDev", table "dbo.Reportes", column 'Id'.
The statement has been terminated.
The statement has been terminated.
The statement has been terminated.
The statement has been terminated.
The statement has been terminated.
The statement has been terminated.
The statement has been terminated.
The statement has been terminated.
   at Microsoft.Data.SqlClient.SqlCommand.<>c.<ExecuteDbDataReaderAsync>b__211_0(Task`1 result)
   at System.Threading.Tasks.ContinuationResultTaskFromResultTask`2.InnerInvoke()
   at System.Threading.ExecutionContext.RunInternal(ExecutionContext executionContext, ContextCallback callback, Object state)
--- End of stack trace from previous location ---
   at System.Threading.ExecutionContext.RunInternal(ExecutionContext executionContext, ContextCallback callback, Object state)
   at System.Threading.Tasks.Task.ExecuteWithThreadLocal(Task& currentTaskSlot, Thread threadPoolThread)
--- End of stack trace from previous location ---
   at Microsoft.EntityFrameworkCore.Storage.RelationalCommand.ExecuteReaderAsync(RelationalCommandParameterObject parameterObject, CancellationToken cancellationToken)
   at Microsoft.EntityFrameworkCore.Storage.RelationalCommand.ExecuteReaderAsync(RelationalCommandParameterObject parameterObject, CancellationToken cancellationToken)
   at Microsoft.EntityFrameworkCore.Update.ReaderModificationCommandBatch.ExecuteAsync(IRelationalConnection connection, CancellationToken cancellationToken)
ClientConnectionId:4089b1c2-a0f5-477d-bdd6-70f48a90576b
Error Number:544,State:1,Class:16
   --- End of inner exception stack trace ---
   at Microsoft.EntityFrameworkCore.Update.ReaderModificationCommandBatch.ExecuteAsync(IRelationalConnection connection, CancellationToken cancellationToken)
   at Microsoft.EntityFrameworkCore.SqlServer.Update.Internal.SqlServerModificationCommandBatch.ExecuteAsync(IRelationalConnection connection, CancellationToken cancellationToken)
   at Microsoft.EntityFrameworkCore.Update.Internal.BatchExecutor.ExecuteAsync(IEnumerable`1 commandBatches, IRelationalConnection connection, CancellationToken cancellationToken)
   at Microsoft.EntityFrameworkCore.Update.Internal.BatchExecutor.ExecuteAsync(IEnumerable`1 commandBatches, IRelationalConnection connection, CancellationToken cancellationToken)
   at Microsoft.EntityFrameworkCore.Update.Internal.BatchExecutor.ExecuteAsync(IEnumerable`1 commandBatches, IRelationalConnection connection, CancellationToken cancellationToken)
   at Microsoft.EntityFrameworkCore.ChangeTracking.Internal.StateManager.SaveChangesAsync(IList`1 entriesToSave, CancellationToken cancellationToken)
   at Microsoft.EntityFrameworkCore.ChangeTracking.Internal.StateManager.SaveChangesAsync(StateManager stateManager, Boolean acceptAllChangesOnSuccess, CancellationToken cancellationToken)
   at Microsoft.EntityFrameworkCore.SqlServer.Storage.Internal.SqlServerExecutionStrategy.ExecuteAsync[TState,TResult](TState state, Func`4 operation, Func`4 verifySucceeded, CancellationToken cancellationToken)
   at Microsoft.EntityFrameworkCore.DbContext.SaveChangesAsync(Boolean acceptAllChangesOnSuccess, CancellationToken cancellationToken)
Microsoft.EntityFrameworkCore.DbUpdateException: An error occurred while saving the entity changes. See the inner exception for details.
 ---> Microsoft.Data.SqlClient.SqlException (0x80131904): Cannot insert explicit value for identity column in table 'FontesDado' when IDENTITY_INSERT is set to OFF.
Cannot insert explicit value for identity column in table 'Perfis' when IDENTITY_INSERT is set to OFF.
Cannot insert explicit value for identity column in table 'Permissoes' when IDENTITY_INSERT is set to OFF.
Cannot insert explicit value for identity column in table 'Regioes' when IDENTITY_INSERT is set to OFF.
Cannot insert explicit value for identity column in table 'Bairros' when IDENTITY_INSERT is set to OFF.
The INSERT statement conflicted with the FOREIGN KEY constraint "FK_IndicadoresClimaticos_FontesDado_FonteDadoId". The conflict occurred in database "HidroRecDbDev", table "dbo.FontesDado", column 'Id'.
The INSERT statement conflicted with the FOREIGN KEY constraint "FK_PerfilPermissoes_Perfis_PerfilId". The conflict occurred in database "HidroRecDbDev", table "dbo.Perfis", column 'Id'.
The INSERT statement conflicted with the FOREIGN KEY constraint "FK_Usuarios_Perfis_PerfilId". The conflict occurred in database "HidroRecDbDev", table "dbo.Perfis", column 'Id'.
The INSERT statement conflicted with the FOREIGN KEY constraint "FK_Alertas_Bairros_BairroId". The conflict occurred in database "HidroRecDbDev", table "dbo.Bairros", column 'Id'.
The INSERT statement conflicted with the FOREIGN KEY constraint "FK_Auditorias_Usuarios_UsuarioId". The conflict occurred in database "HidroRecDbDev", table "dbo.Usuarios", column 'Id'.
The INSERT statement conflicted with the FOREIGN KEY constraint "FK_Reportes_Bairros_BairroId". The conflict occurred in database "HidroRecDbDev", table "dbo.Bairros", column 'Id'.
The INSERT statement conflicted with the FOREIGN KEY constraint "FK_AlertasReportes_Alertas_AlertaId". The conflict occurred in database "HidroRecDbDev", table "dbo.Alertas", column 'Id'.
The INSERT statement conflicted with the FOREIGN KEY constraint "FK_HistoricosReporte_Reportes_ReporteId". The conflict occurred in database "HidroRecDbDev", table "dbo.Reportes", column 'Id'.
The statement has been terminated.
The statement has been terminated.
The statement has been terminated.
The statement has been terminated.
The statement has been terminated.
The statement has been terminated.
The statement has been terminated.
The statement has been terminated.
   at Microsoft.Data.SqlClient.SqlCommand.<>c.<ExecuteDbDataReaderAsync>b__211_0(Task`1 result)
   at System.Threading.Tasks.ContinuationResultTaskFromResultTask`2.InnerInvoke()
   at System.Threading.ExecutionContext.RunInternal(ExecutionContext executionContext, ContextCallback callback, Object state)
--- End of stack trace from previous location ---
   at System.Threading.ExecutionContext.RunInternal(ExecutionContext executionContext, ContextCallback callback, Object state)
   at System.Threading.Tasks.Task.ExecuteWithThreadLocal(Task& currentTaskSlot, Thread threadPoolThread)
--- End of stack trace from previous location ---
   at Microsoft.EntityFrameworkCore.Storage.RelationalCommand.ExecuteReaderAsync(RelationalCommandParameterObject parameterObject, CancellationToken cancellationToken)
   at Microsoft.EntityFrameworkCore.Storage.RelationalCommand.ExecuteReaderAsync(RelationalCommandParameterObject parameterObject, CancellationToken cancellationToken)
   at Microsoft.EntityFrameworkCore.Update.ReaderModificationCommandBatch.ExecuteAsync(IRelationalConnection connection, CancellationToken cancellationToken)
ClientConnectionId:4089b1c2-a0f5-477d-bdd6-70f48a90576b
Error Number:544,State:1,Class:16
   --- End of inner exception stack trace ---
   at Microsoft.EntityFrameworkCore.Update.ReaderModificationCommandBatch.ExecuteAsync(IRelationalConnection connection, CancellationToken cancellationToken)
   at Microsoft.EntityFrameworkCore.SqlServer.Update.Internal.SqlServerModificationCommandBatch.ExecuteAsync(IRelationalConnection connection, CancellationToken cancellationToken)
   at Microsoft.EntityFrameworkCore.Update.Internal.BatchExecutor.ExecuteAsync(IEnumerable`1 commandBatches, IRelationalConnection connection, CancellationToken cancellationToken)
   at Microsoft.EntityFrameworkCore.Update.Internal.BatchExecutor.ExecuteAsync(IEnumerable`1 commandBatches, IRelationalConnection connection, CancellationToken cancellationToken)
   at Microsoft.EntityFrameworkCore.Update.Internal.BatchExecutor.ExecuteAsync(IEnumerable`1 commandBatches, IRelationalConnection connection, CancellationToken cancellationToken)
   at Microsoft.EntityFrameworkCore.ChangeTracking.Internal.StateManager.SaveChangesAsync(IList`1 entriesToSave, CancellationToken cancellationToken)
   at Microsoft.EntityFrameworkCore.ChangeTracking.Internal.StateManager.SaveChangesAsync(StateManager stateManager, Boolean acceptAllChangesOnSuccess, CancellationToken cancellationToken)
   at Microsoft.EntityFrameworkCore.SqlServer.Storage.Internal.SqlServerExecutionStrategy.ExecuteAsync[TState,TResult](TState state, Func`4 operation, Func`4 verifySucceeded, CancellationToken cancellationToken)
   at Microsoft.EntityFrameworkCore.DbContext.SaveChangesAsync(Boolean acceptAllChangesOnSuccess, CancellationToken cancellationToken)
2026-03-30 10:49:17.140 -03:00 [ERR] Failed executing DbCommand (19ms) [Parameters=[@p0='?' (DbType = Int32), @p1='?' (DbType = DateTime2), @p2='?' (DbType = DateTime2), @p3='?' (Size = 4000), @p4='?' (DbType = Boolean), @p5='?' (Size = 4000), @p6='?' (Size = 4000), @p7='?' (DbType = Int32), @p8='?' (DbType = DateTime2), @p9='?' (DbType = DateTime2), @p10='?' (Size = 4000), @p11='?' (DbType = Boolean), @p12='?' (Size = 4000), @p13='?' (Size = 4000), @p14='?' (DbType = Guid), @p15='?' (Size = 4000), @p16='?' (DbType = DateTime2), @p17='?' (DbType = DateTime2), @p18='?' (Size = 4000), @p19='?' (DbType = Boolean), @p20='?' (Size = 4000), @p21='?' (Size = 4000), @p22='?' (DbType = Int32), @p23='?' (DbType = DateTime2), @p24='?' (DbType = DateTime2), @p25='?' (Size = 4000), @p26='?' (DbType = Boolean), @p27='?' (Size = 4000), @p28='?' (DbType = Int32), @p29='?' (DbType = DateTime2), @p30='?' (DbType = DateTime2), @p31='?' (Size = 4000), @p32='?' (DbType = Boolean), @p33='?' (Size = 4000), @p34='?' (DbType = Int32), @p35='?' (DbType = DateTime2), @p36='?' (DbType = DateTime2), @p37='?' (Size = 4000), @p38='?' (DbType = Boolean), @p39='?' (Size = 4000), @p40='?' (DbType = Int32), @p41='?' (Size = 450), @p42='?' (DbType = DateTime2), @p43='?' (DbType = DateTime2), @p44='?' (DbType = Boolean), @p45='?' (Size = 4000), @p46='?' (DbType = Int32), @p47='?' (Size = 450), @p48='?' (DbType = DateTime2), @p49='?' (DbType = DateTime2), @p50='?' (DbType = Boolean), @p51='?' (Size = 4000), @p52='?' (DbType = Int32), @p53='?' (Size = 450), @p54='?' (DbType = DateTime2), @p55='?' (DbType = DateTime2), @p56='?' (DbType = Boolean), @p57='?' (Size = 4000), @p58='?' (DbType = Int32), @p59='?' (DbType = DateTime2), @p60='?' (DbType = DateTime2), @p61='?' (DbType = Boolean), @p62='?' (Size = 4000), @p63='?' (DbType = Int32), @p64='?' (DbType = DateTime2), @p65='?' (DbType = DateTime2), @p66='?' (DbType = Boolean), @p67='?' (Size = 4000), @p68='?' (DbType = Int32), @p69='?' (DbType = DateTime2), @p70='?' (DbType = DateTime2), @p71='?' (DbType = Boolean), @p72='?' (Size = 4000), @p73='?' (DbType = Int32), @p74='?' (DbType = DateTime2), @p75='?' (DbType = DateTime2), @p76='?' (DbType = Boolean), @p77='?' (Size = 4000), @p78='?' (DbType = Int32), @p79='?' (DbType = DateTime2), @p80='?' (DbType = DateTime2), @p81='?' (DbType = Boolean), @p82='?' (Precision = 10) (Scale = 6) (DbType = Decimal), @p83='?' (Precision = 10) (Scale = 6) (DbType = Decimal), @p84='?' (Size = 4000), @p85='?' (DbType = Int32), @p86='?' (DbType = Int32), @p87='?' (DbType = DateTime2), @p88='?' (DbType = DateTime2), @p89='?' (DbType = Boolean), @p90='?' (Precision = 10) (Scale = 6) (DbType = Decimal), @p91='?' (Precision = 10) (Scale = 6) (DbType = Decimal), @p92='?' (Size = 4000), @p93='?' (DbType = Int32), @p94='?' (DbType = Int32), @p95='?' (DbType = DateTime2), @p96='?' (DbType = DateTime2), @p97='?' (DbType = Boolean), @p98='?' (Precision = 10) (Scale = 6) (DbType = Decimal), @p99='?' (Precision = 10) (Scale = 6) (DbType = Decimal), @p100='?' (Size = 4000), @p101='?' (DbType = Int32), @p102='?' (DbType = Int32), @p103='?' (DbType = DateTime2), @p104='?' (DbType = DateTime2), @p105='?' (DbType = Boolean), @p106='?' (Precision = 10) (Scale = 6) (DbType = Decimal), @p107='?' (Precision = 10) (Scale = 6) (DbType = Decimal), @p108='?' (Size = 4000), @p109='?' (DbType = Int32), @p110='?' (DbType = Int32), @p111='?' (DbType = DateTime2), @p112='?' (DbType = DateTime2), @p113='?' (DbType = Boolean), @p114='?' (Precision = 10) (Scale = 6) (DbType = Decimal), @p115='?' (Precision = 10) (Scale = 6) (DbType = Decimal), @p116='?' (Size = 4000), @p117='?' (DbType = Int32), @p118='?' (DbType = Guid), @p119='?' (Size = 4000), @p120='?' (DbType = DateTime2), @p121='?' (DbType = DateTime2), @p122='?' (Size = 4000), @p123='?' (DbType = Boolean), @p124='?' (DbType = Int32), @p125='?' (DbType = DateTime2), @p126='?' (Size = 4000), @p127='?' (Size = 4000), @p128='?' (Size = 4000), @p129='?' (Precision = 10) (Scale = 2) (DbType = Decimal), @p130='?' (DbType = Guid), @p131='?' (Size = 4000), @p132='?' (DbType = DateTime2), @p133='?' (DbType = DateTime2), @p134='?' (Size = 4000), @p135='?' (DbType = Boolean), @p136='?' (DbType = Int32), @p137='?' (DbType = DateTime2), @p138='?' (Size = 4000), @p139='?' (Size = 4000), @p140='?' (Size = 4000), @p141='?' (Precision = 10) (Scale = 2) (DbType = Decimal), @p142='?' (DbType = Int32), @p143='?' (DbType = Int32), @p144='?' (DbType = Int32), @p145='?' (DbType = Int32), @p146='?' (DbType = Int32), @p147='?' (DbType = Int32), @p148='?' (DbType = Int32), @p149='?' (DbType = Int32), @p150='?' (DbType = Int32), @p151='?' (DbType = Int32), @p152='?' (DbType = Guid), @p153='?' (DbType = Boolean), @p154='?' (DbType = DateTime2), @p155='?' (DbType = DateTime2), @p156='?' (Size = 450), @p157='?' (DbType = Boolean), @p158='?' (Size = 4000), @p159='?' (DbType = Int32), @p160='?' (Size = 4000), @p161='?' (Size = 4000), @p162='?' (DbType = Guid), @p163='?' (DbType = Boolean), @p164='?' (DbType = DateTime2), @p165='?' (DbType = DateTime2), @p166='?' (Size = 450), @p167='?' (DbType = Boolean), @p168='?' (Size = 4000), @p169='?' (DbType = Int32), @p170='?' (Size = 4000), @p171='?' (Size = 4000), @p172='?' (DbType = Guid), @p173='?' (Size = 4000), @p174='?' (DbType = Boolean), @p175='?' (DbType = Int32), @p176='?' (Size = 4000), @p177='?' (DbType = DateTime2), @p178='?' (DbType = DateTime2), @p179='?' (Size = 4000), @p180='?' (DbType = Boolean), @p181='?' (Size = 4000), @p182='?' (Size = 4000), @p183='?' (DbType = Guid), @p184='?' (Size = 4000), @p185='?' (DbType = Boolean), @p186='?' (DbType = Int32), @p187='?' (Size = 4000), @p188='?' (DbType = DateTime2), @p189='?' (DbType = DateTime2), @p190='?' (Size = 4000), @p191='?' (DbType = Boolean), @p192='?' (Size = 4000), @p193='?' (Size = 4000), @p194='?' (DbType = Guid), @p195='?' (Size = 4000), @p196='?' (DbType = DateTime2), @p197='?' (DbType = DateTime2), @p198='?' (Size = 4000), @p199='?' (Size = 4000), @p200='?' (Size = 4000), @p201='?' (DbType = Boolean), @p202='?' (DbType = Guid), @p203='?' (DbType = Guid), @p204='?' (DbType = Int32), @p205='?' (Size = 4000), @p206='?' (Size = 4000), @p207='?' (Size = 4000), @p208='?' (DbType = DateTime2), @p209='?' (DbType = DateTime2), @p210='?' (DbType = DateTime2), @p211='?' (Size = 4000), @p212='?' (Size = 4000), @p213='?' (DbType = Boolean), @p214='?' (Size = 4000), @p215='?' (Precision = 10) (Scale = 6) (DbType = Decimal), @p216='?' (Precision = 10) (Scale = 6) (DbType = Decimal), @p217='?' (Size = 4000), @p218='?' (Size = 4000), @p219='?' (Size = 4000), @p220='?' (DbType = Int32), @p221='?' (Size = 4000), @p222='?' (Size = 4000), @p223='?' (Size = 4000), @p224='?' (Size = 4000), @p225='?' (Size = 4000), @p226='?' (DbType = Guid), @p227='?' (DbType = Guid), @p228='?' (DbType = Int32), @p229='?' (Size = 4000), @p230='?' (Size = 4000), @p231='?' (Size = 4000), @p232='?' (DbType = DateTime2), @p233='?' (DbType = DateTime2), @p234='?' (DbType = DateTime2), @p235='?' (Size = 4000), @p236='?' (Size = 4000), @p237='?' (DbType = Boolean), @p238='?' (Size = 4000), @p239='?' (Precision = 10) (Scale = 6) (DbType = Decimal), @p240='?' (Precision = 10) (Scale = 6) (DbType = Decimal), @p241='?' (Size = 4000), @p242='?' (Size = 4000), @p243='?' (Size = 4000), @p244='?' (DbType = Int32), @p245='?' (Size = 4000), @p246='?' (Size = 4000), @p247='?' (Size = 4000), @p248='?' (Size = 4000), @p249='?' (Size = 4000), @p250='?' (DbType = Guid), @p251='?' (DbType = Guid), @p252='?' (DbType = Int32), @p253='?' (Size = 4000), @p254='?' (Size = 4000), @p255='?' (Size = 4000), @p256='?' (DbType = DateTime2), @p257='?' (DbType = DateTime2), @p258='?' (DbType = DateTime2), @p259='?' (Size = 4000), @p260='?' (Size = 4000), @p261='?' (DbType = Boolean), @p262='?' (Size = 4000), @p263='?' (Precision = 10) (Scale = 6) (DbType = Decimal), @p264='?' (Precision = 10) (Scale = 6) (DbType = Decimal), @p265='?' (Size = 4000), @p266='?' (Size = 4000), @p267='?' (Size = 4000), @p268='?' (DbType = Int32), @p269='?' (Size = 4000), @p270='?' (Size = 4000), @p271='?' (Size = 4000), @p272='?' (Size = 4000), @p273='?' (Size = 4000), @p274='?' (DbType = Guid), @p275='?' (DbType = Guid), @p276='?' (DbType = Int32), @p277='?' (Size = 4000), @p278='?' (Size = 4000), @p279='?' (Size = 4000), @p280='?' (DbType = DateTime2), @p281='?' (DbType = DateTime2), @p282='?' (DbType = DateTime2), @p283='?' (Size = 4000), @p284='?' (Size = 4000), @p285='?' (DbType = Boolean), @p286='?' (Size = 4000), @p287='?' (Precision = 10) (Scale = 6) (DbType = Decimal), @p288='?' (Precision = 10) (Scale = 6) (DbType = Decimal), @p289='?' (Size = 4000), @p290='?' (Size = 4000), @p291='?' (Size = 4000), @p292='?' (DbType = Int32), @p293='?' (Size = 4000), @p294='?' (Size = 4000), @p295='?' (Size = 4000), @p296='?' (Size = 4000), @p297='?' (Size = 4000), @p298='?' (DbType = Guid), @p299='?' (DbType = Guid), @p300='?' (DbType = Int32), @p301='?' (Size = 4000), @p302='?' (Size = 4000), @p303='?' (Size = 4000), @p304='?' (DbType = DateTime2), @p305='?' (DbType = DateTime2), @p306='?' (DbType = DateTime2), @p307='?' (Size = 4000), @p308='?' (Size = 4000), @p309='?' (DbType = Boolean), @p310='?' (Size = 4000), @p311='?' (Precision = 10) (Scale = 6) (DbType = Decimal), @p312='?' (Precision = 10) (Scale = 6) (DbType = Decimal), @p313='?' (Size = 4000), @p314='?' (Size = 4000), @p315='?' (Size = 4000), @p316='?' (DbType = Int32), @p317='?' (Size = 4000), @p318='?' (Size = 4000), @p319='?' (Size = 4000), @p320='?' (Size = 4000), @p321='?' (Size = 4000), @p322='?' (DbType = Guid), @p323='?' (DbType = Guid), @p324='?' (DbType = Int32), @p325='?' (Size = 4000), @p326='?' (Size = 4000), @p327='?' (Size = 4000), @p328='?' (DbType = DateTime2), @p329='?' (DbType = DateTime2), @p330='?' (DbType = DateTime2), @p331='?' (Size = 4000), @p332='?' (Size = 4000), @p333='?' (DbType = Boolean), @p334='?' (Size = 4000), @p335='?' (Precision = 10) (Scale = 6) (DbType = Decimal), @p336='?' (Precision = 10) (Scale = 6) (DbType = Decimal), @p337='?' (Size = 4000), @p338='?' (Size = 4000), @p339='?' (Size = 4000), @p340='?' (DbType = Int32), @p341='?' (Size = 4000), @p342='?' (Size = 4000), @p343='?' (Size = 4000), @p344='?' (Size = 4000), @p345='?' (Size = 4000), @p346='?' (DbType = Guid), @p347='?' (DbType = Guid), @p348='?' (DbType = Guid), @p349='?' (DbType = Guid), @p350='?' (DbType = Guid), @p351='?' (DbType = Guid), @p352='?' (DbType = Guid), @p353='?' (DbType = DateTime2), @p354='?' (DbType = DateTime2), @p355='?' (DbType = DateTime2), @p356='?' (DbType = Boolean), @p357='?' (Size = 4000), @p358='?' (DbType = Guid), @p359='?' (Size = 4000), @p360='?' (Size = 4000), @p361='?' (DbType = Guid), @p362='?' (DbType = Guid), @p363='?' (DbType = DateTime2), @p364='?' (DbType = DateTime2), @p365='?' (DbType = DateTime2), @p366='?' (DbType = Boolean), @p367='?' (Size = 4000), @p368='?' (DbType = Guid), @p369='?' (Size = 4000), @p370='?' (Size = 4000), @p371='?' (DbType = Guid), @p372='?' (DbType = Guid), @p373='?' (DbType = DateTime2), @p374='?' (DbType = DateTime2), @p375='?' (DbType = DateTime2), @p376='?' (DbType = Boolean), @p377='?' (Size = 4000), @p378='?' (DbType = Guid), @p379='?' (Size = 4000), @p380='?' (Size = 4000), @p381='?' (DbType = Guid), @p382='?' (DbType = Guid), @p383='?' (DbType = DateTime2), @p384='?' (DbType = DateTime2), @p385='?' (DbType = DateTime2), @p386='?' (DbType = Boolean), @p387='?' (Size = 4000), @p388='?' (DbType = Guid), @p389='?' (Size = 4000), @p390='?' (Size = 4000)], CommandType='"Text"', CommandTimeout='30']
SET NOCOUNT ON;
INSERT INTO [FontesDado] ([Id], [DataAtualizacao], [DataCriacao], [Descricao], [Excluido], [Nome], [Tipo])
VALUES (@p0, @p1, @p2, @p3, @p4, @p5, @p6),
(@p7, @p8, @p9, @p10, @p11, @p12, @p13);
INSERT INTO [LogsSistema] ([Id], [Contexto], [DataAtualizacao], [DataCriacao], [Evento], [Excluido], [Mensagem], [Nivel])
VALUES (@p14, @p15, @p16, @p17, @p18, @p19, @p20, @p21);
INSERT INTO [Perfis] ([Id], [DataAtualizacao], [DataCriacao], [Descricao], [Excluido], [Nome])
VALUES (@p22, @p23, @p24, @p25, @p26, @p27),
(@p28, @p29, @p30, @p31, @p32, @p33),
(@p34, @p35, @p36, @p37, @p38, @p39);
INSERT INTO [Permissoes] ([Id], [Codigo], [DataAtualizacao], [DataCriacao], [Excluido], [Nome])
VALUES (@p40, @p41, @p42, @p43, @p44, @p45),
(@p46, @p47, @p48, @p49, @p50, @p51),
(@p52, @p53, @p54, @p55, @p56, @p57);
INSERT INTO [Regioes] ([Id], [DataAtualizacao], [DataCriacao], [Excluido], [Nome])
VALUES (@p58, @p59, @p60, @p61, @p62),
(@p63, @p64, @p65, @p66, @p67),
(@p68, @p69, @p70, @p71, @p72),
(@p73, @p74, @p75, @p76, @p77);
INSERT INTO [Bairros] ([Id], [DataAtualizacao], [DataCriacao], [Excluido], [Latitude], [Longitude], [Nome], [RegiaoId])
VALUES (@p78, @p79, @p80, @p81, @p82, @p83, @p84, @p85),
(@p86, @p87, @p88, @p89, @p90, @p91, @p92, @p93),
(@p94, @p95, @p96, @p97, @p98, @p99, @p100, @p101),
(@p102, @p103, @p104, @p105, @p106, @p107, @p108, @p109),
(@p110, @p111, @p112, @p113, @p114, @p115, @p116, @p117);
INSERT INTO [IndicadoresClimaticos] ([Id], [Categoria], [DataAtualizacao], [DataCriacao], [Descricao], [Excluido], [FonteDadoId], [ReferenciaEm], [Status], [Titulo], [Unidade], [Valor])
VALUES (@p118, @p119, @p120, @p121, @p122, @p123, @p124, @p125, @p126, @p127, @p128, @p129),
(@p130, @p131, @p132, @p133, @p134, @p135, @p136, @p137, @p138, @p139, @p140, @p141);
INSERT INTO [PerfilPermissoes] ([PerfilId], [PermissaoId])
VALUES (@p142, @p143),
(@p144, @p145),
(@p146, @p147),
(@p148, @p149),
(@p150, @p151);
INSERT INTO [Usuarios] ([Id], [Ativo], [DataAtualizacao], [DataCriacao], [Email], [Excluido], [Nome], [PerfilId], [SenhaHash], [Telefone])
VALUES (@p152, @p153, @p154, @p155, @p156, @p157, @p158, @p159, @p160, @p161),
(@p162, @p163, @p164, @p165, @p166, @p167, @p168, @p169, @p170, @p171);
INSERT INTO [Alertas] ([Id], [AreaAfetada], [Ativo], [BairroId], [Criticidade], [DataAtualizacao], [DataCriacao], [Descricao], [Excluido], [OrientacaoResumida], [Titulo])
VALUES (@p172, @p173, @p174, @p175, @p176, @p177, @p178, @p179, @p180, @p181, @p182),
(@p183, @p184, @p185, @p186, @p187, @p188, @p189, @p190, @p191, @p192, @p193);
INSERT INTO [Auditorias] ([Id], [Acao], [DataAtualizacao], [DataCriacao], [Detalhes], [Entidade], [EntidadeId], [Excluido], [UsuarioId])
VALUES (@p194, @p195, @p196, @p197, @p198, @p199, @p200, @p201, @p202);
INSERT INTO [Reportes] ([Id], [BairroId], [BairroNome], [CaminhoImagem], [ContatoUsuario], [DataAtualizacao], [DataCriacao], [DataOcorrencia], [Descricao], [EnderecoReferencia], [Excluido], [Fonte], [Latitude], [Longitude], [NivelAgua], [NomeUsuario], [Observacoes], [RegiaoId], [RegiaoNome], [Severidade], [Status], [TipoOcorrencia], [Titulo], [UsuarioId])
VALUES (@p203, @p204, @p205, @p206, @p207, @p208, @p209, @p210, @p211, @p212, @p213, @p214, @p215, @p216, @p217, @p218, @p219, @p220, @p221, @p222, @p223, @p224, @p225, @p226),
(@p227, @p228, @p229, @p230, @p231, @p232, @p233, @p234, @p235, @p236, @p237, @p238, @p239, @p240, @p241, @p242, @p243, @p244, @p245, @p246, @p247, @p248, @p249, @p250),
(@p251, @p252, @p253, @p254, @p255, @p256, @p257, @p258, @p259, @p260, @p261, @p262, @p263, @p264, @p265, @p266, @p267, @p268, @p269, @p270, @p271, @p272, @p273, @p274),
(@p275, @p276, @p277, @p278, @p279, @p280, @p281, @p282, @p283, @p284, @p285, @p286, @p287, @p288, @p289, @p290, @p291, @p292, @p293, @p294, @p295, @p296, @p297, @p298),
(@p299, @p300, @p301, @p302, @p303, @p304, @p305, @p306, @p307, @p308, @p309, @p310, @p311, @p312, @p313, @p314, @p315, @p316, @p317, @p318, @p319, @p320, @p321, @p322),
(@p323, @p324, @p325, @p326, @p327, @p328, @p329, @p330, @p331, @p332, @p333, @p334, @p335, @p336, @p337, @p338, @p339, @p340, @p341, @p342, @p343, @p344, @p345, @p346);
INSERT INTO [AlertasReportes] ([AlertaId], [ReporteId])
VALUES (@p347, @p348),
(@p349, @p350);
INSERT INTO [HistoricosReporte] ([Id], [AlteradoPorUsuarioId], [DataAlteracao], [DataAtualizacao], [DataCriacao], [Excluido], [Observacao], [ReporteId], [StatusAnterior], [StatusNovo])
VALUES (@p351, @p352, @p353, @p354, @p355, @p356, @p357, @p358, @p359, @p360),
(@p361, @p362, @p363, @p364, @p365, @p366, @p367, @p368, @p369, @p370),
(@p371, @p372, @p373, @p374, @p375, @p376, @p377, @p378, @p379, @p380),
(@p381, @p382, @p383, @p384, @p385, @p386, @p387, @p388, @p389, @p390);
2026-03-30 10:49:17.180 -03:00 [ERR] An exception occurred in the database while saving changes for context type 'HidroRec.Backend.Infrastructure.Data.HidroRecDbContext'.
Microsoft.EntityFrameworkCore.DbUpdateException: An error occurred while saving the entity changes. See the inner exception for details.
 ---> Microsoft.Data.SqlClient.SqlException (0x80131904): Cannot insert explicit value for identity column in table 'FontesDado' when IDENTITY_INSERT is set to OFF.
Cannot insert explicit value for identity column in table 'Perfis' when IDENTITY_INSERT is set to OFF.
Cannot insert explicit value for identity column in table 'Permissoes' when IDENTITY_INSERT is set to OFF.
Cannot insert explicit value for identity column in table 'Regioes' when IDENTITY_INSERT is set to OFF.
Cannot insert explicit value for identity column in table 'Bairros' when IDENTITY_INSERT is set to OFF.
The INSERT statement conflicted with the FOREIGN KEY constraint "FK_IndicadoresClimaticos_FontesDado_FonteDadoId". The conflict occurred in database "HidroRecDbDev", table "dbo.FontesDado", column 'Id'.
The INSERT statement conflicted with the FOREIGN KEY constraint "FK_PerfilPermissoes_Perfis_PerfilId". The conflict occurred in database "HidroRecDbDev", table "dbo.Perfis", column 'Id'.
The INSERT statement conflicted with the FOREIGN KEY constraint "FK_Usuarios_Perfis_PerfilId". The conflict occurred in database "HidroRecDbDev", table "dbo.Perfis", column 'Id'.
The INSERT statement conflicted with the FOREIGN KEY constraint "FK_Alertas_Bairros_BairroId". The conflict occurred in database "HidroRecDbDev", table "dbo.Bairros", column 'Id'.
The INSERT statement conflicted with the FOREIGN KEY constraint "FK_Auditorias_Usuarios_UsuarioId". The conflict occurred in database "HidroRecDbDev", table "dbo.Usuarios", column 'Id'.
The INSERT statement conflicted with the FOREIGN KEY constraint "FK_Reportes_Bairros_BairroId". The conflict occurred in database "HidroRecDbDev", table "dbo.Bairros", column 'Id'.
The INSERT statement conflicted with the FOREIGN KEY constraint "FK_AlertasReportes_Alertas_AlertaId". The conflict occurred in database "HidroRecDbDev", table "dbo.Alertas", column 'Id'.
The INSERT statement conflicted with the FOREIGN KEY constraint "FK_HistoricosReporte_Reportes_ReporteId". The conflict occurred in database "HidroRecDbDev", table "dbo.Reportes", column 'Id'.
The statement has been terminated.
The statement has been terminated.
The statement has been terminated.
The statement has been terminated.
The statement has been terminated.
The statement has been terminated.
The statement has been terminated.
The statement has been terminated.
   at Microsoft.Data.SqlClient.SqlCommand.<>c.<ExecuteDbDataReaderAsync>b__211_0(Task`1 result)
   at System.Threading.Tasks.ContinuationResultTaskFromResultTask`2.InnerInvoke()
   at System.Threading.ExecutionContext.RunInternal(ExecutionContext executionContext, ContextCallback callback, Object state)
--- End of stack trace from previous location ---
   at System.Threading.ExecutionContext.RunInternal(ExecutionContext executionContext, ContextCallback callback, Object state)
   at System.Threading.Tasks.Task.ExecuteWithThreadLocal(Task& currentTaskSlot, Thread threadPoolThread)
--- End of stack trace from previous location ---
   at Microsoft.EntityFrameworkCore.Storage.RelationalCommand.ExecuteReaderAsync(RelationalCommandParameterObject parameterObject, CancellationToken cancellationToken)
   at Microsoft.EntityFrameworkCore.Storage.RelationalCommand.ExecuteReaderAsync(RelationalCommandParameterObject parameterObject, CancellationToken cancellationToken)
   at Microsoft.EntityFrameworkCore.Update.ReaderModificationCommandBatch.ExecuteAsync(IRelationalConnection connection, CancellationToken cancellationToken)
ClientConnectionId:1edf4b26-59b9-4566-b012-95e574077f98
Error Number:544,State:1,Class:16
   --- End of inner exception stack trace ---
   at Microsoft.EntityFrameworkCore.Update.ReaderModificationCommandBatch.ExecuteAsync(IRelationalConnection connection, CancellationToken cancellationToken)
   at Microsoft.EntityFrameworkCore.SqlServer.Update.Internal.SqlServerModificationCommandBatch.ExecuteAsync(IRelationalConnection connection, CancellationToken cancellationToken)
   at Microsoft.EntityFrameworkCore.Update.Internal.BatchExecutor.ExecuteAsync(IEnumerable`1 commandBatches, IRelationalConnection connection, CancellationToken cancellationToken)
   at Microsoft.EntityFrameworkCore.Update.Internal.BatchExecutor.ExecuteAsync(IEnumerable`1 commandBatches, IRelationalConnection connection, CancellationToken cancellationToken)
   at Microsoft.EntityFrameworkCore.Update.Internal.BatchExecutor.ExecuteAsync(IEnumerable`1 commandBatches, IRelationalConnection connection, CancellationToken cancellationToken)
   at Microsoft.EntityFrameworkCore.ChangeTracking.Internal.StateManager.SaveChangesAsync(IList`1 entriesToSave, CancellationToken cancellationToken)
   at Microsoft.EntityFrameworkCore.ChangeTracking.Internal.StateManager.SaveChangesAsync(StateManager stateManager, Boolean acceptAllChangesOnSuccess, CancellationToken cancellationToken)
   at Microsoft.EntityFrameworkCore.SqlServer.Storage.Internal.SqlServerExecutionStrategy.ExecuteAsync[TState,TResult](TState state, Func`4 operation, Func`4 verifySucceeded, CancellationToken cancellationToken)
   at Microsoft.EntityFrameworkCore.DbContext.SaveChangesAsync(Boolean acceptAllChangesOnSuccess, CancellationToken cancellationToken)
Microsoft.EntityFrameworkCore.DbUpdateException: An error occurred while saving the entity changes. See the inner exception for details.
 ---> Microsoft.Data.SqlClient.SqlException (0x80131904): Cannot insert explicit value for identity column in table 'FontesDado' when IDENTITY_INSERT is set to OFF.
Cannot insert explicit value for identity column in table 'Perfis' when IDENTITY_INSERT is set to OFF.
Cannot insert explicit value for identity column in table 'Permissoes' when IDENTITY_INSERT is set to OFF.
Cannot insert explicit value for identity column in table 'Regioes' when IDENTITY_INSERT is set to OFF.
Cannot insert explicit value for identity column in table 'Bairros' when IDENTITY_INSERT is set to OFF.
The INSERT statement conflicted with the FOREIGN KEY constraint "FK_IndicadoresClimaticos_FontesDado_FonteDadoId". The conflict occurred in database "HidroRecDbDev", table "dbo.FontesDado", column 'Id'.
The INSERT statement conflicted with the FOREIGN KEY constraint "FK_PerfilPermissoes_Perfis_PerfilId". The conflict occurred in database "HidroRecDbDev", table "dbo.Perfis", column 'Id'.
The INSERT statement conflicted with the FOREIGN KEY constraint "FK_Usuarios_Perfis_PerfilId". The conflict occurred in database "HidroRecDbDev", table "dbo.Perfis", column 'Id'.
The INSERT statement conflicted with the FOREIGN KEY constraint "FK_Alertas_Bairros_BairroId". The conflict occurred in database "HidroRecDbDev", table "dbo.Bairros", column 'Id'.
The INSERT statement conflicted with the FOREIGN KEY constraint "FK_Auditorias_Usuarios_UsuarioId". The conflict occurred in database "HidroRecDbDev", table "dbo.Usuarios", column 'Id'.
The INSERT statement conflicted with the FOREIGN KEY constraint "FK_Reportes_Bairros_BairroId". The conflict occurred in database "HidroRecDbDev", table "dbo.Bairros", column 'Id'.
The INSERT statement conflicted with the FOREIGN KEY constraint "FK_AlertasReportes_Alertas_AlertaId". The conflict occurred in database "HidroRecDbDev", table "dbo.Alertas", column 'Id'.
The INSERT statement conflicted with the FOREIGN KEY constraint "FK_HistoricosReporte_Reportes_ReporteId". The conflict occurred in database "HidroRecDbDev", table "dbo.Reportes", column 'Id'.
The statement has been terminated.
The statement has been terminated.
The statement has been terminated.
The statement has been terminated.
The statement has been terminated.
The statement has been terminated.
The statement has been terminated.
The statement has been terminated.
   at Microsoft.Data.SqlClient.SqlCommand.<>c.<ExecuteDbDataReaderAsync>b__211_0(Task`1 result)
   at System.Threading.Tasks.ContinuationResultTaskFromResultTask`2.InnerInvoke()
   at System.Threading.ExecutionContext.RunInternal(ExecutionContext executionContext, ContextCallback callback, Object state)
--- End of stack trace from previous location ---
   at System.Threading.ExecutionContext.RunInternal(ExecutionContext executionContext, ContextCallback callback, Object state)
   at System.Threading.Tasks.Task.ExecuteWithThreadLocal(Task& currentTaskSlot, Thread threadPoolThread)
--- End of stack trace from previous location ---
   at Microsoft.EntityFrameworkCore.Storage.RelationalCommand.ExecuteReaderAsync(RelationalCommandParameterObject parameterObject, CancellationToken cancellationToken)
   at Microsoft.EntityFrameworkCore.Storage.RelationalCommand.ExecuteReaderAsync(RelationalCommandParameterObject parameterObject, CancellationToken cancellationToken)
   at Microsoft.EntityFrameworkCore.Update.ReaderModificationCommandBatch.ExecuteAsync(IRelationalConnection connection, CancellationToken cancellationToken)
ClientConnectionId:1edf4b26-59b9-4566-b012-95e574077f98
Error Number:544,State:1,Class:16
   --- End of inner exception stack trace ---
   at Microsoft.EntityFrameworkCore.Update.ReaderModificationCommandBatch.ExecuteAsync(IRelationalConnection connection, CancellationToken cancellationToken)
   at Microsoft.EntityFrameworkCore.SqlServer.Update.Internal.SqlServerModificationCommandBatch.ExecuteAsync(IRelationalConnection connection, CancellationToken cancellationToken)
   at Microsoft.EntityFrameworkCore.Update.Internal.BatchExecutor.ExecuteAsync(IEnumerable`1 commandBatches, IRelationalConnection connection, CancellationToken cancellationToken)
   at Microsoft.EntityFrameworkCore.Update.Internal.BatchExecutor.ExecuteAsync(IEnumerable`1 commandBatches, IRelationalConnection connection, CancellationToken cancellationToken)
   at Microsoft.EntityFrameworkCore.Update.Internal.BatchExecutor.ExecuteAsync(IEnumerable`1 commandBatches, IRelationalConnection connection, CancellationToken cancellationToken)
   at Microsoft.EntityFrameworkCore.ChangeTracking.Internal.StateManager.SaveChangesAsync(IList`1 entriesToSave, CancellationToken cancellationToken)
   at Microsoft.EntityFrameworkCore.ChangeTracking.Internal.StateManager.SaveChangesAsync(StateManager stateManager, Boolean acceptAllChangesOnSuccess, CancellationToken cancellationToken)
   at Microsoft.EntityFrameworkCore.SqlServer.Storage.Internal.SqlServerExecutionStrategy.ExecuteAsync[TState,TResult](TState state, Func`4 operation, Func`4 verifySucceeded, CancellationToken cancellationToken)
   at Microsoft.EntityFrameworkCore.DbContext.SaveChangesAsync(Boolean acceptAllChangesOnSuccess, CancellationToken cancellationToken)
2026-03-30 10:52:28.305 -03:00 [INF] User profile is available. Using 'C:\Users\ACPGROUP\AppData\Local\ASP.NET\DataProtection-Keys' as key repository and Windows DPAPI to encrypt keys at rest.
2026-03-30 10:52:28.439 -03:00 [INF] Now listening on: http://localhost:8080
2026-03-30 10:52:28.440 -03:00 [INF] Application started. Press Ctrl+C to shut down.
2026-03-30 10:52:28.441 -03:00 [INF] Hosting environment: Development
2026-03-30 10:52:28.441 -03:00 [INF] Content root path: C:\Users\ACPGROUP\Desktop\HTML PURO\hidrorec\backend
2026-03-30 10:52:29.487 -03:00 [INF] Request starting HTTP/1.1 GET http://localhost:8080/api/dashboard/resumo - null null
2026-03-30 10:52:29.517 -03:00 [WRN] Failed to determine the https port for redirect.
2026-03-30 10:52:29.542 -03:00 [INF] Executing endpoint 'HidroRec.Backend.Controllers.DashboardController.GetResumo (HidroRec.Backend)'
2026-03-30 10:52:29.557 -03:00 [INF] Route matched with {action = "GetResumo", controller = "Dashboard"}. Executing controller action with signature System.Threading.Tasks.Task`1[Microsoft.AspNetCore.Mvc.ActionResult`1[HidroRec.Backend.Application.DTOs.Common.ApiResponse`1[HidroRec.Backend.Application.DTOs.Dashboard.DashboardResumoDto]]] GetResumo(System.Threading.CancellationToken) on controller HidroRec.Backend.Controllers.DashboardController (HidroRec.Backend).
2026-03-30 10:52:29.739 -03:00 [INF] Executing OkObjectResult, writing value of type 'HidroRec.Backend.Application.DTOs.Common.ApiResponse`1[[HidroRec.Backend.Application.DTOs.Dashboard.DashboardResumoDto, HidroRec.Backend, Version=1.0.0.0, Culture=neutral, PublicKeyToken=null]]'.
2026-03-30 10:52:29.775 -03:00 [INF] Executed action HidroRec.Backend.Controllers.DashboardController.GetResumo (HidroRec.Backend) in 216.0239ms
2026-03-30 10:52:29.777 -03:00 [INF] Executed endpoint 'HidroRec.Backend.Controllers.DashboardController.GetResumo (HidroRec.Backend)'
2026-03-30 10:52:29.779 -03:00 [INF] HTTP GET /api/dashboard/resumo responded 200 in 274.3729 ms
2026-03-30 10:52:29.783 -03:00 [INF] Request finished HTTP/1.1 GET http://localhost:8080/api/dashboard/resumo - 200 null application/json; charset=utf-8 299.3002ms
2026-03-30 10:52:29.790 -03:00 [INF] Request starting HTTP/1.1 POST http://localhost:8080/api/reportes - application/json 480
2026-03-30 10:52:29.793 -03:00 [INF] Executing endpoint 'HidroRec.Backend.Controllers.ReportesController.Create (HidroRec.Backend)'
2026-03-30 10:52:29.797 -03:00 [INF] Route matched with {action = "Create", controller = "Reportes"}. Executing controller action with signature System.Threading.Tasks.Task`1[Microsoft.AspNetCore.Mvc.ActionResult`1[HidroRec.Backend.Application.DTOs.Common.ApiResponse`1[HidroRec.Backend.Application.DTOs.Reportes.ReporteDto]]] Create(HidroRec.Backend.Application.DTOs.Reportes.CreateReporteRequestDto, System.Threading.CancellationToken) on controller HidroRec.Backend.Controllers.ReportesController (HidroRec.Backend).
2026-03-30 10:52:29.906 -03:00 [INF] Executing BadRequestObjectResult, writing value of type 'Microsoft.AspNetCore.Mvc.ValidationProblemDetails'.
2026-03-30 10:52:29.919 -03:00 [INF] Executed action HidroRec.Backend.Controllers.ReportesController.Create (HidroRec.Backend) in 121.3625ms
2026-03-30 10:52:29.919 -03:00 [INF] Executed endpoint 'HidroRec.Backend.Controllers.ReportesController.Create (HidroRec.Backend)'
2026-03-30 10:52:29.919 -03:00 [INF] HTTP POST /api/reportes responded 400 in 128.3307 ms
2026-03-30 10:52:29.920 -03:00 [INF] Request finished HTTP/1.1 POST http://localhost:8080/api/reportes - 400 null application/problem+json; charset=utf-8 130.4097ms
2026-03-30 10:52:29.924 -03:00 [INF] Request starting HTTP/1.1 GET http://localhost:8080/api/reportes?page=1&pageSize=20&bairro=Centro - null null
2026-03-30 10:52:29.926 -03:00 [INF] Executing endpoint 'HidroRec.Backend.Controllers.ReportesController.GetAll (HidroRec.Backend)'
2026-03-30 10:52:29.929 -03:00 [INF] Route matched with {action = "GetAll", controller = "Reportes"}. Executing controller action with signature System.Threading.Tasks.Task`1[Microsoft.AspNetCore.Mvc.ActionResult`1[HidroRec.Backend.Application.DTOs.Common.ApiResponse`1[HidroRec.Backend.Application.DTOs.Common.PagedResultDto`1[HidroRec.Backend.Application.DTOs.Reportes.ReporteAdminItemDto]]]] GetAll(Int32, Int32, System.String, System.String, System.Threading.CancellationToken) on controller HidroRec.Backend.Controllers.ReportesController (HidroRec.Backend).
2026-03-30 10:52:30.062 -03:00 [WRN] Compiling a query which loads related collections for more than one collection navigation, either via 'Include' or through projection, but no 'QuerySplittingBehavior' has been configured. By default, Entity Framework will use 'QuerySplittingBehavior.SingleQuery', which can potentially result in slow query performance. See https://go.microsoft.com/fwlink/?linkid=2134277 for more information. To identify the query that's triggering this warning call 'ConfigureWarnings(w => w.Throw(RelationalEventId.MultipleCollectionIncludeWarning))'.
2026-03-30 10:52:30.127 -03:00 [INF] Executing OkObjectResult, writing value of type 'HidroRec.Backend.Application.DTOs.Common.ApiResponse`1[[HidroRec.Backend.Application.DTOs.Common.PagedResultDto`1[[HidroRec.Backend.Application.DTOs.Reportes.ReporteAdminItemDto, HidroRec.Backend, Version=1.0.0.0, Culture=neutral, PublicKeyToken=null]], HidroRec.Backend, Version=1.0.0.0, Culture=neutral, PublicKeyToken=null]]'.
2026-03-30 10:52:30.139 -03:00 [INF] Executed action HidroRec.Backend.Controllers.ReportesController.GetAll (HidroRec.Backend) in 209.8225ms
2026-03-30 10:52:30.139 -03:00 [INF] Executed endpoint 'HidroRec.Backend.Controllers.ReportesController.GetAll (HidroRec.Backend)'
2026-03-30 10:52:30.139 -03:00 [INF] HTTP GET /api/reportes responded 200 in 214.9334 ms
2026-03-30 10:52:30.139 -03:00 [INF] Request finished HTTP/1.1 GET http://localhost:8080/api/reportes?page=1&pageSize=20&bairro=Centro - 200 null application/json; charset=utf-8 215.3277ms
2026-03-30 10:52:30.141 -03:00 [INF] Request starting HTTP/1.1 GET http://localhost:8080/api/dashboard/pontos-atencao - null null
2026-03-30 10:52:30.142 -03:00 [INF] Executing endpoint 'HidroRec.Backend.Controllers.DashboardController.GetPontosAtencao (HidroRec.Backend)'
2026-03-30 10:52:30.145 -03:00 [INF] Route matched with {action = "GetPontosAtencao", controller = "Dashboard"}. Executing controller action with signature System.Threading.Tasks.Task`1[Microsoft.AspNetCore.Mvc.ActionResult`1[HidroRec.Backend.Application.DTOs.Common.ApiResponse`1[System.Collections.Generic.IReadOnlyCollection`1[HidroRec.Backend.Application.DTOs.Dashboard.PontoAtencaoDto]]]] GetPontosAtencao(System.Threading.CancellationToken) on controller HidroRec.Backend.Controllers.DashboardController (HidroRec.Backend).
2026-03-30 10:52:30.163 -03:00 [INF] Executing OkObjectResult, writing value of type 'HidroRec.Backend.Application.DTOs.Common.ApiResponse`1[[System.Collections.Generic.IReadOnlyCollection`1[[HidroRec.Backend.Application.DTOs.Dashboard.PontoAtencaoDto, HidroRec.Backend, Version=1.0.0.0, Culture=neutral, PublicKeyToken=null]], System.Private.CoreLib, Version=8.0.0.0, Culture=neutral, PublicKeyToken=7cec85d7bea7798e]]'.
2026-03-30 10:52:30.164 -03:00 [INF] Executed action HidroRec.Backend.Controllers.DashboardController.GetPontosAtencao (HidroRec.Backend) in 18.3463ms
2026-03-30 10:52:30.164 -03:00 [INF] Executed endpoint 'HidroRec.Backend.Controllers.DashboardController.GetPontosAtencao (HidroRec.Backend)'
2026-03-30 10:52:30.164 -03:00 [INF] HTTP GET /api/dashboard/pontos-atencao responded 200 in 22.5848 ms
2026-03-30 10:52:30.164 -03:00 [INF] Request finished HTTP/1.1 GET http://localhost:8080/api/dashboard/pontos-atencao - 200 null application/json; charset=utf-8 23.6808ms
2026-03-30 10:52:30.166 -03:00 [INF] Request starting HTTP/1.1 GET http://localhost:8080/index.html - null null
2026-03-30 10:52:30.178 -03:00 [INF] Sending file. Request path: '/index.html'. Physical path: 'C:\Users\ACPGROUP\Desktop\HTML PURO\hidrorec\frontend\index.html'
2026-03-30 10:52:30.178 -03:00 [INF] HTTP GET /index.html responded 200 in 11.2025 ms
2026-03-30 10:52:30.178 -03:00 [INF] Request finished HTTP/1.1 GET http://localhost:8080/index.html - 200 4670 text/html 12.3265ms
2026-03-30 10:53:21.078 -03:00 [INF] User profile is available. Using 'C:\Users\ACPGROUP\AppData\Local\ASP.NET\DataProtection-Keys' as key repository and Windows DPAPI to encrypt keys at rest.
2026-03-30 10:53:21.130 -03:00 [INF] Now listening on: http://localhost:8080
2026-03-30 10:53:21.131 -03:00 [INF] Application started. Press Ctrl+C to shut down.
2026-03-30 10:53:21.131 -03:00 [INF] Hosting environment: Development
2026-03-30 10:53:21.131 -03:00 [INF] Content root path: C:\Users\ACPGROUP\Desktop\HTML PURO\hidrorec\backend
2026-03-30 10:53:21.477 -03:00 [INF] Request starting HTTP/1.1 GET http://localhost:8080/api/dashboard/resumo - null null
2026-03-30 10:53:21.501 -03:00 [WRN] Failed to determine the https port for redirect.
2026-03-30 10:53:21.513 -03:00 [INF] Executing endpoint 'HidroRec.Backend.Controllers.DashboardController.GetResumo (HidroRec.Backend)'
2026-03-30 10:53:21.527 -03:00 [INF] Route matched with {action = "GetResumo", controller = "Dashboard"}. Executing controller action with signature System.Threading.Tasks.Task`1[Microsoft.AspNetCore.Mvc.ActionResult`1[HidroRec.Backend.Application.DTOs.Common.ApiResponse`1[HidroRec.Backend.Application.DTOs.Dashboard.DashboardResumoDto]]] GetResumo(System.Threading.CancellationToken) on controller HidroRec.Backend.Controllers.DashboardController (HidroRec.Backend).
2026-03-30 10:53:21.634 -03:00 [INF] Executing OkObjectResult, writing value of type 'HidroRec.Backend.Application.DTOs.Common.ApiResponse`1[[HidroRec.Backend.Application.DTOs.Dashboard.DashboardResumoDto, HidroRec.Backend, Version=1.0.0.0, Culture=neutral, PublicKeyToken=null]]'.
2026-03-30 10:53:21.662 -03:00 [INF] Executed action HidroRec.Backend.Controllers.DashboardController.GetResumo (HidroRec.Backend) in 133.1249ms
2026-03-30 10:53:21.663 -03:00 [INF] Executed endpoint 'HidroRec.Backend.Controllers.DashboardController.GetResumo (HidroRec.Backend)'
2026-03-30 10:53:21.665 -03:00 [INF] HTTP GET /api/dashboard/resumo responded 200 in 173.5717 ms
2026-03-30 10:53:21.668 -03:00 [INF] Request finished HTTP/1.1 GET http://localhost:8080/api/dashboard/resumo - 200 null application/json; charset=utf-8 191.8501ms
2026-03-30 10:53:21.680 -03:00 [INF] Request starting HTTP/1.1 POST http://localhost:8080/api/reportes - application/json 480
2026-03-30 10:53:21.682 -03:00 [INF] Executing endpoint 'HidroRec.Backend.Controllers.ReportesController.Create (HidroRec.Backend)'
2026-03-30 10:53:21.686 -03:00 [INF] Route matched with {action = "Create", controller = "Reportes"}. Executing controller action with signature System.Threading.Tasks.Task`1[Microsoft.AspNetCore.Mvc.ActionResult`1[HidroRec.Backend.Application.DTOs.Common.ApiResponse`1[HidroRec.Backend.Application.DTOs.Reportes.ReporteDto]]] Create(HidroRec.Backend.Application.DTOs.Reportes.CreateReporteRequestDto, System.Threading.CancellationToken) on controller HidroRec.Backend.Controllers.ReportesController (HidroRec.Backend).
2026-03-30 10:53:22.164 -03:00 [INF] Reporte "44c08756-2179-49a1-b6f4-f9689fe9da66" criado com sucesso
2026-03-30 10:53:22.174 -03:00 [INF] Executing CreatedAtActionResult, writing value of type 'HidroRec.Backend.Application.DTOs.Common.ApiResponse`1[[HidroRec.Backend.Application.DTOs.Reportes.ReporteDto, HidroRec.Backend, Version=1.0.0.0, Culture=neutral, PublicKeyToken=null]]'.
2026-03-30 10:53:22.196 -03:00 [INF] Executed action HidroRec.Backend.Controllers.ReportesController.Create (HidroRec.Backend) in 509.6489ms
2026-03-30 10:53:22.196 -03:00 [INF] Executed endpoint 'HidroRec.Backend.Controllers.ReportesController.Create (HidroRec.Backend)'
2026-03-30 10:53:22.196 -03:00 [INF] HTTP POST /api/reportes responded 201 in 514.4571 ms
2026-03-30 10:53:22.196 -03:00 [INF] Request finished HTTP/1.1 POST http://localhost:8080/api/reportes - 201 null application/json; charset=utf-8 515.9021ms
2026-03-30 10:53:22.202 -03:00 [INF] Request starting HTTP/1.1 GET http://localhost:8080/api/reportes?page=1&pageSize=20&bairro=Centro - null null
2026-03-30 10:53:22.204 -03:00 [INF] Executing endpoint 'HidroRec.Backend.Controllers.ReportesController.GetAll (HidroRec.Backend)'
2026-03-30 10:53:22.207 -03:00 [INF] Route matched with {action = "GetAll", controller = "Reportes"}. Executing controller action with signature System.Threading.Tasks.Task`1[Microsoft.AspNetCore.Mvc.ActionResult`1[HidroRec.Backend.Application.DTOs.Common.ApiResponse`1[HidroRec.Backend.Application.DTOs.Common.PagedResultDto`1[HidroRec.Backend.Application.DTOs.Reportes.ReporteAdminItemDto]]]] GetAll(Int32, Int32, System.String, System.String, System.Threading.CancellationToken) on controller HidroRec.Backend.Controllers.ReportesController (HidroRec.Backend).
2026-03-30 10:53:22.273 -03:00 [WRN] Compiling a query which loads related collections for more than one collection navigation, either via 'Include' or through projection, but no 'QuerySplittingBehavior' has been configured. By default, Entity Framework will use 'QuerySplittingBehavior.SingleQuery', which can potentially result in slow query performance. See https://go.microsoft.com/fwlink/?linkid=2134277 for more information. To identify the query that's triggering this warning call 'ConfigureWarnings(w => w.Throw(RelationalEventId.MultipleCollectionIncludeWarning))'.
2026-03-30 10:53:22.308 -03:00 [INF] Executing OkObjectResult, writing value of type 'HidroRec.Backend.Application.DTOs.Common.ApiResponse`1[[HidroRec.Backend.Application.DTOs.Common.PagedResultDto`1[[HidroRec.Backend.Application.DTOs.Reportes.ReporteAdminItemDto, HidroRec.Backend, Version=1.0.0.0, Culture=neutral, PublicKeyToken=null]], HidroRec.Backend, Version=1.0.0.0, Culture=neutral, PublicKeyToken=null]]'.
2026-03-30 10:53:22.311 -03:00 [INF] Executed action HidroRec.Backend.Controllers.ReportesController.GetAll (HidroRec.Backend) in 103.5994ms
2026-03-30 10:53:22.311 -03:00 [INF] Executed endpoint 'HidroRec.Backend.Controllers.ReportesController.GetAll (HidroRec.Backend)'
2026-03-30 10:53:22.311 -03:00 [INF] HTTP GET /api/reportes responded 200 in 108.9889 ms
2026-03-30 10:53:22.311 -03:00 [INF] Request finished HTTP/1.1 GET http://localhost:8080/api/reportes?page=1&pageSize=20&bairro=Centro - 200 null application/json; charset=utf-8 109.3691ms
2026-03-30 10:53:22.313 -03:00 [INF] Request starting HTTP/1.1 GET http://localhost:8080/api/dashboard/pontos-atencao - null null
2026-03-30 10:53:22.314 -03:00 [INF] Executing endpoint 'HidroRec.Backend.Controllers.DashboardController.GetPontosAtencao (HidroRec.Backend)'
2026-03-30 10:53:22.316 -03:00 [INF] Route matched with {action = "GetPontosAtencao", controller = "Dashboard"}. Executing controller action with signature System.Threading.Tasks.Task`1[Microsoft.AspNetCore.Mvc.ActionResult`1[HidroRec.Backend.Application.DTOs.Common.ApiResponse`1[System.Collections.Generic.IReadOnlyCollection`1[HidroRec.Backend.Application.DTOs.Dashboard.PontoAtencaoDto]]]] GetPontosAtencao(System.Threading.CancellationToken) on controller HidroRec.Backend.Controllers.DashboardController (HidroRec.Backend).
2026-03-30 10:53:22.327 -03:00 [INF] Executing OkObjectResult, writing value of type 'HidroRec.Backend.Application.DTOs.Common.ApiResponse`1[[System.Collections.Generic.IReadOnlyCollection`1[[HidroRec.Backend.Application.DTOs.Dashboard.PontoAtencaoDto, HidroRec.Backend, Version=1.0.0.0, Culture=neutral, PublicKeyToken=null]], System.Private.CoreLib, Version=8.0.0.0, Culture=neutral, PublicKeyToken=7cec85d7bea7798e]]'.
2026-03-30 10:53:22.328 -03:00 [INF] Executed action HidroRec.Backend.Controllers.DashboardController.GetPontosAtencao (HidroRec.Backend) in 11.9278ms
2026-03-30 10:53:22.328 -03:00 [INF] Executed endpoint 'HidroRec.Backend.Controllers.DashboardController.GetPontosAtencao (HidroRec.Backend)'
2026-03-30 10:53:22.328 -03:00 [INF] HTTP GET /api/dashboard/pontos-atencao responded 200 in 14.4387 ms
2026-03-30 10:53:22.328 -03:00 [INF] Request finished HTTP/1.1 GET http://localhost:8080/api/dashboard/pontos-atencao - 200 null application/json; charset=utf-8 15.2725ms
2026-03-30 10:53:22.330 -03:00 [INF] Request starting HTTP/1.1 GET http://localhost:8080/index.html - null null
2026-03-30 10:53:22.338 -03:00 [INF] Sending file. Request path: '/index.html'. Physical path: 'C:\Users\ACPGROUP\Desktop\HTML PURO\hidrorec\frontend\index.html'
2026-03-30 10:53:22.339 -03:00 [INF] HTTP GET /index.html responded 200 in 8.0892 ms
2026-03-30 10:53:22.340 -03:00 [INF] Request starting HTTP/1.1 GET http://localhost:8080/api/reportes/44c08756-2179-49a1-b6f4-f9689fe9da66 - null null
2026-03-30 10:53:22.340 -03:00 [INF] Request finished HTTP/1.1 GET http://localhost:8080/index.html - 200 4670 text/html 9.2616ms
2026-03-30 10:53:22.340 -03:00 [INF] Executing endpoint 'HidroRec.Backend.Controllers.ReportesController.GetById (HidroRec.Backend)'
2026-03-30 10:53:22.344 -03:00 [INF] Route matched with {action = "GetById", controller = "Reportes"}. Executing controller action with signature System.Threading.Tasks.Task`1[Microsoft.AspNetCore.Mvc.ActionResult`1[HidroRec.Backend.Application.DTOs.Common.ApiResponse`1[HidroRec.Backend.Application.DTOs.Reportes.ReporteDto]]] GetById(System.Guid, System.Threading.CancellationToken) on controller HidroRec.Backend.Controllers.ReportesController (HidroRec.Backend).
2026-03-30 10:53:22.360 -03:00 [WRN] Compiling a query which loads related collections for more than one collection navigation, either via 'Include' or through projection, but no 'QuerySplittingBehavior' has been configured. By default, Entity Framework will use 'QuerySplittingBehavior.SingleQuery', which can potentially result in slow query performance. See https://go.microsoft.com/fwlink/?linkid=2134277 for more information. To identify the query that's triggering this warning call 'ConfigureWarnings(w => w.Throw(RelationalEventId.MultipleCollectionIncludeWarning))'.
2026-03-30 10:53:22.376 -03:00 [INF] Executing OkObjectResult, writing value of type 'HidroRec.Backend.Application.DTOs.Common.ApiResponse`1[[HidroRec.Backend.Application.DTOs.Reportes.ReporteDto, HidroRec.Backend, Version=1.0.0.0, Culture=neutral, PublicKeyToken=null]]'.
2026-03-30 10:53:22.377 -03:00 [INF] Executed action HidroRec.Backend.Controllers.ReportesController.GetById (HidroRec.Backend) in 32.1086ms
2026-03-30 10:53:22.377 -03:00 [INF] Executed endpoint 'HidroRec.Backend.Controllers.ReportesController.GetById (HidroRec.Backend)'
2026-03-30 10:53:22.377 -03:00 [INF] HTTP GET /api/reportes/44c08756-2179-49a1-b6f4-f9689fe9da66 responded 200 in 36.9369 ms
2026-03-30 10:53:22.377 -03:00 [INF] Request finished HTTP/1.1 GET http://localhost:8080/api/reportes/44c08756-2179-49a1-b6f4-f9689fe9da66 - 200 null application/json; charset=utf-8 37.6137ms
2026-03-30 10:58:14.770 -03:00 [INF] User profile is available. Using 'C:\Users\ACPGROUP\AppData\Local\ASP.NET\DataProtection-Keys' as key repository and Windows DPAPI to encrypt keys at rest.
2026-03-30 10:58:14.839 -03:00 [INF] Now listening on: http://localhost:8080
2026-03-30 10:58:14.843 -03:00 [INF] Application started. Press Ctrl+C to shut down.
2026-03-30 10:58:14.845 -03:00 [INF] Hosting environment: Development
2026-03-30 10:58:14.846 -03:00 [INF] Content root path: C:\Users\ACPGROUP\Desktop\HTML PURO\hidrorec\backend
2026-03-30 10:59:26.220 -03:00 [INF] Application is shutting down...
2026-03-30 11:00:43.352 -03:00 [INF] User profile is available. Using 'C:\Users\ACPGROUP\AppData\Local\ASP.NET\DataProtection-Keys' as key repository and Windows DPAPI to encrypt keys at rest.
2026-03-30 11:00:43.434 -03:00 [INF] Now listening on: http://localhost:8080
2026-03-30 11:00:43.437 -03:00 [INF] Application started. Press Ctrl+C to shut down.
2026-03-30 11:00:43.439 -03:00 [INF] Hosting environment: Development
2026-03-30 11:00:43.440 -03:00 [INF] Content root path: C:\Users\ACPGROUP\Desktop\HTML PURO\hidrorec\backend
2026-03-30 11:00:45.745 -03:00 [INF] Request starting HTTP/1.1 OPTIONS http://localhost:8080/api/reportes - null 0
2026-03-30 11:00:45.745 -03:00 [INF] Request starting HTTP/1.1 POST http://localhost:8080/api/reportes - application/json 290
2026-03-30 11:00:45.770 -03:00 [INF] CORS policy execution successful.
2026-03-30 11:00:45.770 -03:00 [INF] CORS policy execution successful.
2026-03-30 11:00:45.773 -03:00 [INF] HTTP OPTIONS /api/reportes responded 204 in 6.7376 ms
2026-03-30 11:00:45.777 -03:00 [INF] Request finished HTTP/1.1 OPTIONS http://localhost:8080/api/reportes - 204 null null 33.0228ms
2026-03-30 11:00:45.781 -03:00 [WRN] Failed to determine the https port for redirect.
2026-03-30 11:00:45.793 -03:00 [INF] Executing endpoint 'HidroRec.Backend.Controllers.ReportesController.Create (HidroRec.Backend)'
2026-03-30 11:00:45.806 -03:00 [INF] Route matched with {action = "Create", controller = "Reportes"}. Executing controller action with signature System.Threading.Tasks.Task`1[Microsoft.AspNetCore.Mvc.ActionResult`1[HidroRec.Backend.Application.DTOs.Common.ApiResponse`1[HidroRec.Backend.Application.DTOs.Reportes.ReporteDto]]] Create(HidroRec.Backend.Application.DTOs.Reportes.CreateReporteRequestDto, System.Threading.CancellationToken) on controller HidroRec.Backend.Controllers.ReportesController (HidroRec.Backend).
2026-03-30 11:00:45.935 -03:00 [INF] Executing BadRequestObjectResult, writing value of type 'Microsoft.AspNetCore.Mvc.ValidationProblemDetails'.
2026-03-30 11:00:45.961 -03:00 [INF] Executed action HidroRec.Backend.Controllers.ReportesController.Create (HidroRec.Backend) in 149.0333ms
2026-03-30 11:00:45.963 -03:00 [INF] Executed endpoint 'HidroRec.Backend.Controllers.ReportesController.Create (HidroRec.Backend)'
2026-03-30 11:00:45.965 -03:00 [INF] HTTP POST /api/reportes responded 400 in 199.6816 ms
2026-03-30 11:00:45.969 -03:00 [INF] Request finished HTTP/1.1 POST http://localhost:8080/api/reportes - 400 null application/problem+json; charset=utf-8 225.657ms
2026-03-30 11:01:00.619 -03:00 [INF] Request starting HTTP/1.1 OPTIONS http://localhost:8080/api/reportes - null null
2026-03-30 11:01:00.620 -03:00 [INF] Request starting HTTP/1.1 POST http://localhost:8080/api/reportes - application/json 2
2026-03-30 11:01:00.625 -03:00 [INF] CORS policy execution successful.
2026-03-30 11:01:00.635 -03:00 [INF] CORS policy execution successful.
2026-03-30 11:01:00.636 -03:00 [INF] HTTP OPTIONS /api/reportes responded 204 in 11.7520 ms
2026-03-30 11:01:00.639 -03:00 [INF] Executing endpoint 'HidroRec.Backend.Controllers.ReportesController.Create (HidroRec.Backend)'
2026-03-30 11:01:00.641 -03:00 [INF] Request finished HTTP/1.1 OPTIONS http://localhost:8080/api/reportes - 204 null null 22.0996ms
2026-03-30 11:01:00.650 -03:00 [INF] Route matched with {action = "Create", controller = "Reportes"}. Executing controller action with signature System.Threading.Tasks.Task`1[Microsoft.AspNetCore.Mvc.ActionResult`1[HidroRec.Backend.Application.DTOs.Common.ApiResponse`1[HidroRec.Backend.Application.DTOs.Reportes.ReporteDto]]] Create(HidroRec.Backend.Application.DTOs.Reportes.CreateReporteRequestDto, System.Threading.CancellationToken) on controller HidroRec.Backend.Controllers.ReportesController (HidroRec.Backend).
2026-03-30 11:01:00.664 -03:00 [INF] Executing BadRequestObjectResult, writing value of type 'Microsoft.AspNetCore.Mvc.ValidationProblemDetails'.
2026-03-30 11:01:00.674 -03:00 [INF] Executed action HidroRec.Backend.Controllers.ReportesController.Create (HidroRec.Backend) in 19.2462ms
2026-03-30 11:01:00.676 -03:00 [INF] Executed endpoint 'HidroRec.Backend.Controllers.ReportesController.Create (HidroRec.Backend)'
2026-03-30 11:01:00.684 -03:00 [INF] HTTP POST /api/reportes responded 400 in 49.2513 ms
2026-03-30 11:01:00.688 -03:00 [INF] Request finished HTTP/1.1 POST http://localhost:8080/api/reportes - 400 null application/problem+json; charset=utf-8 67.2941ms
2026-03-30 11:06:40.839 -03:00 [INF] User profile is available. Using 'C:\Users\ACPGROUP\AppData\Local\ASP.NET\DataProtection-Keys' as key repository and Windows DPAPI to encrypt keys at rest.
2026-03-30 11:06:40.956 -03:00 [INF] Now listening on: http://localhost:8080
2026-03-30 11:06:40.960 -03:00 [INF] Application started. Press Ctrl+C to shut down.
2026-03-30 11:06:40.962 -03:00 [INF] Hosting environment: Development
2026-03-30 11:06:40.962 -03:00 [INF] Content root path: C:\Users\ACPGROUP\Desktop\HTML PURO\hidrorec\backend
2026-03-30 11:07:16.797 -03:00 [INF] User profile is available. Using 'C:\Users\ACPGROUP\AppData\Local\ASP.NET\DataProtection-Keys' as key repository and Windows DPAPI to encrypt keys at rest.
2026-03-30 11:07:16.866 -03:00 [INF] Now listening on: http://localhost:8080
2026-03-30 11:07:16.869 -03:00 [INF] Application started. Press Ctrl+C to shut down.
2026-03-30 11:07:16.872 -03:00 [INF] Hosting environment: Development
2026-03-30 11:07:16.874 -03:00 [INF] Content root path: C:\Users\ACPGROUP\Desktop\HTML PURO\hidrorec\backend
2026-03-30 11:07:57.363 -03:00 [INF] User profile is available. Using 'C:\Users\ACPGROUP\AppData\Local\ASP.NET\DataProtection-Keys' as key repository and Windows DPAPI to encrypt keys at rest.
2026-03-30 11:07:57.424 -03:00 [INF] Now listening on: http://localhost:8080
2026-03-30 11:07:57.428 -03:00 [INF] Application started. Press Ctrl+C to shut down.
2026-03-30 11:07:57.430 -03:00 [INF] Hosting environment: Development
2026-03-30 11:07:57.431 -03:00 [INF] Content root path: C:\Users\ACPGROUP\Desktop\HTML PURO\hidrorec\backend
2026-03-30 11:07:57.777 -03:00 [INF] Request starting HTTP/1.1 GET http://localhost:8080/alertas.html - null null
2026-03-30 11:07:57.811 -03:00 [INF] Sending file. Request path: '/alertas.html'. Physical path: 'C:\Users\ACPGROUP\Desktop\HTML PURO\hidrorec\frontend\alertas.html'
2026-03-30 11:07:57.816 -03:00 [INF] HTTP GET /alertas.html responded 200 in 19.7656 ms
2026-03-30 11:07:57.820 -03:00 [INF] Request finished HTTP/1.1 GET http://localhost:8080/alertas.html - 200 2924 text/html 43.5712ms
2026-03-30 11:07:57.921 -03:00 [INF] Request starting HTTP/1.1 GET http://localhost:8080/previsoes.html - null null
2026-03-30 11:07:57.930 -03:00 [INF] Sending file. Request path: '/previsoes.html'. Physical path: 'C:\Users\ACPGROUP\Desktop\HTML PURO\hidrorec\frontend\previsoes.html'
2026-03-30 11:07:57.932 -03:00 [INF] HTTP GET /previsoes.html responded 200 in 5.9087 ms
2026-03-30 11:07:57.934 -03:00 [INF] Request finished HTTP/1.1 GET http://localhost:8080/previsoes.html - 200 2553 text/html 12.5911ms
2026-03-30 11:07:57.949 -03:00 [INF] Request starting HTTP/1.1 GET http://localhost:8080/admin.html - null null
2026-03-30 11:07:57.953 -03:00 [INF] Sending file. Request path: '/admin.html'. Physical path: 'C:\Users\ACPGROUP\Desktop\HTML PURO\hidrorec\frontend\admin.html'
2026-03-30 11:07:57.954 -03:00 [INF] HTTP GET /admin.html responded 200 in 2.6244 ms
2026-03-30 11:07:57.956 -03:00 [INF] Request finished HTTP/1.1 GET http://localhost:8080/admin.html - 200 5039 text/html 6.5848ms
2026-03-30 11:08:00.747 -03:00 [INF] Request starting HTTP/1.1 OPTIONS http://localhost:8080/api/reportes - null null
2026-03-30 11:08:00.755 -03:00 [INF] CORS policy execution successful.
2026-03-30 11:08:00.757 -03:00 [INF] HTTP OPTIONS /api/reportes responded 204 in 4.4914 ms
2026-03-30 11:08:00.761 -03:00 [INF] Request finished HTTP/1.1 OPTIONS http://localhost:8080/api/reportes - 204 null null 13.491ms
2026-03-30 11:08:00.778 -03:00 [INF] Request starting HTTP/1.1 POST http://localhost:8080/api/reportes - application/json 423
2026-03-30 11:08:00.782 -03:00 [INF] CORS policy execution successful.
2026-03-30 11:08:00.800 -03:00 [INF] Executing endpoint 'HidroRec.Backend.Controllers.ReportesController.Create (HidroRec.Backend)'
2026-03-30 11:08:00.814 -03:00 [INF] Route matched with {action = "Create", controller = "Reportes"}. Executing controller action with signature System.Threading.Tasks.Task`1[Microsoft.AspNetCore.Mvc.ActionResult`1[HidroRec.Backend.Application.DTOs.Common.ApiResponse`1[HidroRec.Backend.Application.DTOs.Reportes.ReporteDto]]] Create(HidroRec.Backend.Application.DTOs.Reportes.CreateReporteRequestDto, System.Threading.CancellationToken) on controller HidroRec.Backend.Controllers.ReportesController (HidroRec.Backend).
2026-03-30 11:08:01.445 -03:00 [INF] Reporte "8ea4c63a-01b2-43fa-9918-9567da45de70" criado com sucesso
2026-03-30 11:08:01.463 -03:00 [INF] Executing CreatedAtActionResult, writing value of type 'HidroRec.Backend.Application.DTOs.Common.ApiResponse`1[[HidroRec.Backend.Application.DTOs.Reportes.ReporteDto, HidroRec.Backend, Version=1.0.0.0, Culture=neutral, PublicKeyToken=null]]'.
2026-03-30 11:08:01.509 -03:00 [INF] Executed action HidroRec.Backend.Controllers.ReportesController.Create (HidroRec.Backend) in 689.0805ms
2026-03-30 11:08:01.514 -03:00 [INF] Executed endpoint 'HidroRec.Backend.Controllers.ReportesController.Create (HidroRec.Backend)'
2026-03-30 11:08:01.515 -03:00 [INF] HTTP POST /api/reportes responded 201 in 733.0088 ms
2026-03-30 11:08:01.522 -03:00 [INF] Request finished HTTP/1.1 POST http://localhost:8080/api/reportes - 201 null application/json; charset=utf-8 744.1478ms
2026-03-30 11:08:16.718 -03:00 [INF] Request starting HTTP/1.1 HEAD http://localhost:8080/css/previsoes.css - null null
2026-03-30 11:08:16.729 -03:00 [INF] HTTP HEAD /css/previsoes.css responded 200 in 0.3341 ms
2026-03-30 11:08:16.729 -03:00 [INF] Request starting HTTP/1.1 HEAD http://localhost:8080/css/admin.css - null null
2026-03-30 11:08:16.743 -03:00 [INF] Request finished HTTP/1.1 HEAD http://localhost:8080/css/previsoes.css - 200 360 text/css 25.312ms
2026-03-30 11:08:16.748 -03:00 [INF] Request starting HTTP/1.1 HEAD http://localhost:8080/admin.html - null null
2026-03-30 11:08:16.826 -03:00 [INF] Request starting HTTP/1.1 HEAD http://localhost:8080/previsoes.html - null null
2026-03-30 11:08:16.873 -03:00 [INF] HTTP HEAD /css/admin.css responded 200 in 0.2980 ms
2026-03-30 11:08:16.966 -03:00 [INF] HTTP HEAD /admin.html responded 200 in 0.3031 ms
2026-03-30 11:08:17.031 -03:00 [INF] HTTP HEAD /previsoes.html responded 200 in 0.2927 ms
2026-03-30 11:08:17.032 -03:00 [INF] Request finished HTTP/1.1 HEAD http://localhost:8080/css/admin.css - 200 598 text/css 302.5051ms
2026-03-30 11:08:17.033 -03:00 [INF] Request finished HTTP/1.1 HEAD http://localhost:8080/admin.html - 200 5039 text/html 284.6452ms
2026-03-30 11:08:17.081 -03:00 [INF] Request starting HTTP/1.1 HEAD http://localhost:8080/css/alertas.css - null null
2026-03-30 11:08:17.090 -03:00 [INF] Request finished HTTP/1.1 HEAD http://localhost:8080/previsoes.html - 200 2553 text/html 263.1644ms
2026-03-30 11:08:17.314 -03:00 [INF] HTTP HEAD /css/alertas.css responded 200 in 0.3142 ms
2026-03-30 11:08:17.315 -03:00 [INF] Request starting HTTP/1.1 HEAD http://localhost:8080/alertas.html - null null
2026-03-30 11:08:17.327 -03:00 [INF] Request finished HTTP/1.1 HEAD http://localhost:8080/css/alertas.css - 200 621 text/css 245.7975ms
2026-03-30 11:08:17.331 -03:00 [INF] HTTP HEAD /alertas.html responded 200 in 0.2762 ms
2026-03-30 11:08:17.440 -03:00 [INF] Request finished HTTP/1.1 HEAD http://localhost:8080/alertas.html - 200 2924 text/html 125.1199ms
